supermercado,nombre,nombre_limpio,precio,url,seccion
ahorramas,Calabacín,calabacin,1.39,https://www.ahorramas.com/frescos,frescos
ahorramas,Pechuga de pavo Frial asada,pechuga de pavo frial asada,19.89,https://www.ahorramas.com/frescos,frescos
ahorramas,Melón El Abuelo,melon el abuelo,1.59,https://www.ahorramas.com/frescos,frescos
ahorramas,Aguacate,aguacate,4.89,https://www.ahorramas.com/frescos,frescos
ahorramas,Gazpacho Alvalle 1l pack 2,gazpacho alvalle 1l pack 2,4.99,https://www.ahorramas.com/frescos,frescos
ahorramas,Filetes de añojo 1ªA,filetes de anojo 1aa,15.99,https://www.ahorramas.com/frescos,frescos
ahorramas,LOTE 1 kg de alas adobadas + 1 kg de longaniza de pollo + 1 kg contramuslos de pollo,lote 1 kg de alas adobadas + 1 kg de longaniza de pollo + 1 kg contramuslos de pollo,5.49,https://www.ahorramas.com/frescos,frescos
ahorramas,Dorada de ración pieza 400g aproximadamente,dorada de racion pieza 400g aproximadamente,4.99,https://www.ahorramas.com/frescos,frescos
ahorramas,LOTE 1kg de pechugas + 1kg de traseros de pollo,lote 1kg de pechugas + 1kg de traseros de pollo,4.99,https://www.ahorramas.com/frescos,frescos
ahorramas,Solomillo de cerdo,solomillo de cerdo,9.99,https://www.ahorramas.com/frescos,frescos
ahorramas,Gallo de ración,gallo de racion,5.99,https://www.ahorramas.com/frescos,frescos
ahorramas,Lote: 250gr Jamón cocido+250gr Pavo+250gr Queso barra,lote: 250gr jamon cocido+250gr pavo+250gr queso barra,11.99,https://www.ahorramas.com/frescos,frescos
ahorramas,Bonito en rodajas,bonito en rodajas,11.99,https://www.ahorramas.com/frescos,frescos
ahorramas,Lote:250gr Jamón curado+250gr Chorizo ibérico+250gr Queso,lote:250gr jamon curado+250gr chorizo iberico+250gr queso,19.33,https://www.ahorramas.com/frescos,frescos
ahorramas,Longaniza payés Pirineu media o entera pieza 450g aproximadamente,longaniza payes pirineu media o entera pieza 450g aproximadamente,16.50,https://www.ahorramas.com/frescos,frescos
ahorramas,LOTE 1 kg de panceta + 1 kg de longaniza + 1 kg de costilla adobada,lote 1 kg de panceta + 1 kg de longaniza + 1 kg de costilla adobada,7.99,https://www.ahorramas.com/frescos,frescos
ahorramas,Mortadella Bologna IGP Casa Modena,mortadella bologna igp casa modena,12.99,https://www.ahorramas.com/frescos,frescos
ahorramas,Lote_250gr Jamón curado+250gr Salchichón ibérico+250gr Queso,lote_250gr jamon curado+250gr salchichon iberico+250gr queso,19.33,https://www.ahorramas.com/frescos,frescos
ahorramas,Queso semicurado García Baquero,queso semicurado garcia baquero,14.99,https://www.ahorramas.com/frescos,frescos
ahorramas,Chorizo extra Alipende,chorizo extra alipende,6.99,https://www.ahorramas.com/frescos,frescos
ahorramas,Foie gras pato bloc Martiko,foie gras pato bloc martiko,60.00,https://www.ahorramas.com/frescos,frescos
ahorramas,Gazpacho Alvalle 1l pack 2,gazpacho alvalle 1l pack 2,4.99,https://www.ahorramas.com/frescos,frescos
ahorramas,Gazpacho Don Simón 1l,gazpacho don simon 1l,1.60,https://www.ahorramas.com/frescos,frescos
ahorramas,Queso rallado cinco quesos Alipende 200g,queso rallado cinco quesos alipende 200g,2.50,https://www.ahorramas.com/frescos,frescos
ahorramas,Gazpacho premium La Huerta Don Simón 1l,gazpacho premium la huerta don simon 1l,2.70,https://www.ahorramas.com/frescos,frescos
ahorramas,Gazpacho García Millán 1l,gazpacho garcia millan 1l,3.75,https://www.ahorramas.com/frescos,frescos
ahorramas,Mini burguer angus 10 uds,mini burguer angus 10 uds,5.49,https://www.ahorramas.com/frescos,frescos
ahorramas,Chistorra receta de Navarra Floristán 200g,chistorra receta de navarra floristan 200g,1.99,https://www.ahorramas.com/frescos,frescos
ahorramas,Jamón curado en medias lonchas Navidul pack 2 de 69g,jamon curado en medias lonchas navidul pack 2 de 69g,3.00,https://www.ahorramas.com/frescos,frescos
ahorramas,Salmorejo Don Simon 1l,salmorejo don simon 1l,2.20,https://www.ahorramas.com/frescos,frescos
ahorramas,Salmon marinado Eurosalmon 90g,salmon marinado eurosalmon 90g,3.65,https://www.ahorramas.com/frescos,frescos
ahorramas,Salmorejo premium La Huerta Don Simón 1l,salmorejo premium la huerta don simon 1l,3.00,https://www.ahorramas.com/frescos,frescos
ahorramas,Hamburguesa de pollo y pavo Aldelis pack 4 de 80g,hamburguesa de pollo y pavo aldelis pack 4 de 80g,2.60,https://www.ahorramas.com/frescos,frescos
ahorramas,Escalopín de lomo extratierno ElPozo 600g aproximadamente,escalopin de lomo extratierno elpozo 600g aproximadamente,5.99,https://www.ahorramas.com/frescos,frescos
ahorramas,Fiambre de sándwich en lonchas Alipende 300g,fiambre de sandwich en lonchas alipende 300g,1.75,https://www.ahorramas.com/frescos,frescos
ahorramas,Hamburguesa de pollo y espinacas Aldelis pack 4 de 78g,hamburguesa de pollo y espinacas aldelis pack 4 de 78g,2.99,https://www.ahorramas.com/frescos,frescos
ahorramas,Queso en porciones La Vaca Que Ríe 24 uds,queso en porciones la vaca que rie 24 uds,3.75,https://www.ahorramas.com/frescos,frescos
ahorramas,Queso en dados en salmuera Arla 200g,queso en dados en salmuera arla 200g,2.99,https://www.ahorramas.com/frescos,frescos
ahorramas,Queso oveja curado ahumado Albeniz 250 gr.,queso oveja curado ahumado albeniz 250 gr.,3.99,https://www.ahorramas.com/frescos,frescos
ahorramas,Fuet family ElPozo 2x170gr,fuet family elpozo 2x170gr,3.39,https://www.ahorramas.com/frescos,frescos
ahorramas,Queso crema de camembert para untar Président 125g,queso crema de camembert para untar president 125g,1.95,https://www.ahorramas.com/frescos,frescos
ahorramas,Chorizo en lonchas calidad extra España 200g,chorizo en lonchas calidad extra espana 200g,2.75,https://www.ahorramas.com/frescos,frescos
ahorramas,Ensalada gourmet Florette 175g,ensalada gourmet florette 175g,1.49,https://www.ahorramas.com/frescos,frescos
ahorramas,Mortadela Bologna Igp Casa Módena 100G,mortadela bologna igp casa modena 100g,1.75,https://www.ahorramas.com/frescos,frescos
ahorramas,Queso crema de queso azul Président 125g,queso crema de queso azul president 125g,1.95,https://www.ahorramas.com/frescos,frescos
ahorramas,Crema de jamón ibérico Iberitos 140g,crema de jamon iberico iberitos 140g,1.69,https://www.ahorramas.com/frescos,frescos
ahorramas,Crema de jamón york Iberitos 250g,crema de jamon york iberitos 250g,1.99,https://www.ahorramas.com/frescos,frescos
ahorramas,Ensalada primeros brotes rúcula Florette 100g,ensalada primeros brotes rucula florette 100g,2.29,https://www.ahorramas.com/frescos,frescos
ahorramas,Queso mezcla viejo intenso Albeniz 300 gr.,queso mezcla viejo intenso albeniz 300 gr.,3.99,https://www.ahorramas.com/frescos,frescos
ahorramas,Solomillo extratierno El Pozo 700gr aprox,solomillo extratierno el pozo 700gr aprox,7.73,https://www.ahorramas.com/frescos,frescos
ahorramas,Queso crema semicurado Président 125g,queso crema semicurado president 125g,1.95,https://www.ahorramas.com/frescos,frescos
ahorramas,Salchicha Wecken 300gr frankfurt,salchicha wecken 300gr frankfurt,2.99,https://www.ahorramas.com/frescos,frescos
ahorramas,Hamburguesa 99% carne de vacuno Casa de Vacas 2x150 gr.,hamburguesa 99% carne de vacuno casa de vacas 2x150 gr.,6.99,https://www.ahorramas.com/frescos,frescos
ahorramas,Pechuga de pavo en bloc Pavofrío 340g,pechuga de pavo en bloc pavofrio 340g,3.75,https://www.ahorramas.com/frescos,frescos
ahorramas,Salchichón en lonchas calidad extra España 200g,salchichon en lonchas calidad extra espana 200g,2.75,https://www.ahorramas.com/frescos,frescos
ahorramas,Queso crema brie trufa Président 105g,queso crema brie trufa president 105g,1.95,https://www.ahorramas.com/frescos,frescos
ahorramas,Queso crema de oveja Flor De Esgueva 125g,queso crema de oveja flor de esgueva 125g,1.95,https://www.ahorramas.com/frescos,frescos
ahorramas,Salchicha Wecken 300gr bratwurstwecken,salchicha wecken 300gr bratwurstwecken,2.99,https://www.ahorramas.com/frescos,frescos
ahorramas,Ensalada césar american style Florette 200g,ensalada cesar american style florette 200g,3.79,https://www.ahorramas.com/frescos,frescos
ahorramas,Queso tierno en lonchas light El Ventero 160g,queso tierno en lonchas light el ventero 160g,3.25,https://www.ahorramas.com/frescos,frescos
ahorramas,Paté Martiko 140 gr Surtidos,pate martiko 140 gr surtidos,3.39,https://www.ahorramas.com/frescos,frescos
ahorramas,Salmorejo Alvalle 1l,salmorejo alvalle 1l,3.39,https://www.ahorramas.com/frescos,frescos
ahorramas,Queso fresco suave Angulo tarrina 500g,queso fresco suave angulo tarrina 500g,3.49,https://www.ahorramas.com/frescos,frescos
ahorramas,Queso de oveja viejo Flor De Esgueva cuña 250g,queso de oveja viejo flor de esgueva cuna 250g,6.50,https://www.ahorramas.com/frescos,frescos
ahorramas,Tira de costilla adobada barbacoa Tello 800gr aproximadamente,tira de costilla adobada barbacoa tello 800gr aproximadamente,6.79,https://www.ahorramas.com/frescos,frescos
ahorramas,Maletín Jamón Cebo Ibérico Legado 15X50G,maletin jamon cebo iberico legado 15x50g,45.00,https://www.ahorramas.com/frescos,frescos
ahorramas,Pavo trufado finas lonchas Serrano 2 x 60g,pavo trufado finas lonchas serrano 2 x 60g,1.65,https://www.ahorramas.com/frescos,frescos
ahorramas,Maletín jamón cebo 50% ibérico Lasencia 840gr,maletin jamon cebo 50% iberico lasencia 840gr,49.00,https://www.ahorramas.com/frescos,frescos
ahorramas,Maletín paleta de cebo campo 50% ibérica Lasencia pack 12 de 70g,maletin paleta de cebo campo 50% iberica lasencia pack 12 de 70g,45.00,https://www.ahorramas.com/frescos,frescos
ahorramas,Salchicha Wecken 300gr bockwurst,salchicha wecken 300gr bockwurst,2.99,https://www.ahorramas.com/frescos,frescos
ahorramas,Palitos de mar reducidos en sal Pescanova 305g,palitos de mar reducidos en sal pescanova 305g,2.75,https://www.ahorramas.com/frescos,frescos
ahorramas,Queso en palitos La Vaca Que Ríe pack 4 uds,queso en palitos la vaca que rie pack 4 uds,1.99,https://www.ahorramas.com/frescos,frescos
ahorramas,Maletín Paleta Cebo Ibérico Legado 15X55G,maletin paleta cebo iberico legado 15x55g,45.00,https://www.ahorramas.com/frescos,frescos
ahorramas,Sandía baja en pepitas,sandia baja en pepitas,0.55,https://www.ahorramas.com/frescos,frescos
ahorramas,Pepino,pepino,1.59,https://www.ahorramas.com/frescos,frescos
ahorramas,"Plátano canario bolsa 1,2 kg aproximadamente","platano canario bolsa 1,2 kg aproximadamente",2.29,https://www.ahorramas.com/frescos,frescos
ahorramas,Tomate rojo rama,tomate rojo rama,2.19,https://www.ahorramas.com/frescos,frescos
ahorramas,Pimiento verde italiano,pimiento verde italiano,1.99,https://www.ahorramas.com/frescos,frescos
ahorramas,Pimiento rojo lamuyo,pimiento rojo lamuyo,2.69,https://www.ahorramas.com/frescos,frescos
ahorramas,Tomate pera,tomate pera,2.09,https://www.ahorramas.com/frescos,frescos
ahorramas,Patata,patata,1.99,https://www.ahorramas.com/frescos,frescos
ahorramas,LOTE 1 kg de pechugas + 1 kg de jamoncitos + 1 kg de contramuslos de pollo,lote 1 kg de pechugas + 1 kg de jamoncitos + 1 kg de contramuslos de pollo,6.32,https://www.ahorramas.com/frescos,frescos
ahorramas,Sandía Fashion (baja en pepitas),sandia fashion (baja en pepitas),1.19,https://www.ahorramas.com/frescos,frescos
ahorramas,Pechuga de pollo,pechuga de pollo,7.99,https://www.ahorramas.com/frescos,frescos
ahorramas,Melocotón amarillo,melocoton amarillo,2.95,https://www.ahorramas.com/frescos,frescos
ahorramas,Plátano canario Gabaceras,platano canario gabaceras,2.89,https://www.ahorramas.com/frescos,frescos
ahorramas,Banana,banana,1.39,https://www.ahorramas.com/frescos,frescos
ahorramas,Berenjena,berenjena,1.99,https://www.ahorramas.com/frescos,frescos
ahorramas,Limón,limon,3.69,https://www.ahorramas.com/frescos,frescos
ahorramas,Tomate ensalada,tomate ensalada,1.99,https://www.ahorramas.com/frescos,frescos
ahorramas,Paraguaya,paraguaya,2.95,https://www.ahorramas.com/frescos,frescos
ahorramas,Melón,melon,0.85,https://www.ahorramas.com/frescos,frescos
ahorramas,Nectarina,nectarina,2.89,https://www.ahorramas.com/frescos,frescos
ahorramas,Salmón por medios o enteros peso aproximado pieza 4kg,salmon por medios o enteros peso aproximado pieza 4kg,10.99,https://www.ahorramas.com/frescos,frescos
ahorramas,Lubina de ración pieza 400g aproximadamente,lubina de racion pieza 400g aproximadamente,5.50,https://www.ahorramas.com/frescos,frescos
ahorramas,Boquerones,boquerones,6.99,https://www.ahorramas.com/frescos,frescos
ahorramas,Ragout de añojo,ragout de anojo,13.99,https://www.ahorramas.com/frescos,frescos
ahorramas,Cebolla dulce,cebolla dulce,2.99,https://www.ahorramas.com/frescos,frescos
ahorramas,Manzana golden,manzana golden,2.49,https://www.ahorramas.com/frescos,frescos
ahorramas,Lacón de jamón Mrm,lacon de jamon mrm,13.49,https://www.ahorramas.com/frescos,frescos
ahorramas,Contramuslos de pollo,contramuslos de pollo,5.99,https://www.ahorramas.com/frescos,frescos
ahorramas,Cinta de lomo adobada cerdo duroc,cinta de lomo adobada cerdo duroc,8.99,https://www.ahorramas.com/frescos,frescos
ahorramas,Kiwi SunGold Zespri,kiwi sungold zespri,7.49,https://www.ahorramas.com/frescos,frescos
ahorramas,Piña premadurada,pina premadurada,1.99,https://www.ahorramas.com/frescos,frescos
ahorramas,Pera conferencia,pera conferencia,3.39,https://www.ahorramas.com/frescos,frescos
ahorramas,Alas de pollo frescas,alas de pollo frescas,4.99,https://www.ahorramas.com/frescos,frescos
ahorramas,Pollo limpio entero,pollo limpio entero,3.75,https://www.ahorramas.com/frescos,frescos
ahorramas,Merluza en filetes,merluza en filetes,15.99,https://www.ahorramas.com/frescos,frescos
ahorramas,Langostino cocido gordo,langostino cocido gordo,10.99,https://www.ahorramas.com/frescos,frescos
ahorramas,Melocotón rojo,melocoton rojo,3.99,https://www.ahorramas.com/frescos,frescos
ahorramas,Chuleta de aguja de cerdo duroc,chuleta de aguja de cerdo duroc,5.99,https://www.ahorramas.com/frescos,frescos
ahorramas,Pechuga de pavo Frial asada,pechuga de pavo frial asada,19.89,https://www.ahorramas.com/frescos,frescos
ahorramas,Jamón cocido extra Campofrío,jamon cocido extra campofrio,14.29,https://www.ahorramas.com/frescos,frescos
ahorramas,Melon Marymar,melon marymar,1.39,https://www.ahorramas.com/frescos,frescos
ahorramas,Kiwi Green Zespri,kiwi green zespri,5.49,https://www.ahorramas.com/frescos,frescos
ahorramas,Mango,mango,3.69,https://www.ahorramas.com/frescos,frescos
ahorramas,Repollo,repollo,1.69,https://www.ahorramas.com/frescos,frescos
ahorramas,Tomate azul,tomate azul,4.89,https://www.ahorramas.com/frescos,frescos
ahorramas,LOTE de pollo 1 kg pechugas + 1 kg de traseros + 1 kg de alas,lote de pollo 1 kg pechugas + 1 kg de traseros + 1 kg de alas,5.66,https://www.ahorramas.com/frescos,frescos
ahorramas,"Cinta de lomo de cerdo duroc adobada por media pieza de peso aprox 1,4kg","cinta de lomo de cerdo duroc adobada por media pieza de peso aprox 1,4kg",8.99,https://www.ahorramas.com/frescos,frescos
ahorramas,Manzana roja,manzana roja,2.69,https://www.ahorramas.com/frescos,frescos
ahorramas,Panceta de cerdo duroc,panceta de cerdo duroc,7.49,https://www.ahorramas.com/frescos,frescos
ahorramas,Traseros de pollo,traseros de pollo,3.99,https://www.ahorramas.com/frescos,frescos
ahorramas,Pera ercolina,pera ercolina,3.99,https://www.ahorramas.com/frescos,frescos
ahorramas,Chicharrón frito Frial,chicharron frito frial,11.49,https://www.ahorramas.com/frescos,frescos
ahorramas,Croquetas de pollo y jamón,croquetas de pollo y jamon,8.99,https://www.ahorramas.com/frescos,frescos
ahorramas,Naranja Fontestad,naranja fontestad,3.39,https://www.ahorramas.com/frescos,frescos
ahorramas,LOTE de Pollo: 1Kg de Contramuslos + 1Kg de Jamoncitos,lote de pollo: 1kg de contramuslos + 1kg de jamoncitos,5.49,https://www.ahorramas.com/frescos,frescos
ahorramas,Jamón raza duroc Batalle al corte,jamon raza duroc batalle al corte,40.00,https://www.ahorramas.com/frescos,frescos
ahorramas,Salmón en lomos,salmon en lomos,22.99,https://www.ahorramas.com/frescos,frescos
ahorramas,Potón del Pacífico en anillas,poton del pacifico en anillas,11.99,https://www.ahorramas.com/frescos,frescos
ahorramas,Albaricoque,albaricoque,4.69,https://www.ahorramas.com/frescos,frescos
ahorramas,Pechuga de pollo amarillo Pazo de Pías,pechuga de pollo amarillo pazo de pias,9.79,https://www.ahorramas.com/frescos,frescos
ahorramas,Lomo pez espada,lomo pez espada,16.99,https://www.ahorramas.com/frescos,frescos
ahorramas,Queso havarti Arla,queso havarti arla,16.50,https://www.ahorramas.com/frescos,frescos
ahorramas,Jamón de cebo 50% raza ibérico Legado ibérico al corte,jamon de cebo 50% raza iberico legado iberico al corte,68.00,https://www.ahorramas.com/frescos,frescos
ahorramas,Jamón cocido extra Alipende,jamon cocido extra alipende,9.90,https://www.ahorramas.com/frescos,frescos
ahorramas,Choped ham gourmet Tello,choped ham gourmet tello,9.99,https://www.ahorramas.com/frescos,frescos
ahorramas,Pimiento verde lamuyo,pimiento verde lamuyo,3.49,https://www.ahorramas.com/frescos,frescos
ahorramas,Batata,batata,3.49,https://www.ahorramas.com/frescos,frescos
ahorramas,Pechuga de pavo adobada,pechuga de pavo adobada,8.99,https://www.ahorramas.com/frescos,frescos
ahorramas,Magro de cerdo duroc en trozos especial guisos y estofados,magro de cerdo duroc en trozos especial guisos y estofados,6.99,https://www.ahorramas.com/frescos,frescos
ahorramas,Tournedo añojo 1ªA,tournedo anojo 1aa,19.99,https://www.ahorramas.com/frescos,frescos
ahorramas,LOTE 2kg de alas de pollo,lote 2kg de alas de pollo,4.99,https://www.ahorramas.com/frescos,frescos
ahorramas,Ragout de añojo selección,ragout de anojo seleccion,15.99,https://www.ahorramas.com/frescos,frescos
ahorramas,Morcillo de añojo,morcillo de anojo,15.99,https://www.ahorramas.com/frescos,frescos
ahorramas,Pavo Elpozo 1954 con trufa y boletus,pavo elpozo 1954 con trufa y boletus,14.95,https://www.ahorramas.com/frescos,frescos
ahorramas,Chuletas de cordero recental,chuletas de cordero recental,24.99,https://www.ahorramas.com/frescos,frescos
ahorramas,Melón Galia,melon galia,2.89,https://www.ahorramas.com/frescos,frescos
ahorramas,Gambón,gambon,11.99,https://www.ahorramas.com/frescos,frescos
ahorramas,Manzana Granny Smith,manzana granny smith,2.99,https://www.ahorramas.com/frescos,frescos
ahorramas,Queso barra Alipende,queso barra alipende,10.67,https://www.ahorramas.com/frescos,frescos
ahorramas,Secreto de cerdo duroc,secreto de cerdo duroc,9.99,https://www.ahorramas.com/frescos,frescos
ahorramas,Pechuga de pavo Campofrío braseado,pechuga de pavo campofrio braseado,15.49,https://www.ahorramas.com/frescos,frescos
ahorramas,Mortadela ibérica ElPozo,mortadela iberica elpozo,8.95,https://www.ahorramas.com/frescos,frescos
ahorramas,Tomate Cherokee,tomate cherokee,4.89,https://www.ahorramas.com/frescos,frescos
ahorramas,Gamba arrocera,gamba arrocera,16.99,https://www.ahorramas.com/frescos,frescos
ahorramas,Conejo,conejo,8.99,https://www.ahorramas.com/frescos,frescos
ahorramas,Bacalao en filetes,bacalao en filetes,16.99,https://www.ahorramas.com/frescos,frescos
ahorramas,Lomo embuchado de Teruel Monroyo,lomo embuchado de teruel monroyo,18.99,https://www.ahorramas.com/frescos,frescos
ahorramas,Pechuga de pavo,pechuga de pavo,8.99,https://www.ahorramas.com/frescos,frescos
ahorramas,Alas de pollo amarillo Pazo de Pías,alas de pollo amarillo pazo de pias,6.99,https://www.ahorramas.com/frescos,frescos
ahorramas,Jamón cocido Frial gran selección duroc,jamon cocido frial gran seleccion duroc,17.49,https://www.ahorramas.com/frescos,frescos
ahorramas,Salchichón extra Oliveras,salchichon extra oliveras,10.99,https://www.ahorramas.com/frescos,frescos
ahorramas,Sardinas parrochas,sardinas parrochas,4.99,https://www.ahorramas.com/frescos,frescos
ahorramas,Ciruela roja,ciruela roja,3.99,https://www.ahorramas.com/frescos,frescos
ahorramas,Chuletas de pavo al ajillo,chuletas de pavo al ajillo,7.99,https://www.ahorramas.com/frescos,frescos
ahorramas,Carrillada de cerdo,carrillada de cerdo,13.99,https://www.ahorramas.com/frescos,frescos
ahorramas,Bacon ahumado Alipende,bacon ahumado alipende,11.69,https://www.ahorramas.com/frescos,frescos
ahorramas,Chuleta de lomo cerdo duroc,chuleta de lomo cerdo duroc,7.99,https://www.ahorramas.com/frescos,frescos
ahorramas,Queso barra Larsa,queso barra larsa,11.95,https://www.ahorramas.com/frescos,frescos
ahorramas,Pechuga de pavo ElPozo sin grasa y reducida en sal,pechuga de pavo elpozo sin grasa y reducida en sal,14.95,https://www.ahorramas.com/frescos,frescos
ahorramas,Cinta de lomo fresca de cerdo duroc,cinta de lomo fresca de cerdo duroc,8.99,https://www.ahorramas.com/frescos,frescos
ahorramas,LOTE de Pollo: 1Kg de Pechugas + 1Kg de Alas,lote de pollo: 1kg de pechugas + 1kg de alas,6.49,https://www.ahorramas.com/frescos,frescos
ahorramas,Pavo con olivas 7 Hermanos,pavo con olivas 7 hermanos,8.50,https://www.ahorramas.com/frescos,frescos
ahorramas,Mejillón extra,mejillon extra,4.99,https://www.ahorramas.com/frescos,frescos
ahorramas,Tira de costilla de cerdo,tira de costilla de cerdo,10.99,https://www.ahorramas.com/frescos,frescos
ahorramas,Jamoncitos de pollo (Muslos de pollo),jamoncitos de pollo (muslos de pollo),4.99,https://www.ahorramas.com/frescos,frescos
ahorramas,Manzana reineta,manzana reineta,2.69,https://www.ahorramas.com/frescos,frescos
ahorramas,Salmón en filetes,salmon en filetes,21.99,https://www.ahorramas.com/frescos,frescos
ahorramas,Queso de cincho Angulo,queso de cincho angulo,12.29,https://www.ahorramas.com/frescos,frescos
ahorramas,Cinta de lomo de cerdo duroc al ajillo,cinta de lomo de cerdo duroc al ajillo,8.99,https://www.ahorramas.com/frescos,frescos
ahorramas,Merluza por medias o enteras peso aproximado pieza 4kg,merluza por medias o enteras peso aproximado pieza 4kg,15.99,https://www.ahorramas.com/frescos,frescos
ahorramas,LOTE 2 kg de pechugas de pollo,lote 2 kg de pechugas de pollo,7.99,https://www.ahorramas.com/frescos,frescos
ahorramas,Pimiento rojo italiano,pimiento rojo italiano,4.69,https://www.ahorramas.com/frescos,frescos
ahorramas,Queso de cabra Marcos Conde,queso de cabra marcos conde,16.99,https://www.ahorramas.com/frescos,frescos
ahorramas,Tomate cherry Sunstream,tomate cherry sunstream,13.96,https://www.ahorramas.com/frescos,frescos
ahorramas,Salchichón ibérico Florencio Gómez,salchichon iberico florencio gomez,20.99,https://www.ahorramas.com/frescos,frescos
ahorramas,Pechuga pavo reducida en sal Frial ahumada,pechuga pavo reducida en sal frial ahumada,20.79,https://www.ahorramas.com/frescos,frescos
ahorramas,Salmón en rodajas,salmon en rodajas,18.99,https://www.ahorramas.com/frescos,frescos
ahorramas,Filetes de añojo 1ªB,filetes de anojo 1ab,16.99,https://www.ahorramas.com/frescos,frescos
ahorramas,Melon Waikiki,melon waikiki,2.39,https://www.ahorramas.com/frescos,frescos
ahorramas,Entrañas de añojo,entranas de anojo,15.99,https://www.ahorramas.com/frescos,frescos
ahorramas,Merluza en rodajas,merluza en rodajas,24.99,https://www.ahorramas.com/frescos,frescos
ahorramas,Trucha Arcoíris,trucha arcoiris,9.99,https://www.ahorramas.com/frescos,frescos
ahorramas,Atún en lomos,atun en lomos,17.99,https://www.ahorramas.com/frescos,frescos
ahorramas,Queso fresco Angulo,queso fresco angulo,12.29,https://www.ahorramas.com/frescos,frescos
ahorramas,Jamón de cebo ibérico 50% raza ibérica al corte,jamon de cebo iberico 50% raza iberica al corte,58.00,https://www.ahorramas.com/frescos,frescos
ahorramas,Mortadela ahumada Mrm,mortadela ahumada mrm,8.49,https://www.ahorramas.com/frescos,frescos
ahorramas,LOTE 2 kg de traseros de pollo,lote 2 kg de traseros de pollo,3.99,https://www.ahorramas.com/frescos,frescos
ahorramas,Queso fresco cabra Frescoy,queso fresco cabra frescoy,17.99,https://www.ahorramas.com/frescos,frescos
ahorramas,Filete de jamón de cerdo duroc,filete de jamon de cerdo duroc,8.99,https://www.ahorramas.com/frescos,frescos
ahorramas,Cordero recental por cuartos,cordero recental por cuartos,15.99,https://www.ahorramas.com/frescos,frescos
ahorramas,Chuleta de ternera blanca,chuleta de ternera blanca,21.99,https://www.ahorramas.com/frescos,frescos
ahorramas,Ciruela amarilla,ciruela amarilla,4.29,https://www.ahorramas.com/frescos,frescos
ahorramas,Pechuga de pavo Pavofrío,pechuga de pavo pavofrio,15.25,https://www.ahorramas.com/frescos,frescos
ahorramas,Tomate cherry sao paulo,tomate cherry sao paulo,13.96,https://www.ahorramas.com/frescos,frescos
ahorramas,Pollo relleno La Carloteña,pollo relleno la carlotena,15.49,https://www.ahorramas.com/frescos,frescos
ahorramas,Chorizo ibérico cular Florencio Gómez,chorizo iberico cular florencio gomez,20.99,https://www.ahorramas.com/frescos,frescos
ahorramas,Chorizo de IGP Cantimpalo Jesús Palomo dulce peso aproximado pieza 150g,chorizo de igp cantimpalo jesus palomo dulce peso aproximado pieza 150g,12.50,https://www.ahorramas.com/frescos,frescos
ahorramas,Ventresca de atún aleta amarilla pieza 900g - 1kg,ventresca de atun aleta amarilla pieza 900g - 1kg,11.99,https://www.ahorramas.com/frescos,frescos
ahorramas,Pechuga de pollo al horno La Carloteña,pechuga de pollo al horno la carlotena,17.99,https://www.ahorramas.com/frescos,frescos
ahorramas,Sandía Orange Sunglow,sandia orange sunglow,2.39,https://www.ahorramas.com/frescos,frescos
ahorramas,Pomelo,pomelo,2.99,https://www.ahorramas.com/frescos,frescos
ahorramas,Lomo de añojo,lomo de anojo,24.99,https://www.ahorramas.com/frescos,frescos
ahorramas,Langostino crudo gordo,langostino crudo gordo,10.99,https://www.ahorramas.com/frescos,frescos
ahorramas,Calamar grande peso aproximado pieza 300g,calamar grande peso aproximado pieza 300g,14.99,https://www.ahorramas.com/frescos,frescos
ahorramas,Lote de pierna y paletilla de cordero lechal,lote de pierna y paletilla de cordero lechal,24.99,https://www.ahorramas.com/frescos,frescos
ahorramas,Almeja japonesa 500g,almeja japonesa 500g,13.99,https://www.ahorramas.com/frescos,frescos
ahorramas,"Costillar de cerdo duroc entero aprox 1,6kg","costillar de cerdo duroc entero aprox 1,6kg",8.99,https://www.ahorramas.com/frescos,frescos
ahorramas,Queso semicurado Camporeal,queso semicurado camporeal,16.99,https://www.ahorramas.com/frescos,frescos
ahorramas,Queso semicurado Alipende,queso semicurado alipende,11.95,https://www.ahorramas.com/frescos,frescos
ahorramas,Queso de oveja viejo Doña Encarnación,queso de oveja viejo dona encarnacion,22.99,https://www.ahorramas.com/frescos,frescos
ahorramas,Queso García Baquero La Cava Barus 4 Kg,queso garcia baquero la cava barus 4 kg,21.49,https://www.ahorramas.com/frescos,frescos
ahorramas,Queso de oveja curado Flor De Esgueva,queso de oveja curado flor de esgueva,26.55,https://www.ahorramas.com/frescos,frescos
ahorramas,Chorizo de IGP Cantimpalo Jesús Palomo picante peso aproximado pieza 150g,chorizo de igp cantimpalo jesus palomo picante peso aproximado pieza 150g,12.50,https://www.ahorramas.com/frescos,frescos
ahorramas,Queso de oveja tierno vega Sotuelamos,queso de oveja tierno vega sotuelamos,18.55,https://www.ahorramas.com/frescos,frescos
ahorramas,Chirla,chirla,13.99,https://www.ahorramas.com/frescos,frescos
ahorramas,Lomo de bellota 50% raza ibérica,lomo de bellota 50% raza iberica,55.00,https://www.ahorramas.com/frescos,frescos
ahorramas,"Cinta de lomo de cerdo duroc al ajillo por media pieza peso aproximado 1,4kg","cinta de lomo de cerdo duroc al ajillo por media pieza peso aproximado 1,4kg",8.99,https://www.ahorramas.com/frescos,frescos
ahorramas,Queso azul danés danablu Castello,queso azul danes danablu castello,14.99,https://www.ahorramas.com/frescos,frescos
ahorramas,Paleta de cebo de campo 50% raza ibérica Lasencia AL CORTE,paleta de cebo de campo 50% raza iberica lasencia al corte,50.00,https://www.ahorramas.com/frescos,frescos
ahorramas,Salmón ahumado,salmon ahumado,45.00,https://www.ahorramas.com/frescos,frescos
ahorramas,Guanciale papada curada Duroc Frial,guanciale papada curada duroc frial,16.99,https://www.ahorramas.com/frescos,frescos
ahorramas,Rotti de añojo,rotti de anojo,16.99,https://www.ahorramas.com/frescos,frescos
ahorramas,Chuletón de añojo,chuleton de anojo,22.99,https://www.ahorramas.com/frescos,frescos
ahorramas,Queso burrata Gianni Negrini 200g aprox,queso burrata gianni negrini 200g aprox,4.50,https://www.ahorramas.com/frescos,frescos
ahorramas,Entrecotte de vaca,entrecotte de vaca,26.99,https://www.ahorramas.com/frescos,frescos
ahorramas,Tomate rosa,tomate rosa,4.89,https://www.ahorramas.com/frescos,frescos
ahorramas,Traseros de pollo amarillo Pazo de Pías,traseros de pollo amarillo pazo de pias,5.49,https://www.ahorramas.com/frescos,frescos
ahorramas,Lomo de bellota 50% raza ibérica,lomo de bellota 50% raza iberica,55.00,https://www.ahorramas.com/frescos,frescos
ahorramas,"Cinta de lomo de cerdo duroc al ajillo por media pieza peso aproximado 1,4kg","cinta de lomo de cerdo duroc al ajillo por media pieza peso aproximado 1,4kg",8.99,https://www.ahorramas.com/frescos,frescos
ahorramas,Queso azul danés danablu Castello,queso azul danes danablu castello,14.99,https://www.ahorramas.com/frescos,frescos
ahorramas,Paleta de cebo de campo 50% raza ibérica Lasencia AL CORTE,paleta de cebo de campo 50% raza iberica lasencia al corte,50.00,https://www.ahorramas.com/frescos,frescos
ahorramas,Salmón ahumado,salmon ahumado,45.00,https://www.ahorramas.com/frescos,frescos
ahorramas,Guanciale papada curada Duroc Frial,guanciale papada curada duroc frial,16.99,https://www.ahorramas.com/frescos,frescos
ahorramas,Rotti de añojo,rotti de anojo,16.99,https://www.ahorramas.com/frescos,frescos
ahorramas,Chuletón de añojo,chuleton de anojo,22.99,https://www.ahorramas.com/frescos,frescos
ahorramas,Queso burrata Gianni Negrini 200g aprox,queso burrata gianni negrini 200g aprox,4.50,https://www.ahorramas.com/frescos,frescos
ahorramas,Entrecotte de vaca,entrecotte de vaca,26.99,https://www.ahorramas.com/frescos,frescos
ahorramas,Tomate rosa,tomate rosa,4.89,https://www.ahorramas.com/frescos,frescos
ahorramas,Traseros de pollo amarillo Pazo de Pías,traseros de pollo amarillo pazo de pias,5.49,https://www.ahorramas.com/frescos,frescos
ahorramas,Lomo de cerdo ibérico adobado,lomo de cerdo iberico adobado,23.40,https://www.ahorramas.com/frescos,frescos
ahorramas,Salmonetes,salmonetes,14.99,https://www.ahorramas.com/frescos,frescos
ahorramas,Chorizo de vela ibérico Florencio Gómez medio o entero pieza 600g aproximadamente,chorizo de vela iberico florencio gomez medio o entero pieza 600g aproximadamente,19.99,https://www.ahorramas.com/frescos,frescos
ahorramas,Rape hueso,rape hueso,14.99,https://www.ahorramas.com/frescos,frescos
ahorramas,Queso reserva García Baquero,queso reserva garcia baquero,22.60,https://www.ahorramas.com/frescos,frescos
ahorramas,Queso de oveja curado en aceite Doña Encarnación,queso de oveja curado en aceite dona encarnacion,22.99,https://www.ahorramas.com/frescos,frescos
ahorramas,Jamón cocido extra La Selva,jamon cocido extra la selva,16.99,https://www.ahorramas.com/frescos,frescos
ahorramas,Chorizo de león Ezequiel medio o entero pieza 400g aproximadamente,chorizo de leon ezequiel medio o entero pieza 400g aproximadamente,14.90,https://www.ahorramas.com/frescos,frescos
ahorramas,"Queso Canario Semicurado El Tofio 3,75k","queso canario semicurado el tofio 3,75k",23.99,https://www.ahorramas.com/frescos,frescos
ahorramas,Queso brie Président,queso brie president,18.25,https://www.ahorramas.com/frescos,frescos
ahorramas,Chorizo de León Ezequiel picante medio o entero pieza 400g aproximadamente,chorizo de leon ezequiel picante medio o entero pieza 400g aproximadamente,14.90,https://www.ahorramas.com/frescos,frescos
ahorramas,Centro de paleta cebo 50% Ibérico Juan Manuel al corte,centro de paleta cebo 50% iberico juan manuel al corte,54.00,https://www.ahorramas.com/frescos,frescos
ahorramas,Lomo de cebo 50% raza ibérica,lomo de cebo 50% raza iberica,43.00,https://www.ahorramas.com/frescos,frescos
ahorramas,Lubina superior 800g -1kg,lubina superior 800g -1kg,17.99,https://www.ahorramas.com/frescos,frescos
ahorramas,Sardina especial barbacoa y para asar,sardina especial barbacoa y para asar,6.99,https://www.ahorramas.com/frescos,frescos
ahorramas,Calamar patagónico,calamar patagonico,9.99,https://www.ahorramas.com/frescos,frescos
ahorramas,Tomate agatha,tomate agatha,4.89,https://www.ahorramas.com/frescos,frescos
ahorramas,Mendo,mendo,5.99,https://www.ahorramas.com/frescos,frescos
ahorramas,Bacaladilla,bacaladilla,7.99,https://www.ahorramas.com/frescos,frescos
ahorramas,Mejillón bolsa 1kg,mejillon bolsa 1kg,3.99,https://www.ahorramas.com/frescos,frescos
ahorramas,Picaña de añojo pieza,picana de anojo pieza,19.99,https://www.ahorramas.com/frescos,frescos
ahorramas,Rape con cabeza,rape con cabeza,12.99,https://www.ahorramas.com/frescos,frescos
ahorramas,Cinta de lomo de cerdo ibérico 50% raza ibérica,cinta de lomo de cerdo iberico 50% raza iberica,23.40,https://www.ahorramas.com/frescos,frescos
ahorramas,Sepia,sepia,14.99,https://www.ahorramas.com/frescos,frescos
ahorramas,Secreto de cerdo ibérico,secreto de cerdo iberico,27.99,https://www.ahorramas.com/frescos,frescos
ahorramas,Rotti de cerdo duroc para asar peso aproximado pieza 500g,rotti de cerdo duroc para asar peso aproximado pieza 500g,7.99,https://www.ahorramas.com/frescos,frescos
ahorramas,Mini fuet Salgot,mini fuet salgot,38.00,https://www.ahorramas.com/frescos,frescos
ahorramas,Pechuga de pavo cocida La Selva,pechuga de pavo cocida la selva,19.49,https://www.ahorramas.com/frescos,frescos
ahorramas,Jamón de bellota ibérico 50% raza ibérica al corte,jamon de bellota iberico 50% raza iberica al corte,109.00,https://www.ahorramas.com/frescos,frescos
ahorramas,Queso curado manteca De La Huz,queso curado manteca de la huz,22.99,https://www.ahorramas.com/frescos,frescos
ahorramas,Parmigiano Reggiano Michelangelo,parmigiano reggiano michelangelo,27.99,https://www.ahorramas.com/frescos,frescos
ahorramas,Queso rulo de cabra El Pastor,queso rulo de cabra el pastor,16.64,https://www.ahorramas.com/frescos,frescos
ahorramas,Membrillo natural Glady,membrillo natural glady,9.89,https://www.ahorramas.com/frescos,frescos
ahorramas,Chorizo de vela Revilla,chorizo de vela revilla,14.99,https://www.ahorramas.com/frescos,frescos
ahorramas,Salami extra il vecchio Sola,salami extra il vecchio sola,9.99,https://www.ahorramas.com/frescos,frescos
ahorramas,Cecina Ezequiel al corte,cecina ezequiel al corte,44.00,https://www.ahorramas.com/frescos,frescos
ahorramas,"Corvina origen Alicante 1,5kg aproximadamente","corvina origen alicante 1,5kg aproximadamente",10.99,https://www.ahorramas.com/frescos,frescos
ahorramas,LOTE 2 kg de traseros + 1 kg de alas de pollo,lote 2 kg de traseros + 1 kg de alas de pollo,4.32,https://www.ahorramas.com/frescos,frescos
ahorramas,Lombarda,lombarda,1.89,https://www.ahorramas.com/frescos,frescos
ahorramas,"Solomillo de añojo por pieza entre 2 - 2,4kg","solomillo de anojo por pieza entre 2 - 2,4kg",39.99,https://www.ahorramas.com/frescos,frescos
ahorramas,Pollo de corral entero,pollo de corral entero,6.99,https://www.ahorramas.com/frescos,frescos
ahorramas,LOTE 2kg de contramuslos de pollo,lote 2kg de contramuslos de pollo,5.99,https://www.ahorramas.com/frescos,frescos
ahorramas,Papayón,papayon,4.99,https://www.ahorramas.com/frescos,frescos
ahorramas,"Gallo para filetear 1,3kg - 1,5kg","gallo para filetear 1,3kg - 1,5kg",14.99,https://www.ahorramas.com/frescos,frescos
ahorramas,Merluza Americana,merluza americana,8.99,https://www.ahorramas.com/frescos,frescos
ahorramas,Berberecho gordo,berberecho gordo,13.99,https://www.ahorramas.com/frescos,frescos
ahorramas,Costilla de cerdo adoba Alipende,costilla de cerdo adoba alipende,9.99,https://www.ahorramas.com/frescos,frescos
ahorramas,Muslo de pavo,muslo de pavo,5.49,https://www.ahorramas.com/frescos,frescos
ahorramas,Pargo Rosado,pargo rosado,16.99,https://www.ahorramas.com/frescos,frescos
ahorramas,Pulpo cocido peso pieza 2k,pulpo cocido peso pieza 2k,36.99,https://www.ahorramas.com/frescos,frescos
ahorramas,Bígaro,bigaro,25.99,https://www.ahorramas.com/frescos,frescos
ahorramas,Chorizo pincho dulce Alipende,chorizo pincho dulce alipende,8.69,https://www.ahorramas.com/frescos,frescos
ahorramas,Queso curado en aceite Miguel Romero,queso curado en aceite miguel romero,26.99,https://www.ahorramas.com/frescos,frescos
ahorramas,Solomillo de cerdo ibérico,solomillo de cerdo iberico,24.99,https://www.ahorramas.com/frescos,frescos
ahorramas,Centro de jamón curado Sierra Blanca,centro de jamon curado sierra blanca,24.00,https://www.ahorramas.com/frescos,frescos
ahorramas,Lacón de pavo MRM,lacon de pavo mrm,16.49,https://www.ahorramas.com/frescos,frescos
ahorramas,Solomillo de añojo,solomillo de anojo,39.99,https://www.ahorramas.com/frescos,frescos
ahorramas,Jamón curado Terra Domine al corte,jamon curado terra domine al corte,44.00,https://www.ahorramas.com/frescos,frescos
ahorramas,Granada,granada,5.99,https://www.ahorramas.com/frescos,frescos
ahorramas,Paté de montaña artesanía Carlit,pate de montana artesania carlit,14.50,https://www.ahorramas.com/frescos,frescos
ahorramas,Lomo duroc La Hoguera,lomo duroc la hoguera,22.50,https://www.ahorramas.com/frescos,frescos
ahorramas,Salchichón de León Ezequiel medio o entero pieza 400g aproximadamente,salchichon de leon ezequiel medio o entero pieza 400g aproximadamente,14.90,https://www.ahorramas.com/frescos,frescos
ahorramas,Solomillo de añojo Miguel Vergara,solomillo de anojo miguel vergara,39.99,https://www.ahorramas.com/frescos,frescos
ahorramas,Jamón de cebo de campo ibérico 50% raza ibérica al corte,jamon de cebo de campo iberico 50% raza iberica al corte,68.00,https://www.ahorramas.com/frescos,frescos
ahorramas,Mousse de pato 100% Capdevila,mousse de pato 100% capdevila,18.99,https://www.ahorramas.com/frescos,frescos
ahorramas,Sobrasada de cerdo negro Caldera,sobrasada de cerdo negro caldera,22.00,https://www.ahorramas.com/frescos,frescos
ahorramas,Jamón cocido Ferrarini big storico,jamon cocido ferrarini big storico,25.00,https://www.ahorramas.com/frescos,frescos
ahorramas,Chorizo pincho picante Alipende,chorizo pincho picante alipende,8.69,https://www.ahorramas.com/frescos,frescos
ahorramas,LOTE 2kg de jamoncitos de pollo,lote 2kg de jamoncitos de pollo,4.99,https://www.ahorramas.com/frescos,frescos
ahorramas,Chorizo de Pamplona Goikoa,chorizo de pamplona goikoa,10.50,https://www.ahorramas.com/frescos,frescos
ahorramas,Somalla extra Sola media pieza o entera,somalla extra sola media pieza o entera,16.99,https://www.ahorramas.com/frescos,frescos
ahorramas,Salmonete de roca,salmonete de roca,13.99,https://www.ahorramas.com/frescos,frescos
ahorramas,Pollo amarillo limpio entero Pazo de Pias,pollo amarillo limpio entero pazo de pias,5.25,https://www.ahorramas.com/frescos,frescos
ahorramas,Chuletón de añojo Miguel Vergara,chuleton de anojo miguel vergara,22.99,https://www.ahorramas.com/frescos,frescos
ahorramas,Queso tronchón Montesinos,queso tronchon montesinos,14.99,https://www.ahorramas.com/frescos,frescos
ahorramas,Queso azul de Valdeón Picos de Europa,queso azul de valdeon picos de europa,23.00,https://www.ahorramas.com/frescos,frescos
ahorramas,Cordero lechal por medios,cordero lechal por medios,26.99,https://www.ahorramas.com/frescos,frescos
ahorramas,"Rodaballo 1,5-2kg","rodaballo 1,5-2kg",17.99,https://www.ahorramas.com/frescos,frescos
ahorramas,Gallineta en filetes de 100-200g aproximadamente,gallineta en filetes de 100-200g aproximadamente,12.99,https://www.ahorramas.com/frescos,frescos
ahorramas,Queso Mezcla Curado Castil Duero,queso mezcla curado castil duero,13.99,https://www.ahorramas.com/frescos,frescos
ahorramas,Alas Merluza Austral,alas merluza austral,8.99,https://www.ahorramas.com/frescos,frescos
ahorramas,Pescadilla de enroscar superior,pescadilla de enroscar superior,18.99,https://www.ahorramas.com/frescos,frescos
ahorramas,Pulpo crudo gordo 2-3kg,pulpo crudo gordo 2-3kg,19.99,https://www.ahorramas.com/frescos,frescos
ahorramas,Jamón gran reserva hembra Atienza pimentón peso aproximado PIEZA 8k,jamon gran reserva hembra atienza pimenton peso aproximado pieza 8k,99.00,https://www.ahorramas.com/frescos,frescos
ahorramas,Paleta de cebo de campo 50% raza ibérica Lasencia peso aproximado PIEZA 5k,paleta de cebo de campo 50% raza iberica lasencia peso aproximado pieza 5k,99.00,https://www.ahorramas.com/frescos,frescos
ahorramas,Congrio en rodajas,congrio en rodajas,11.99,https://www.ahorramas.com/frescos,frescos
ahorramas,Gambón crudro,gambon crudro,21.98,https://www.ahorramas.com/frescos,frescos
ahorramas,Camarón cocido 200g,camaron cocido 200g,9.99,https://www.ahorramas.com/frescos,frescos
ahorramas,Jamón de bellota ibérico 50% raza ibérica pieza 8k aprox,jamon de bellota iberico 50% raza iberica pieza 8k aprox,250.00,https://www.ahorramas.com/frescos,frescos
ahorramas,Jamón de cebo 50% raza ibérica pieza 8k aprox,jamon de cebo 50% raza iberica pieza 8k aprox,149.00,https://www.ahorramas.com/frescos,frescos
ahorramas,Queso La Cava Celes García Baquero,queso la cava celes garcia baquero,22.90,https://www.ahorramas.com/frescos,frescos
ahorramas,Queso de cabra Payoya Semicurado Ubrique,queso de cabra payoya semicurado ubrique,28.90,https://www.ahorramas.com/frescos,frescos
ahorramas,Bogavante americano pieza 350g - 400g,bogavante americano pieza 350g - 400g,18.99,https://www.ahorramas.com/frescos,frescos
ahorramas,Pechuga de pollo Frial asada media o entera pieza 600g aproximadamente,pechuga de pollo frial asada media o entera pieza 600g aproximadamente,17.49,https://www.ahorramas.com/frescos,frescos
ahorramas,Queso de oveja ahumado vega Sotuelamos,queso de oveja ahumado vega sotuelamos,19.25,https://www.ahorramas.com/frescos,frescos
ahorramas,Queso maasdam Royal Orange,queso maasdam royal orange,9.99,https://www.ahorramas.com/frescos,frescos
ahorramas,Alas de pollo adobadas,alas de pollo adobadas,5.99,https://www.ahorramas.com/frescos,frescos
ahorramas,LOTE 1kg pechugas de pollo + 1kg de muslos,lote 1kg pechugas de pollo + 1kg de muslos,6.49,https://www.ahorramas.com/frescos,frescos
ahorramas,Solomillo de salmón ahumado Skandia,solomillo de salmon ahumado skandia,55.00,https://www.ahorramas.com/frescos,frescos
ahorramas,Queso gorgonzola DOP Gran Riserva Leonardi,queso gorgonzola dop gran riserva leonardi,21.99,https://www.ahorramas.com/frescos,frescos
ahorramas,Carabinero gordo peso pieza aproximado pieza 100g,carabinero gordo peso pieza aproximado pieza 100g,125.00,https://www.ahorramas.com/frescos,frescos
ahorramas,Dorada superior 800g - 1kg,dorada superior 800g - 1kg,16.99,https://www.ahorramas.com/frescos,frescos
ahorramas,Cochinillo mediano por medios,cochinillo mediano por medios,19.99,https://www.ahorramas.com/frescos,frescos
ahorramas,Queso fresco Vega E Hijos,queso fresco vega e hijos,12.99,https://www.ahorramas.com/frescos,frescos
ahorramas,Burguer meat de Añojo Angus 150g x 4 unidades,burguer meat de anojo angus 150g x 4 unidades,9.20,https://www.ahorramas.com/frescos,frescos
ahorramas,LOTE 2 kg de muslos de pollo,lote 2 kg de muslos de pollo,4.99,https://www.ahorramas.com/frescos,frescos
ahorramas,Lenguado Rubio Gordo,lenguado rubio gordo,29.99,https://www.ahorramas.com/frescos,frescos
ahorramas,Carabinero mediano,carabinero mediano,89.99,https://www.ahorramas.com/frescos,frescos
ahorramas,"Jamón gran reserva raza duroc Batalle pieza 7,5 kg aprox","jamon gran reserva raza duroc batalle pieza 7,5 kg aprox",109.00,https://www.ahorramas.com/frescos,frescos
ahorramas,Bonito del norte en rodajas,bonito del norte en rodajas,15.99,https://www.ahorramas.com/frescos,frescos
ahorramas,Gamba cocida 120-140 piezas por kilo,gamba cocida 120-140 piezas por kilo,19.99,https://www.ahorramas.com/frescos,frescos
ahorramas,"Jamón curado Terra Domine pieza 7,8 k aprox","jamon curado terra domine pieza 7,8 k aprox",109.00,https://www.ahorramas.com/frescos,frescos
ahorramas,Calamar pequeño,calamar pequeno,9.99,https://www.ahorramas.com/frescos,frescos
ahorramas,Uva roja en racimos,uva roja en racimos,4.99,https://www.ahorramas.com/frescos,frescos
ahorramas,Queso de oveja curado Sotuelamos trufado,queso de oveja curado sotuelamos trufado,28.61,https://www.ahorramas.com/frescos,frescos
ahorramas,Coquina malla 500g,coquina malla 500g,12.99,https://www.ahorramas.com/frescos,frescos
ahorramas,Presa de cerdo ibérico,presa de cerdo iberico,29.99,https://www.ahorramas.com/frescos,frescos
ahorramas,Jamón cebo campo ibérico 50% raza ibérica pieza 8k aprox,jamon cebo campo iberico 50% raza iberica pieza 8k aprox,189.00,https://www.ahorramas.com/frescos,frescos
ahorramas,"Huevos de gallinas sueltas en el gallinero Alipende 12u ""clase l""","huevos de gallinas sueltas en el gallinero alipende 12u ""clase l""",2.80,https://www.ahorramas.com/frescos,frescos
ahorramas,Cebolla Buti 750g,cebolla buti 750g,1.69,https://www.ahorramas.com/frescos,frescos
ahorramas,Patata malla 5kg,patata malla 5kg,6.55,https://www.ahorramas.com/frescos,frescos
ahorramas,Queso mozzarella rallado Alipende 200g,queso mozzarella rallado alipende 200g,1.65,https://www.ahorramas.com/frescos,frescos
ahorramas,Zanahoria 500g,zanahoria 500g,0.79,https://www.ahorramas.com/frescos,frescos
ahorramas,Ajo morado 250g,ajo morado 250g,1.85,https://www.ahorramas.com/frescos,frescos
ahorramas,"Huevos de gallinas sueltas en el gallinero Alipende 24u ""clase m""","huevos de gallinas sueltas en el gallinero alipende 24u ""clase m""",4.75,https://www.ahorramas.com/frescos,frescos
ahorramas,Zanahoria 1kg,zanahoria 1kg,1.15,https://www.ahorramas.com/frescos,frescos
ahorramas,Burger meat mixta cerdo y vacuno ElPozo 800g,burger meat mixta cerdo y vacuno elpozo 800g,7.05,https://www.ahorramas.com/frescos,frescos
ahorramas,Aguacate bandeja 450g,aguacate bandeja 450g,1.98,https://www.ahorramas.com/frescos,frescos
ahorramas,Cebolleta blanca manojo 500g,cebolleta blanca manojo 500g,1.79,https://www.ahorramas.com/frescos,frescos
ahorramas,Uva blanca sin semilla bandeja 500g,uva blanca sin semilla bandeja 500g,1.89,https://www.ahorramas.com/frescos,frescos
ahorramas,Bacon ahumado Alipende 210g,bacon ahumado alipende 210g,2.30,https://www.ahorramas.com/frescos,frescos
ahorramas,Huevos camperos Alipende 12 unidades,huevos camperos alipende 12 unidades,3.22,https://www.ahorramas.com/frescos,frescos
ahorramas,"Medio melón partido El Abuelo 1,75 kg aproximadamente","medio melon partido el abuelo 1,75 kg aproximadamente",3.94,https://www.ahorramas.com/frescos,frescos
ahorramas,Limon malla 1kg,limon malla 1kg,2.95,https://www.ahorramas.com/frescos,frescos
ahorramas,Lechuga iceberg 450g,lechuga iceberg 450g,1.03,https://www.ahorramas.com/frescos,frescos
ahorramas,Cogollo bolsa 3uds,cogollo bolsa 3uds,1.05,https://www.ahorramas.com/frescos,frescos
ahorramas,Tomate rosa bandeja 400g,tomate rosa bandeja 400g,1.99,https://www.ahorramas.com/frescos,frescos
ahorramas,Burger meat de añojo angus 150g,burger meat de anojo angus 150g,2.45,https://www.ahorramas.com/frescos,frescos
ahorramas,"Cebolla malla 1,5kg","cebolla malla 1,5kg",2.64,https://www.ahorramas.com/frescos,frescos
ahorramas,Jamón cocido en lonchas Alipende pack 2x200gr,jamon cocido en lonchas alipende pack 2x200gr,3.19,https://www.ahorramas.com/frescos,frescos
ahorramas,Queso edam en lonchas Alipende 200g,queso edam en lonchas alipende 200g,1.60,https://www.ahorramas.com/frescos,frescos
ahorramas,Fresón bandeja 500g,freson bandeja 500g,3.59,https://www.ahorramas.com/frescos,frescos
ahorramas,Queso tierno en lonchas Alipende 200g,queso tierno en lonchas alipende 200g,1.88,https://www.ahorramas.com/frescos,frescos
ahorramas,Media sandía baja en pepitas 3kg aproximadamente,media sandia baja en pepitas 3kg aproximadamente,2.70,https://www.ahorramas.com/frescos,frescos
ahorramas,Brócoli 500g,brocoli 500g,1.39,https://www.ahorramas.com/frescos,frescos
ahorramas,Pimiento tricolor 500g,pimiento tricolor 500g,2.29,https://www.ahorramas.com/frescos,frescos
ahorramas,Jamón cocido duroc en lonchas edición 1954 ElPozo 150g,jamon cocido duroc en lonchas edicion 1954 elpozo 150g,2.00,https://www.ahorramas.com/frescos,frescos
ahorramas,Patata malla 3kg,patata malla 3kg,4.95,https://www.ahorramas.com/frescos,frescos
ahorramas,"Patata gourmet malla 2,5kg","patata gourmet malla 2,5kg",4.90,https://www.ahorramas.com/frescos,frescos
ahorramas,Queso fundido en lonchas Alipende 16 uds,queso fundido en lonchas alipende 16 uds,1.42,https://www.ahorramas.com/frescos,frescos
ahorramas,Bacon tiras sin lactosa 2x100g Elpozo Family,bacon tiras sin lactosa 2x100g elpozo family,1.84,https://www.ahorramas.com/frescos,frescos
ahorramas,Queso gouda en lonchas Alipende 200g,queso gouda en lonchas alipende 200g,1.73,https://www.ahorramas.com/frescos,frescos
ahorramas,Canónigos Alipende 90 gr,canonigos alipende 90 gr,0.94,https://www.ahorramas.com/frescos,frescos
ahorramas,Tomate cherry bandeja 500g,tomate cherry bandeja 500g,2.49,https://www.ahorramas.com/frescos,frescos
ahorramas,Taquitos de jamón curado mini especial cocina EL POZO 2 x 90 g,taquitos de jamon curado mini especial cocina el pozo 2 x 90 g,2.65,https://www.ahorramas.com/frescos,frescos
ahorramas,Salchichas tipo frankfurt Campofrío pack 4 uds,salchichas tipo frankfurt campofrio pack 4 uds,2.45,https://www.ahorramas.com/frescos,frescos
ahorramas,Puerro Bolsa 500g,puerro bolsa 500g,1.69,https://www.ahorramas.com/frescos,frescos
ahorramas,Preparado de carne picada de pollo 500g,preparado de carne picada de pollo 500g,3.95,https://www.ahorramas.com/frescos,frescos
ahorramas,"Huevos de gallinas sueltas en el gallinero Alipende 12u ""clase l-xl""","huevos de gallinas sueltas en el gallinero alipende 12u ""clase l-xl""",3.90,https://www.ahorramas.com/frescos,frescos
ahorramas,Cebolla roja malla 500g,cebolla roja malla 500g,1.59,https://www.ahorramas.com/frescos,frescos
ahorramas,Naranja de zumo malla 5kg,naranja de zumo malla 5kg,6.75,https://www.ahorramas.com/frescos,frescos
ahorramas,Queso rallado polvo Alipende 150g,queso rallado polvo alipende 150g,1.35,https://www.ahorramas.com/frescos,frescos
ahorramas,Judías verdes bolsa 750g,judias verdes bolsa 750g,3.45,https://www.ahorramas.com/frescos,frescos
ahorramas,Ensalada gourmet Alipende 175g,ensalada gourmet alipende 175g,1.06,https://www.ahorramas.com/frescos,frescos
ahorramas,"Huevos ecológicos Alipende 6u ""clase m-l""","huevos ecologicos alipende 6u ""clase m-l""",2.75,https://www.ahorramas.com/frescos,frescos
ahorramas,Kiwi SunGold Zespri bandeja 500g aproximadamente,kiwi sungold zespri bandeja 500g aproximadamente,3.25,https://www.ahorramas.com/frescos,frescos
ahorramas,"Huevos de gallinas sueltas en el gallinero Alipende 12u ""clase m""","huevos de gallinas sueltas en el gallinero alipende 12u ""clase m""",2.60,https://www.ahorramas.com/frescos,frescos
ahorramas,Pechuga de pavo Alipende pack 2 de 200g,pechuga de pavo alipende pack 2 de 200g,3.90,https://www.ahorramas.com/frescos,frescos
ahorramas,Melocotón amarillo bandeja 1kg,melocoton amarillo bandeja 1kg,2.49,https://www.ahorramas.com/frescos,frescos
ahorramas,Ciruela roja bandeja 1kg,ciruela roja bandeja 1kg,3.49,https://www.ahorramas.com/frescos,frescos
ahorramas,Manzana golden bolsa 1kg,manzana golden bolsa 1kg,1.99,https://www.ahorramas.com/frescos,frescos
ahorramas,Champiñón laminado bandeja 250g,champinon laminado bandeja 250g,1.79,https://www.ahorramas.com/frescos,frescos
ahorramas,Puerro bandeja 550g aproximadamente,puerro bandeja 550g aproximadamente,2.58,https://www.ahorramas.com/frescos,frescos
ahorramas,Tomate Kumato bandeja 500g,tomate kumato bandeja 500g,2.19,https://www.ahorramas.com/frescos,frescos
ahorramas,Queso de untar natural Alipende 250g,queso de untar natural alipende 250g,1.39,https://www.ahorramas.com/frescos,frescos
ahorramas,Gazpacho fresco García Millán 1l suave,gazpacho fresco garcia millan 1l suave,3.75,https://www.ahorramas.com/frescos,frescos
ahorramas,Queso blanco Alipende pack 4 uds,queso blanco alipende pack 4 uds,1.15,https://www.ahorramas.com/frescos,frescos
ahorramas,Jamón curado selección en lonchas ElPozo 80 gr,jamon curado seleccion en lonchas elpozo 80 gr,1.50,https://www.ahorramas.com/frescos,frescos
ahorramas,Burger meat vacuno ElPozo 800g,burger meat vacuno elpozo 800g,8.75,https://www.ahorramas.com/frescos,frescos
ahorramas,Salmón ahumado en tiras Eurosalmon 100g,salmon ahumado en tiras eurosalmon 100g,2.99,https://www.ahorramas.com/frescos,frescos
ahorramas,Tomate cherry kumato bandeja 250g,tomate cherry kumato bandeja 250g,2.29,https://www.ahorramas.com/frescos,frescos
ahorramas,Chorizo sarta calidad extra Alipende pieza 280g,chorizo sarta calidad extra alipende pieza 280g,2.49,https://www.ahorramas.com/frescos,frescos
ahorramas,Pera conferencia bandeja 1kg,pera conferencia bandeja 1kg,2.49,https://www.ahorramas.com/frescos,frescos
ahorramas,Fuet espetec Casa Tarradellas pieza 180g,fuet espetec casa tarradellas pieza 180g,2.49,https://www.ahorramas.com/frescos,frescos
ahorramas,Angulitos sin gluten Alipende 200g,angulitos sin gluten alipende 200g,1.79,https://www.ahorramas.com/frescos,frescos
ahorramas,Huevos camperos Pazo de Vilane 12 unidades,huevos camperos pazo de vilane 12 unidades,4.19,https://www.ahorramas.com/frescos,frescos
ahorramas,Perejil manojo 70g,perejil manojo 70g,0.89,https://www.ahorramas.com/frescos,frescos
ahorramas,Hilos de jamón curado Espuña pack 2 de 45g,hilos de jamon curado espuna pack 2 de 45g,1.75,https://www.ahorramas.com/frescos,frescos
ahorramas,Medias alas de pollo Alipende 650g aproximadamente,medias alas de pollo alipende 650g aproximadamente,3.38,https://www.ahorramas.com/frescos,frescos
ahorramas,Chuleta de sajonia Emcesa 400g aproximadamente,chuleta de sajonia emcesa 400g aproximadamente,3.95,https://www.ahorramas.com/frescos,frescos
ahorramas,Queso havarti light en lonchas Alipende 200g,queso havarti light en lonchas alipende 200g,2.49,https://www.ahorramas.com/frescos,frescos
ahorramas,Albaricoque bandeja 1kg,albaricoque bandeja 1kg,3.49,https://www.ahorramas.com/frescos,frescos
ahorramas,Champiñón cortado bandeja 250g,champinon cortado bandeja 250g,1.39,https://www.ahorramas.com/frescos,frescos
ahorramas,Queso mozzarella en lonchas Alipende 200g,queso mozzarella en lonchas alipende 200g,1.78,https://www.ahorramas.com/frescos,frescos
ahorramas,Pepino Almería 350g aproximadamente,pepino almeria 350g aproximadamente,0.99,https://www.ahorramas.com/frescos,frescos
ahorramas,Salchicha frankfurt Alipende 170g pack 4 uds,salchicha frankfurt alipende 170g pack 4 uds,1.90,https://www.ahorramas.com/frescos,frescos
ahorramas,Gazpacho fresco García Millán 330ml,gazpacho fresco garcia millan 330ml,1.55,https://www.ahorramas.com/frescos,frescos
ahorramas,Queso rallado emmental Alipende 150g,queso rallado emmental alipende 150g,1.31,https://www.ahorramas.com/frescos,frescos
ahorramas,Pechuga de pavo en lonchas Alipende 250g,pechuga de pavo en lonchas alipende 250g,2.65,https://www.ahorramas.com/frescos,frescos
ahorramas,Salchichas hot dog Oscar Mayer 275g 5 uds,salchichas hot dog oscar mayer 275g 5 uds,1.85,https://www.ahorramas.com/frescos,frescos
ahorramas,Espinaca bolsa Alipende 300g,espinaca bolsa alipende 300g,1.24,https://www.ahorramas.com/frescos,frescos
ahorramas,Requesón 0% materia grasa Margui 200g,requeson 0% materia grasa margui 200g,1.69,https://www.ahorramas.com/frescos,frescos
ahorramas,Chorizo de vela en lonchas Alipende pack 4 de 50g,chorizo de vela en lonchas alipende pack 4 de 50g,1.75,https://www.ahorramas.com/frescos,frescos
ahorramas,Queso mozzarella fresca La Fuente pieza 125g,queso mozzarella fresca la fuente pieza 125g,0.97,https://www.ahorramas.com/frescos,frescos
ahorramas,Paraguaya Bandeja 1K,paraguaya bandeja 1k,2.65,https://www.ahorramas.com/frescos,frescos
ahorramas,Uva roja sin semillas bandeja 500g,uva roja sin semillas bandeja 500g,1.89,https://www.ahorramas.com/frescos,frescos
ahorramas,Filete de pollo extrafino Alipende 500g aproximadamente,filete de pollo extrafino alipende 500g aproximadamente,4.10,https://www.ahorramas.com/frescos,frescos
ahorramas,Arándano bandeja 200g,arandano bandeja 200g,2.99,https://www.ahorramas.com/frescos,frescos
ahorramas,Queso havarti en lonchas Alipende 200g,queso havarti en lonchas alipende 200g,2.49,https://www.ahorramas.com/frescos,frescos
ahorramas,Jamón curado en lonchas Montaño pack 2 de 250g,jamon curado en lonchas montano pack 2 de 250g,9.69,https://www.ahorramas.com/frescos,frescos
ahorramas,Queso semicurado cuña Alipende 300g,queso semicurado cuna alipende 300g,3.01,https://www.ahorramas.com/frescos,frescos
ahorramas,Mortadela siciliana en lonchas Alipende 250g,mortadela siciliana en lonchas alipende 250g,1.25,https://www.ahorramas.com/frescos,frescos
ahorramas,Cebolla dulce malla 700g,cebolla dulce malla 700g,2.19,https://www.ahorramas.com/frescos,frescos
ahorramas,Cinta de lomo adobada de cerdo duroc Alipende 600g aproximadamente,cinta de lomo adobada de cerdo duroc alipende 600g aproximadamente,5.39,https://www.ahorramas.com/frescos,frescos
ahorramas,Nectarina bandeja 1Kg,nectarina bandeja 1kg,2.59,https://www.ahorramas.com/frescos,frescos
ahorramas,Jamón curado en lonchas Navidul 45 gr,jamon curado en lonchas navidul 45 gr,1.00,https://www.ahorramas.com/frescos,frescos
ahorramas,Naranja de mesa bolsa 3kg,naranja de mesa bolsa 3kg,5.25,https://www.ahorramas.com/frescos,frescos
ahorramas,Pimiento italiano mixto bolsa 500g,pimiento italiano mixto bolsa 500g,2.59,https://www.ahorramas.com/frescos,frescos
ahorramas,Queso rallado Grana Padano Zanetti 100 gr,queso rallado grana padano zanetti 100 gr,1.80,https://www.ahorramas.com/frescos,frescos
ahorramas,Ensalada brotes tiernos mezcla Alipende 100g,ensalada brotes tiernos mezcla alipende 100g,1.19,https://www.ahorramas.com/frescos,frescos
ahorramas,Queso semicurado ya cortado García Baquero cuña 225 g,queso semicurado ya cortado garcia baquero cuna 225 g,4.75,https://www.ahorramas.com/frescos,frescos
ahorramas,Pechuga de pavo 1954 ELPOZO 120 gr lonchas frescas finas sin gluten y sin lactosa,pechuga de pavo 1954 elpozo 120 gr lonchas frescas finas sin gluten y sin lactosa,2.00,https://www.ahorramas.com/frescos,frescos
ahorramas,Queso en tacos para ensaladas Alipende 200g,queso en tacos para ensaladas alipende 200g,1.87,https://www.ahorramas.com/frescos,frescos
ahorramas,Hamburguesa de pollo gourmet pack 4 de 80g,hamburguesa de pollo gourmet pack 4 de 80g,2.50,https://www.ahorramas.com/frescos,frescos
ahorramas,Fuet espetec Casa Tarradellas pack 2 uds de 180g,fuet espetec casa tarradellas pack 2 uds de 180g,4.97,https://www.ahorramas.com/frescos,frescos
ahorramas,Longaniza de pollo Granja Gourmet 400g aproximadamente,longaniza de pollo granja gourmet 400g aproximadamente,3.16,https://www.ahorramas.com/frescos,frescos
ahorramas,Pechuga de pavo en lonchas finas finissimas Campofrío 115g,pechuga de pavo en lonchas finas finissimas campofrio 115g,1.99,https://www.ahorramas.com/frescos,frescos
ahorramas,Palitos de surimi Alipende 300g,palitos de surimi alipende 300g,1.59,https://www.ahorramas.com/frescos,frescos
ahorramas,"Huevos camperos Alipende 6u ""clase l-xl""","huevos camperos alipende 6u ""clase l-xl""",2.50,https://www.ahorramas.com/frescos,frescos
ahorramas,Frambuesa 125g,frambuesa 125g,1.99,https://www.ahorramas.com/frescos,frescos
ahorramas,Queso fresco batido 0% materia grasa Margui 500g,queso fresco batido 0% materia grasa margui 500g,1.01,https://www.ahorramas.com/frescos,frescos
ahorramas,Chorizo de pamplona en lonchas Alipende pack 4 de 50g,chorizo de pamplona en lonchas alipende pack 4 de 50g,1.73,https://www.ahorramas.com/frescos,frescos
ahorramas,Salchicha frankfurt con queso Alipende 140g pack 4 uds,salchicha frankfurt con queso alipende 140g pack 4 uds,1.99,https://www.ahorramas.com/frescos,frescos
ahorramas,Burguer meat de angus Miguel Vergara pack 2 de 160g,burguer meat de angus miguel vergara pack 2 de 160g,5.99,https://www.ahorramas.com/frescos,frescos
ahorramas,Queso semicurado en lonchas Alipende 200g,queso semicurado en lonchas alipende 200g,2.34,https://www.ahorramas.com/frescos,frescos
ahorramas,Espárrago manojo 250g,esparrago manojo 250g,2.45,https://www.ahorramas.com/frescos,frescos
ahorramas,"Huevos de gallinas sueltas en el gallinero Alipende 6u ""clase l""","huevos de gallinas sueltas en el gallinero alipende 6u ""clase l""",1.50,https://www.ahorramas.com/frescos,frescos
ahorramas,Jamón cocido en lonchas calidad extra Alipende 250g,jamon cocido en lonchas calidad extra alipende 250g,2.15,https://www.ahorramas.com/frescos,frescos
ahorramas,Queso mozzarella en perlas Antonella 150 gr,queso mozzarella en perlas antonella 150 gr,1.95,https://www.ahorramas.com/frescos,frescos
ahorramas,Queso Feta Denominación De Origen Protegida Hotos 150G Pieza,queso feta denominacion de origen protegida hotos 150g pieza,2.40,https://www.ahorramas.com/frescos,frescos
ahorramas,Patata blanca guarnición 1kg,patata blanca guarnicion 1kg,1.89,https://www.ahorramas.com/frescos,frescos
ahorramas,Ajo malla 500g,ajo malla 500g,3.89,https://www.ahorramas.com/frescos,frescos
ahorramas,Claras de huevo Dovo 1kg,claras de huevo dovo 1kg,2.85,https://www.ahorramas.com/frescos,frescos
ahorramas,Coliflor bolsa 800g,coliflor bolsa 800g,1.99,https://www.ahorramas.com/frescos,frescos
ahorramas,Laurel Mari Paz 12g bay leaf,laurel mari paz 12g bay leaf,0.79,https://www.ahorramas.com/frescos,frescos
ahorramas,Taquitos de chorizo Revilla pack 2 de 75g,taquitos de chorizo revilla pack 2 de 75g,1.91,https://www.ahorramas.com/frescos,frescos
ahorramas,Queso fresco original Burgo De Arias pack 3 uds,queso fresco original burgo de arias pack 3 uds,3.30,https://www.ahorramas.com/frescos,frescos
ahorramas,Queso burrata Antonella 125 gr,queso burrata antonella 125 gr,2.30,https://www.ahorramas.com/frescos,frescos
ahorramas,Ensalada cuatro estaciones Alipende 250g,ensalada cuatro estaciones alipende 250g,0.86,https://www.ahorramas.com/frescos,frescos
ahorramas,Lechuga batavia 250gr,lechuga batavia 250gr,1.49,https://www.ahorramas.com/frescos,frescos
ahorramas,Boquerón aliñado ArteIñaki 70g,boqueron alinado arteinaki 70g,1.85,https://www.ahorramas.com/frescos,frescos
ahorramas,Cintas de bacon Casa Tarradellas pack 2 de 100g,cintas de bacon casa tarradellas pack 2 de 100g,2.10,https://www.ahorramas.com/frescos,frescos
ahorramas,Salmorejo fresco García Millán 1l,salmorejo fresco garcia millan 1l,3.85,https://www.ahorramas.com/frescos,frescos
ahorramas,Queso reserva ya cortado García Baquero 200g,queso reserva ya cortado garcia baquero 200g,5.29,https://www.ahorramas.com/frescos,frescos
ahorramas,Chuleta de pavo al ajillo Aldelis 450g aproximadamente,chuleta de pavo al ajillo aldelis 450g aproximadamente,3.44,https://www.ahorramas.com/frescos,frescos
ahorramas,Manzana Pink Lady bandeja 750g,manzana pink lady bandeja 750g,3.99,https://www.ahorramas.com/frescos,frescos
ahorramas,Chispas de pollo crujientes sin gluten Bonchef 400g aprox,chispas de pollo crujientes sin gluten bonchef 400g aprox,2.20,https://www.ahorramas.com/frescos,frescos
ahorramas,Manzana Ambrosia Bolsa 1k,manzana ambrosia bolsa 1k,2.79,https://www.ahorramas.com/frescos,frescos
ahorramas,Pechuguita pollo asada La Carloteña 100g,pechuguita pollo asada la carlotena 100g,2.08,https://www.ahorramas.com/frescos,frescos
ahorramas,Filete contra de pollo Alipende 525g aproximadamente,filete contra de pollo alipende 525g aproximadamente,3.41,https://www.ahorramas.com/frescos,frescos
ahorramas,Pechuga de pavo braseado Campofrío finissimas 115g,pechuga de pavo braseado campofrio finissimas 115g,1.99,https://www.ahorramas.com/frescos,frescos
ahorramas,Zanahoria manojo 700g,zanahoria manojo 700g,1.99,https://www.ahorramas.com/frescos,frescos
ahorramas,Pechuga de pollo entera Alipende 600g aproximadamente,pechuga de pollo entera alipende 600g aproximadamente,3.99,https://www.ahorramas.com/frescos,frescos
ahorramas,Lechuga iceberg Alipende 250g,lechuga iceberg alipende 250g,0.90,https://www.ahorramas.com/frescos,frescos
ahorramas,Anchoa en aceite de oliva Arteiñaki P3,anchoa en aceite de oliva arteinaki p3,2.80,https://www.ahorramas.com/frescos,frescos
ahorramas,Ensalada corazón de escarola Alipende 150g,ensalada corazon de escarola alipende 150g,1.24,https://www.ahorramas.com/frescos,frescos
ahorramas,Lacón Mrm 200gr en tapas calidad extra,lacon mrm 200gr en tapas calidad extra,3.99,https://www.ahorramas.com/frescos,frescos
ahorramas,Longaniza blanca Alipende 500g aproximadamente,longaniza blanca alipende 500g aproximadamente,4.50,https://www.ahorramas.com/frescos,frescos
ahorramas,Calabaza troceada al vacío 400g,calabaza troceada al vacio 400g,1.69,https://www.ahorramas.com/frescos,frescos
ahorramas,Jamón cocido en lonchas calidad extra Delizias Noel 110g,jamon cocido en lonchas calidad extra delizias noel 110g,2.39,https://www.ahorramas.com/frescos,frescos
ahorramas,Mortadela Alipende con aceitunas en lonchas 250g,mortadela alipende con aceitunas en lonchas 250g,1.25,https://www.ahorramas.com/frescos,frescos
ahorramas,Fuet espetec sin lactosa Alipende 170 gr,fuet espetec sin lactosa alipende 170 gr,1.95,https://www.ahorramas.com/frescos,frescos
ahorramas,Queso blanco Alipende pack 2 de 250g,queso blanco alipende pack 2 de 250g,2.05,https://www.ahorramas.com/frescos,frescos
ahorramas,Taquitos de jamón Navidul 100g,taquitos de jamon navidul 100g,2.00,https://www.ahorramas.com/frescos,frescos
ahorramas,Pincho de pollo adobado a la andaluza Aldelis 310g,pincho de pollo adobado a la andaluza aldelis 310g,3.96,https://www.ahorramas.com/frescos,frescos
ahorramas,Filete de pechuga de pavo AllNatural ElPozo 500g aproximadamente,filete de pechuga de pavo allnatural elpozo 500g aproximadamente,4.50,https://www.ahorramas.com/frescos,frescos
ahorramas,Corazón de lechuga bandeja 6uds,corazon de lechuga bandeja 6uds,2.59,https://www.ahorramas.com/frescos,frescos
ahorramas,Salchichón en lonchas Alipende pack 4 de 50g,salchichon en lonchas alipende pack 4 de 50g,1.71,https://www.ahorramas.com/frescos,frescos
ahorramas,Mango 2 unidades,mango 2 unidades,1.89,https://www.ahorramas.com/frescos,frescos
ahorramas,Queso viejo tostado Cerrato 300g,queso viejo tostado cerrato 300g,4.29,https://www.ahorramas.com/frescos,frescos
ahorramas,Lechuga Romana 1 unidad,lechuga romana 1 unidad,1.39,https://www.ahorramas.com/frescos,frescos
ahorramas,Acelga bolsa Alipende 300g,acelga bolsa alipende 300g,1.30,https://www.ahorramas.com/frescos,frescos
ahorramas,Jamón cocido corte extra fino La Selva 90g,jamon cocido corte extra fino la selva 90g,2.69,https://www.ahorramas.com/frescos,frescos
ahorramas,Pechuga de pavo cocida La Selva 90g,pechuga de pavo cocida la selva 90g,2.79,https://www.ahorramas.com/frescos,frescos
ahorramas,Jamón de pavo Alipende mini pieza 400g,jamon de pavo alipende mini pieza 400g,2.16,https://www.ahorramas.com/frescos,frescos
ahorramas,"Lomo embuchado Boadas 1880 4x31,25 gr","lomo embuchado boadas 1880 4x31,25 gr",2.30,https://www.ahorramas.com/frescos,frescos
ahorramas,Salchichas wieners classic Oscar Mayer 200g,salchichas wieners classic oscar mayer 200g,1.35,https://www.ahorramas.com/frescos,frescos
ahorramas,Queso blanco 0% materia grasa Alipende pack 4 uds,queso blanco 0% materia grasa alipende pack 4 uds,1.15,https://www.ahorramas.com/frescos,frescos
ahorramas,Pimiento mini dulce 200g,pimiento mini dulce 200g,1.49,https://www.ahorramas.com/frescos,frescos
ahorramas,Boquerón aliñado ArteIñaki 150g,boqueron alinado arteinaki 150g,3.50,https://www.ahorramas.com/frescos,frescos
ahorramas,Queso rulo de cabra El Pastor 140g,queso rulo de cabra el pastor 140g,2.43,https://www.ahorramas.com/frescos,frescos
ahorramas,Pechuga de pollo fileteada Bon Pollo 550g aproximadamente,pechuga de pollo fileteada bon pollo 550g aproximadamente,5.50,https://www.ahorramas.com/frescos,frescos
ahorramas,Albóndiga de pollo Aldelis 420g,albondiga de pollo aldelis 420g,3.99,https://www.ahorramas.com/frescos,frescos
ahorramas,Ensalada canónigos y rúcula Florette 100g,ensalada canonigos y rucula florette 100g,2.19,https://www.ahorramas.com/frescos,frescos
ahorramas,Kiwi bandeja 1kg,kiwi bandeja 1kg,4.19,https://www.ahorramas.com/frescos,frescos
ahorramas,"Medio melon partido primera 1,75kg aproximadamente","medio melon partido primera 1,75kg aproximadamente",2.10,https://www.ahorramas.com/frescos,frescos
ahorramas,Hamburguesa de ternera 1/2 libra Miguel Vergara 2 uds,hamburguesa de ternera 1/2 libra miguel vergara 2 uds,5.99,https://www.ahorramas.com/frescos,frescos
ahorramas,Huevos camperos La Quintería de Rujamar 12 unidades M-L,huevos camperos la quinteria de rujamar 12 unidades m-l,3.55,https://www.ahorramas.com/frescos,frescos
ahorramas,Queso de untar original Philadelphia 200g,queso de untar original philadelphia 200g,2.22,https://www.ahorramas.com/frescos,frescos
ahorramas,Queso de untar Light Philadelphia 350gr,queso de untar light philadelphia 350gr,3.69,https://www.ahorramas.com/frescos,frescos
ahorramas,Tomate agatha bandeja 400g,tomate agatha bandeja 400g,1.99,https://www.ahorramas.com/frescos,frescos
ahorramas,Maíz dulce 400gr,maiz dulce 400gr,1.99,https://www.ahorramas.com/frescos,frescos
ahorramas,Queso fresco tarrina Albe 250gr,queso fresco tarrina albe 250gr,1.66,https://www.ahorramas.com/frescos,frescos
ahorramas,Pechuga de pavo Delizias Noel 120g,pechuga de pavo delizias noel 120g,2.49,https://www.ahorramas.com/frescos,frescos
ahorramas,Jamón cocido en lonchas finas finissimas Campofrío 115g,jamon cocido en lonchas finas finissimas campofrio 115g,1.99,https://www.ahorramas.com/frescos,frescos
ahorramas,Costilla troceada de cerdo duroc All natural ElPozo 500g aproximadamente,costilla troceada de cerdo duroc all natural elpozo 500g aproximadamente,4.75,https://www.ahorramas.com/frescos,frescos
ahorramas,Barbacoa pincho Emcesa 380g,barbacoa pincho emcesa 380g,2.95,https://www.ahorramas.com/frescos,frescos
ahorramas,Lomo embuchado en lonchas España 200g,lomo embuchado en lonchas espana 200g,3.99,https://www.ahorramas.com/frescos,frescos
ahorramas,Endibia bandeja 400gr,endibia bandeja 400gr,1.99,https://www.ahorramas.com/frescos,frescos
ahorramas,Burger meat mixta cerdo y vacuno ElPozo 540g pack 6 uds,burger meat mixta cerdo y vacuno elpozo 540g pack 6 uds,4.80,https://www.ahorramas.com/frescos,frescos
ahorramas,Tomate cherry más crujientes y jugosos Manolito 250g,tomate cherry mas crujientes y jugosos manolito 250g,2.59,https://www.ahorramas.com/frescos,frescos
ahorramas,Salami en lonchas calidad extra Alipende pack 4 de 50g,salami en lonchas calidad extra alipende pack 4 de 50g,1.62,https://www.ahorramas.com/frescos,frescos
ahorramas,Mortadela calidad extra en lonchas Valle 150g,mortadela calidad extra en lonchas valle 150g,1.37,https://www.ahorramas.com/frescos,frescos
ahorramas,Kiwi verde Zespri bandeja 500g aproximadamente,kiwi verde zespri bandeja 500g aproximadamente,2.28,https://www.ahorramas.com/frescos,frescos
ahorramas,Tomate bandeja 1k,tomate bandeja 1k,2.19,https://www.ahorramas.com/frescos,frescos
ahorramas,Preparado para puré de verduras 800g aproximadamente,preparado para pure de verduras 800g aproximadamente,2.49,https://www.ahorramas.com/frescos,frescos
ahorramas,Zumo de naranja exprimido natural botella 1l,zumo de naranja exprimido natural botella 1l,4.85,https://www.ahorramas.com/frescos,frescos
ahorramas,Cilantro bolsa 20g,cilantro bolsa 20g,1.29,https://www.ahorramas.com/frescos,frescos
ahorramas,Carne para guisar de añojo All Natural ElPozo 600g aproximadamente,carne para guisar de anojo all natural elpozo 600g aproximadamente,10.19,https://www.ahorramas.com/frescos,frescos
ahorramas,Seta shitake 200g,seta shitake 200g,2.19,https://www.ahorramas.com/frescos,frescos
ahorramas,Piña natural en rodajas Freshkia 475g,pina natural en rodajas freshkia 475g,3.79,https://www.ahorramas.com/frescos,frescos
ahorramas,Boqueron anchoa matrimonio cantabri Iñaki 70g,boqueron anchoa matrimonio cantabri inaki 70g,2.55,https://www.ahorramas.com/frescos,frescos
ahorramas,Tomate cherry pera bandeja 250g Anita,tomate cherry pera bandeja 250g anita,2.29,https://www.ahorramas.com/frescos,frescos
ahorramas,Huevos de codorniz 18u,huevos de codorniz 18u,1.85,https://www.ahorramas.com/frescos,frescos
ahorramas,Tiras de pechuga de pollo asado La Pila 125g,tiras de pechuga de pollo asado la pila 125g,2.25,https://www.ahorramas.com/frescos,frescos
ahorramas,Filete anchoa en aceite de oliva bajo en sal Alipende 28g,filete anchoa en aceite de oliva bajo en sal alipende 28g,2.04,https://www.ahorramas.com/frescos,frescos
ahorramas,Salchichas wieners con queso Oscar Mayer 200g,salchichas wieners con queso oscar mayer 200g,1.35,https://www.ahorramas.com/frescos,frescos
ahorramas,Queso cheddar rojo en lonchas Lafuente 200g,queso cheddar rojo en lonchas lafuente 200g,2.10,https://www.ahorramas.com/frescos,frescos
ahorramas,Queso fresco batido 25g proteínas 0% materia grasa Margui 500g,queso fresco batido 25g proteinas 0% materia grasa margui 500g,1.41,https://www.ahorramas.com/frescos,frescos
ahorramas,Huevos ecológicos Alipende 6u clase l-xl,huevos ecologicos alipende 6u clase l-xl,3.35,https://www.ahorramas.com/frescos,frescos
ahorramas,Pechuga villaroy Calatayud 360g aproximadamente,pechuga villaroy calatayud 360g aproximadamente,3.60,https://www.ahorramas.com/frescos,frescos
ahorramas,Rallado para gratinar Lafuente 300g,rallado para gratinar lafuente 300g,2.03,https://www.ahorramas.com/frescos,frescos
ahorramas,Queso semicurado ya cortado Alipende cuña 250g,queso semicurado ya cortado alipende cuna 250g,3.21,https://www.ahorramas.com/frescos,frescos
ahorramas,Solomillo de pollo Bon Pollo 450g aproximadamente,solomillo de pollo bon pollo 450g aproximadamente,4.95,https://www.ahorramas.com/frescos,frescos
ahorramas,Jamón de cebo 50% raza ibérico Isidro Revilla 100 gr,jamon de cebo 50% raza iberico isidro revilla 100 gr,5.30,https://www.ahorramas.com/frescos,frescos
ahorramas,Queso de untar light Philadelphia 200g,queso de untar light philadelphia 200g,2.22,https://www.ahorramas.com/frescos,frescos
ahorramas,Lomo en lonchas Navidul 40g,lomo en lonchas navidul 40g,1.10,https://www.ahorramas.com/frescos,frescos
ahorramas,"Huevos de gallinas criadas con maíz sueltas en el gallinero Alipende 12u ""clase m-l""","huevos de gallinas criadas con maiz sueltas en el gallinero alipende 12u ""clase m-l""",3.00,https://www.ahorramas.com/frescos,frescos
ahorramas,Filete de pollo Alipende 600g aproximadamente,filete de pollo alipende 600g aproximadamente,4.80,https://www.ahorramas.com/frescos,frescos
ahorramas,Jamón cocido en lonchas calidad extra Alipende 180g,jamon cocido en lonchas calidad extra alipende 180g,1.84,https://www.ahorramas.com/frescos,frescos
ahorramas,Queso mezcla curado 300g,queso mezcla curado 300g,3.48,https://www.ahorramas.com/frescos,frescos
ahorramas,Jengibre bandeja 200g,jengibre bandeja 200g,1.79,https://www.ahorramas.com/frescos,frescos
ahorramas,Acelga manojo 750g,acelga manojo 750g,1.89,https://www.ahorramas.com/frescos,frescos
ahorramas,Setas bandeja 400g,setas bandeja 400g,2.59,https://www.ahorramas.com/frescos,frescos
ahorramas,Melocotón rojo bandeja 1Kg,melocoton rojo bandeja 1kg,3.49,https://www.ahorramas.com/frescos,frescos
ahorramas,Queso parmigiano reggiano Michelangelo 200g,queso parmigiano reggiano michelangelo 200g,7.25,https://www.ahorramas.com/frescos,frescos
ahorramas,Rallado para pasta Lafuente 300g,rallado para pasta lafuente 300g,2.29,https://www.ahorramas.com/frescos,frescos
ahorramas,Morcilla de arroz Tere 280g,morcilla de arroz tere 280g,1.99,https://www.ahorramas.com/frescos,frescos
ahorramas,Patas de pulpo Antonio & Ricardo 250g sin gluten,patas de pulpo antonio & ricardo 250g sin gluten,9.95,https://www.ahorramas.com/frescos,frescos
ahorramas,Champiñón portobello pie cortado bandeja 250g,champinon portobello pie cortado bandeja 250g,1.79,https://www.ahorramas.com/frescos,frescos
ahorramas,Ensalada mediterránea Alipende 250g,ensalada mediterranea alipende 250g,1.75,https://www.ahorramas.com/frescos,frescos
ahorramas,Chicharrones fritos en lonchas Alipende 150g,chicharrones fritos en lonchas alipende 150g,2.15,https://www.ahorramas.com/frescos,frescos
ahorramas,Queso de untar light Alipende 250g,queso de untar light alipende 250g,1.39,https://www.ahorramas.com/frescos,frescos
ahorramas,Lomo ibérico adobado fileteado Finura de Ibérico 350g aproximadamente,lomo iberico adobado fileteado finura de iberico 350g aproximadamente,10.15,https://www.ahorramas.com/frescos,frescos
ahorramas,Albóndigas de cerdo y vacuno Emcesa 480g,albondigas de cerdo y vacuno emcesa 480g,4.60,https://www.ahorramas.com/frescos,frescos
ahorramas,Rallado 4 quesos La Tapería 200 gr,rallado 4 quesos la taperia 200 gr,2.03,https://www.ahorramas.com/frescos,frescos
ahorramas,Queso Gouda lonchas Arla 150 gr,queso gouda lonchas arla 150 gr,3.09,https://www.ahorramas.com/frescos,frescos
ahorramas,Lima bandeja 250g,lima bandeja 250g,1.79,https://www.ahorramas.com/frescos,frescos
ahorramas,Filete fino de lomo de cerdo duroc All natural ElPozo 230g aproximadamente,filete fino de lomo de cerdo duroc all natural elpozo 230g aproximadamente,2.99,https://www.ahorramas.com/frescos,frescos
ahorramas,Queso Fundido En Lonchas El Caserío 14 Unidades,queso fundido en lonchas el caserio 14 unidades,2.65,https://www.ahorramas.com/frescos,frescos
ahorramas,Cebolleta dulce 400g,cebolleta dulce 400g,2.19,https://www.ahorramas.com/frescos,frescos
ahorramas,Salchichón ibérico Lasencia pack 2 de 50g,salchichon iberico lasencia pack 2 de 50g,2.09,https://www.ahorramas.com/frescos,frescos
ahorramas,Tiras de pechuga de pollo topping Serrano 140g,tiras de pechuga de pollo topping serrano 140g,2.25,https://www.ahorramas.com/frescos,frescos
ahorramas,Jamón cocido Campofrío 75gr,jamon cocido campofrio 75gr,1.00,https://www.ahorramas.com/frescos,frescos
ahorramas,Queso azul Reny Picot cuña 100g,queso azul reny picot cuna 100g,1.79,https://www.ahorramas.com/frescos,frescos
ahorramas,Queso fundido light en porciones Alipende 16 uds,queso fundido light en porciones alipende 16 uds,1.68,https://www.ahorramas.com/frescos,frescos
ahorramas,Sardina ahumada en aceite de oliva Arteiñaki 70g,sardina ahumada en aceite de oliva arteinaki 70g,2.20,https://www.ahorramas.com/frescos,frescos
ahorramas,Lonchas sándwich Lafuente 300g,lonchas sandwich lafuente 300g,2.03,https://www.ahorramas.com/frescos,frescos
ahorramas,Queso fundido en porciones Alipende 16 uds,queso fundido en porciones alipende 16 uds,1.68,https://www.ahorramas.com/frescos,frescos
ahorramas,Queso tierno Alipende cuña 300g,queso tierno alipende cuna 300g,2.75,https://www.ahorramas.com/frescos,frescos
ahorramas,Lechuga bolsa 2uds,lechuga bolsa 2uds,1.99,https://www.ahorramas.com/frescos,frescos
ahorramas,Filete de panceta de cerdo duroc All natural ElPozo 500g aproximadamente,filete de panceta de cerdo duroc all natural elpozo 500g aproximadamente,4.25,https://www.ahorramas.com/frescos,frescos
ahorramas,Magro de cerdo Alipende 220g,magro de cerdo alipende 220g,2.49,https://www.ahorramas.com/frescos,frescos
ahorramas,Ensalada César Alipende 215g,ensalada cesar alipende 215g,2.55,https://www.ahorramas.com/frescos,frescos
ahorramas,Patata para freír bolsa 2kg,patata para freir bolsa 2kg,3.90,https://www.ahorramas.com/frescos,frescos
ahorramas,Queso brie Président cuña 200g,queso brie president cuna 200g,3.99,https://www.ahorramas.com/frescos,frescos
ahorramas,Ciruela amarilla bandeja 1kg,ciruela amarilla bandeja 1kg,3.79,https://www.ahorramas.com/frescos,frescos
ahorramas,Chorizo sarta picante Alipende pieza 280g,chorizo sarta picante alipende pieza 280g,2.49,https://www.ahorramas.com/frescos,frescos
ahorramas,Floretes de brócoli 400g,floretes de brocoli 400g,2.49,https://www.ahorramas.com/frescos,frescos
ahorramas,Calabaza pieza 1kg,calabaza pieza 1kg,1.99,https://www.ahorramas.com/frescos,frescos
ahorramas,Bacon ahumado en lonchas Oscar Mayer 150g,bacon ahumado en lonchas oscar mayer 150g,2.29,https://www.ahorramas.com/frescos,frescos
ahorramas,"Media papaya 1,1kg aproximadamente","media papaya 1,1kg aproximadamente",5.89,https://www.ahorramas.com/frescos,frescos
ahorramas,Espárrago verde manojo 400g,esparrago verde manojo 400g,4.99,https://www.ahorramas.com/frescos,frescos
ahorramas,Salchicha wudy Aia 150gr con queso,salchicha wudy aia 150gr con queso,1.10,https://www.ahorramas.com/frescos,frescos
ahorramas,Pechuga de pollo Aldelis 2u al natural,pechuga de pollo aldelis 2u al natural,2.25,https://www.ahorramas.com/frescos,frescos
ahorramas,Jamón cebo Ibérico Canpipork 100 gr,jamon cebo iberico canpipork 100 gr,4.69,https://www.ahorramas.com/frescos,frescos
ahorramas,Salmorejo fresco García Millán 330ml,salmorejo fresco garcia millan 330ml,1.65,https://www.ahorramas.com/frescos,frescos
ahorramas,Salmón ahumado Norway Seafood,salmon ahumado norway seafood,3.80,https://www.ahorramas.com/frescos,frescos
ahorramas,Bacon ahumado Alipende taco 400g,bacon ahumado alipende taco 400g,4.00,https://www.ahorramas.com/frescos,frescos
ahorramas,Salchicha Big pavo ElPozo pack 3 x 200g,salchicha big pavo elpozo pack 3 x 200g,2.50,https://www.ahorramas.com/frescos,frescos
ahorramas,Tofu fresco Man Fong 450g,tofu fresco man fong 450g,3.10,https://www.ahorramas.com/frescos,frescos
ahorramas,Queso semicurado en lonchas García Baquero 200g,queso semicurado en lonchas garcia baquero 200g,3.89,https://www.ahorramas.com/frescos,frescos
ahorramas,Queso cheddar Tranchettes extra fundente 8 unidades,queso cheddar tranchettes extra fundente 8 unidades,2.15,https://www.ahorramas.com/frescos,frescos
ahorramas,Apio verde 150g,apio verde 150g,1.39,https://www.ahorramas.com/frescos,frescos
ahorramas,Chopped cocido en lonchas Alipende lata 250g,chopped cocido en lonchas alipende lata 250g,2.45,https://www.ahorramas.com/frescos,frescos
ahorramas,Salchichón de león Palcarsa 100g en lonchas calidad extra,salchichon de leon palcarsa 100g en lonchas calidad extra,1.80,https://www.ahorramas.com/frescos,frescos
ahorramas,Espetec extra Sola pack 2x150g,espetec extra sola pack 2x150g,3.99,https://www.ahorramas.com/frescos,frescos
ahorramas,Paté a la pimienta negra Cuit'S bloc 125g,pate a la pimienta negra cuit's bloc 125g,1.69,https://www.ahorramas.com/frescos,frescos
ahorramas,Queso mezcla tierno ya cortado Alipende cuña 250g,queso mezcla tierno ya cortado alipende cuna 250g,2.99,https://www.ahorramas.com/frescos,frescos
ahorramas,Mollejas de pollo Alipende 450g aproximadamente,mollejas de pollo alipende 450g aproximadamente,2.41,https://www.ahorramas.com/frescos,frescos
ahorramas,Ensalada bacon Alipende 215g,ensalada bacon alipende 215g,2.55,https://www.ahorramas.com/frescos,frescos
ahorramas,Fiambre de pechuga de pavo Campofrío 75gr,fiambre de pechuga de pavo campofrio 75gr,1.00,https://www.ahorramas.com/frescos,frescos
ahorramas,Sobrasada de mallorca Caldera 200g,sobrasada de mallorca caldera 200g,1.59,https://www.ahorramas.com/frescos,frescos
ahorramas,Queso rallado sin lactosa La Tapería 200g,queso rallado sin lactosa la taperia 200g,2.40,https://www.ahorramas.com/frescos,frescos
ahorramas,Paté con cebolla caramelizada Cuit'S bloc 125g,pate con cebolla caramelizada cuit's bloc 125g,1.69,https://www.ahorramas.com/frescos,frescos
ahorramas,Boniato para microondas Sweetpat 400g,boniato para microondas sweetpat 400g,1.99,https://www.ahorramas.com/frescos,frescos
ahorramas,"Patata Princesa Amandine 1,5kg","patata princesa amandine 1,5kg",2.97,https://www.ahorramas.com/frescos,frescos
ahorramas,Mix de setas especial para huevos 250g,mix de setas especial para huevos 250g,3.29,https://www.ahorramas.com/frescos,frescos
ahorramas,"Alas de pollo bandeja Alipende 1,25kg aprox","alas de pollo bandeja alipende 1,25kg aprox",5.56,https://www.ahorramas.com/frescos,frescos
ahorramas,Preparado para cocido Alipende 900g aproximadamente,preparado para cocido alipende 900g aproximadamente,8.09,https://www.ahorramas.com/frescos,frescos
ahorramas,Paté ibérico Alipende 160g,pate iberico alipende 160g,1.15,https://www.ahorramas.com/frescos,frescos
ahorramas,Preparado para puchero Alipende 450g aproximadamente,preparado para puchero alipende 450g aproximadamente,3.15,https://www.ahorramas.com/frescos,frescos
ahorramas,Gazpacho Alvalle suave 1l pack 2,gazpacho alvalle suave 1l pack 2,6.99,https://www.ahorramas.com/frescos,frescos
ahorramas,Paté finas hierbas Casa Tarradellas 125g,pate finas hierbas casa tarradellas 125g,1.32,https://www.ahorramas.com/frescos,frescos
ahorramas,Solomillo de pollo empanado ElPozo 425g aproximadamente,solomillo de pollo empanado elpozo 425g aproximadamente,4.46,https://www.ahorramas.com/frescos,frescos
ahorramas,Huevos camperos tamaño M-L Corral Monegros 6 unidades,huevos camperos tamano m-l corral monegros 6 unidades,2.35,https://www.ahorramas.com/frescos,frescos
ahorramas,Apio verde bolsa 500g,apio verde bolsa 500g,1.29,https://www.ahorramas.com/frescos,frescos
ahorramas,Chorizo ibérico Lasencia pack de 50g,chorizo iberico lasencia pack de 50g,2.09,https://www.ahorramas.com/frescos,frescos
ahorramas,Carne picada de cerdo para burger meat El Pozo 800g aprox,carne picada de cerdo para burger meat el pozo 800g aprox,4.99,https://www.ahorramas.com/frescos,frescos
ahorramas,Filete extrafino de pechuga de pavo AllNatural ElPozo 500g aproximadamente,filete extrafino de pechuga de pavo allnatural elpozo 500g aproximadamente,5.50,https://www.ahorramas.com/frescos,frescos
ahorramas,Delicias de pollo 750g aproximadamente,delicias de pollo 750g aproximadamente,4.87,https://www.ahorramas.com/frescos,frescos
ahorramas,Queso fresco de cabra Cortijo La Calzada 250g,queso fresco de cabra cortijo la calzada 250g,3.11,https://www.ahorramas.com/frescos,frescos
ahorramas,Costilla cerdo adobada especial guisos 1kg aproximadamente,costilla cerdo adobada especial guisos 1kg aproximadamente,6.99,https://www.ahorramas.com/frescos,frescos
ahorramas,Cereza bandeja 500g,cereza bandeja 500g,3.49,https://www.ahorramas.com/frescos,frescos
ahorramas,Gamba blanca cocida Octogamba 300g,gamba blanca cocida octogamba 300g,6.95,https://www.ahorramas.com/frescos,frescos
ahorramas,Alas de pollo adobadas Granja Gourmet 500g aproximadamente,alas de pollo adobadas granja gourmet 500g aproximadamente,2.80,https://www.ahorramas.com/frescos,frescos
ahorramas,Pincho de jamón de cerdo adobado Alipende 4 uds 300g aproximadamente,pincho de jamon de cerdo adobado alipende 4 uds 300g aproximadamente,3.60,https://www.ahorramas.com/frescos,frescos
ahorramas,Brochetas de pollo marinadas Naturavia 320g,brochetas de pollo marinadas naturavia 320g,3.13,https://www.ahorramas.com/frescos,frescos
ahorramas,Guancialeen tiras Ferrarini 100 gr,guancialeen tiras ferrarini 100 gr,2.39,https://www.ahorramas.com/frescos,frescos
ahorramas,Taquitos De Jamón Loriente 2X75G,taquitos de jamon loriente 2x75g,2.19,https://www.ahorramas.com/frescos,frescos
ahorramas,Ensalada maxi salad Alipende 300g,ensalada maxi salad alipende 300g,1.65,https://www.ahorramas.com/frescos,frescos
ahorramas,Paleta cebo de campo 50% ibérica Lasencia pack 2 de 50g,paleta cebo de campo 50% iberica lasencia pack 2 de 50g,6.09,https://www.ahorramas.com/frescos,frescos
ahorramas,Dados Jamón Cocido Serrano 150G Sin Gluten,dados jamon cocido serrano 150g sin gluten,1.79,https://www.ahorramas.com/frescos,frescos
ahorramas,Paté pimienta Casa Tarradellas 125g,pate pimienta casa tarradellas 125g,1.32,https://www.ahorramas.com/frescos,frescos
ahorramas,Setas bandeja 200g,setas bandeja 200g,1.69,https://www.ahorramas.com/frescos,frescos
ahorramas,Hamburguesa de pollo campero Coren 2x125gr,hamburguesa de pollo campero coren 2x125gr,3.79,https://www.ahorramas.com/frescos,frescos
ahorramas,Media gallina Alipende 500g aproximadamente,media gallina alipende 500g aproximadamente,2.58,https://www.ahorramas.com/frescos,frescos
ahorramas,Pechuga de pavo cocida en lonchas Alipende 180g,pechuga de pavo cocida en lonchas alipende 180g,1.99,https://www.ahorramas.com/frescos,frescos
ahorramas,Trucha ahumada Las Nieves 100g,trucha ahumada las nieves 100g,3.59,https://www.ahorramas.com/frescos,frescos
ahorramas,Jamón de cebo ibérico 50% raza IB. Supreme de placeres 80 gr,jamon de cebo iberico 50% raza ib. supreme de placeres 80 gr,4.39,https://www.ahorramas.com/frescos,frescos
ahorramas,Manzana ambrosia bandeja 800g aproximadamente,manzana ambrosia bandeja 800g aproximadamente,3.19,https://www.ahorramas.com/frescos,frescos
ahorramas,Patata roja bolsa 2kg,patata roja bolsa 2kg,3.78,https://www.ahorramas.com/frescos,frescos
ahorramas,"Zumo de naranja exprimido natural botella 0,5l","zumo de naranja exprimido natural botella 0,5l",3.15,https://www.ahorramas.com/frescos,frescos
ahorramas,Membrillo natural Santa Teresa 150g,membrillo natural santa teresa 150g,2.59,https://www.ahorramas.com/frescos,frescos
ahorramas,Queso en polvo especial pasta El Caserio 80g,queso en polvo especial pasta el caserio 80g,1.63,https://www.ahorramas.com/frescos,frescos
ahorramas,Chuleta de aguja de cerdo duroc All natural ElPozo 600g aproximadamente,chuleta de aguja de cerdo duroc all natural elpozo 600g aproximadamente,3.77,https://www.ahorramas.com/frescos,frescos
ahorramas,Lechuga romana Alipende 200g,lechuga romana alipende 200g,1.12,https://www.ahorramas.com/frescos,frescos
ahorramas,Contramuslo deshuesado de pollo BonPollo 800g Aproximadamente,contramuslo deshuesado de pollo bonpollo 800g aproximadamente,7.20,https://www.ahorramas.com/frescos,frescos
ahorramas,Lomo de orza Tello 125gr,lomo de orza tello 125gr,2.79,https://www.ahorramas.com/frescos,frescos
ahorramas,Gazpacho Alvalle 1l,gazpacho alvalle 1l,3.99,https://www.ahorramas.com/frescos,frescos
ahorramas,Morcilla de cebolla fina Emcesa 400g aproximadamente,morcilla de cebolla fina emcesa 400g aproximadamente,2.80,https://www.ahorramas.com/frescos,frescos
ahorramas,Rallado para pizza Lafuente 300g,rallado para pizza lafuente 300g,2.29,https://www.ahorramas.com/frescos,frescos
ahorramas,Burger meat crispy chicken american style ElPozo pack 2 de 120g,burger meat crispy chicken american style elpozo pack 2 de 120g,2.25,https://www.ahorramas.com/frescos,frescos
ahorramas,Jamoncitos de pollo (Muslos de pollo) Alipende 750g aproximadamente,jamoncitos de pollo (muslos de pollo) alipende 750g aproximadamente,3.74,https://www.ahorramas.com/frescos,frescos
ahorramas,Salchichas AIA Wudy 300 gr clásica,salchichas aia wudy 300 gr clasica,1.67,https://www.ahorramas.com/frescos,frescos
ahorramas,Bocaditos vegetariano Garden Gourmet 175g,bocaditos vegetariano garden gourmet 175g,3.29,https://www.ahorramas.com/frescos,frescos
ahorramas,Lechuga viva trocadero verde 1ud,lechuga viva trocadero verde 1ud,1.99,https://www.ahorramas.com/frescos,frescos
ahorramas,Huevos ecológicos M-L Rujamar 8 unidades,huevos ecologicos m-l rujamar 8 unidades,3.65,https://www.ahorramas.com/frescos,frescos
ahorramas,Solomillo de cerdo all natural ElPozo 500g aproximadamente,solomillo de cerdo all natural elpozo 500g aproximadamente,4.40,https://www.ahorramas.com/frescos,frescos
ahorramas,Media piña gold 900g aproximadamente,media pina gold 900g aproximadamente,2.12,https://www.ahorramas.com/frescos,frescos
ahorramas,Pechuga pavo finas lonchas reducido en sal ElPozo pack 2 de 200g,pechuga pavo finas lonchas reducido en sal elpozo pack 2 de 200g,4.05,https://www.ahorramas.com/frescos,frescos
ahorramas,Salchichón de pavo en lonchas Alipende pack 2 de 75g,salchichon de pavo en lonchas alipende pack 2 de 75g,2.80,https://www.ahorramas.com/frescos,frescos
ahorramas,Butifarra blanca Alipende 300g aproximadamente,butifarra blanca alipende 300g aproximadamente,2.40,https://www.ahorramas.com/frescos,frescos
ahorramas,Melón amarillo pieza 2kg,melon amarillo pieza 2kg,2.89,https://www.ahorramas.com/frescos,frescos
ahorramas,Chorizo calidad extra duroc en lonchas La Hoguera 100g,chorizo calidad extra duroc en lonchas la hoguera 100g,1.99,https://www.ahorramas.com/frescos,frescos
ahorramas,Primeros brotes gourmet Florette 100g,primeros brotes gourmet florette 100g,2.19,https://www.ahorramas.com/frescos,frescos
ahorramas,Queso emmental francés 250 gr,queso emmental frances 250 gr,2.33,https://www.ahorramas.com/frescos,frescos
ahorramas,Salmón porción Mowi bandeja,salmon porcion mowi bandeja,6.89,https://www.ahorramas.com/frescos,frescos
ahorramas,Cebolla francesa 500g,cebolla francesa 500g,1.99,https://www.ahorramas.com/frescos,frescos
ahorramas,Ensalada primeros brotes classics Florette 100g,ensalada primeros brotes classics florette 100g,2.19,https://www.ahorramas.com/frescos,frescos
ahorramas,Medallones de pollo adobados a las finas hierbas 500g aprox,medallones de pollo adobados a las finas hierbas 500g aprox,4.50,https://www.ahorramas.com/frescos,frescos
ahorramas,Chopped cocido en lata Serrano 185g,chopped cocido en lata serrano 185g,1.99,https://www.ahorramas.com/frescos,frescos
ahorramas,Anchoa del cantábrico en aceite de oliva Consorcio 50G,anchoa del cantabrico en aceite de oliva consorcio 50g,5.50,https://www.ahorramas.com/frescos,frescos
ahorramas,Patas de pollo Alipende 330g aproximadamente,patas de pollo alipende 330g aproximadamente,1.39,https://www.ahorramas.com/frescos,frescos
ahorramas,Medio conejo troceado Alipende 500g aproximadamente,medio conejo troceado alipende 500g aproximadamente,4.81,https://www.ahorramas.com/frescos,frescos
ahorramas,Hilos jamón curado de Bodega Arroyo 2 x 45 gr.,hilos jamon curado de bodega arroyo 2 x 45 gr.,1.75,https://www.ahorramas.com/frescos,frescos
ahorramas,Queso tierno de cabra Vega E Hijos pieza 450g,queso tierno de cabra vega e hijos pieza 450g,6.65,https://www.ahorramas.com/frescos,frescos
ahorramas,Solomillo de pavo extratierno marinado All Natural ElPozo 2 unidades peso aproximado 740 g,solomillo de pavo extratierno marinado all natural elpozo 2 unidades peso aproximado 740 g,6.44,https://www.ahorramas.com/frescos,frescos
ahorramas,Moras bandeja 125g,moras bandeja 125g,2.99,https://www.ahorramas.com/frescos,frescos
ahorramas,Chorizo pincho dulce Alipende 300g aproximadamente,chorizo pincho dulce alipende 300g aproximadamente,2.70,https://www.ahorramas.com/frescos,frescos
ahorramas,Queso semicurado Garcia Baquero cuña de 325g,queso semicurado garcia baquero cuna de 325g,5.69,https://www.ahorramas.com/frescos,frescos
ahorramas,Tomate cherry mixto 250g,tomate cherry mixto 250g,2.29,https://www.ahorramas.com/frescos,frescos
ahorramas,Pechuga de pavo adobada Serrano 330g,pechuga de pavo adobada serrano 330g,3.99,https://www.ahorramas.com/frescos,frescos
ahorramas,Surtido variado de verduras bandeja 600g aproximadamente,surtido variado de verduras bandeja 600g aproximadamente,1.99,https://www.ahorramas.com/frescos,frescos
ahorramas,Ensalada canónigos Florette 125g,ensalada canonigos florette 125g,2.29,https://www.ahorramas.com/frescos,frescos
ahorramas,La gula del norte 200g fresca,la gula del norte 200g fresca,5.99,https://www.ahorramas.com/frescos,frescos
ahorramas,Champiñón cortado bandeja 450g,champinon cortado bandeja 450g,2.59,https://www.ahorramas.com/frescos,frescos
ahorramas,Morcilla achorizada ibérica Carchelejo pieza 250g,morcilla achorizada iberica carchelejo pieza 250g,2.39,https://www.ahorramas.com/frescos,frescos
ahorramas,Queso burratina Antonella 2x50gr,queso burratina antonella 2x50gr,1.99,https://www.ahorramas.com/frescos,frescos
ahorramas,Patatas para micro Babypat 400g,patatas para micro babypat 400g,1.69,https://www.ahorramas.com/frescos,frescos
ahorramas,Ensalada Ztream pollo crispy Florette 210g,ensalada ztream pollo crispy florette 210g,3.99,https://www.ahorramas.com/frescos,frescos
ahorramas,Lacón asado en lonchas Tello 200g,lacon asado en lonchas tello 200g,2.35,https://www.ahorramas.com/frescos,frescos
ahorramas,Salpicón de marisco Angomar 180g,salpicon de marisco angomar 180g,3.50,https://www.ahorramas.com/frescos,frescos
ahorramas,Pechuga de pavo en lonchas reducido en sal ELPOZO 65g,pechuga de pavo en lonchas reducido en sal elpozo 65g,1.00,https://www.ahorramas.com/frescos,frescos
ahorramas,Jamón cocido extra en lonchas finas Bienstar ELPOZO 65g,jamon cocido extra en lonchas finas bienstar elpozo 65g,1.00,https://www.ahorramas.com/frescos,frescos
ahorramas,Pechuga pavo finas lonchas reducido en sal Alipende 200g,pechuga pavo finas lonchas reducido en sal alipende 200g,2.13,https://www.ahorramas.com/frescos,frescos
ahorramas,Mortadela de pavo ElPozo 225g,mortadela de pavo elpozo 225g,2.00,https://www.ahorramas.com/frescos,frescos
ahorramas,Queso provolone dulce Albiero 180g,queso provolone dulce albiero 180g,2.35,https://www.ahorramas.com/frescos,frescos
ahorramas,Chuletón i-bone de vaca madurada Montalbán 350g,chuleton i-bone de vaca madurada montalban 350g,8.99,https://www.ahorramas.com/frescos,frescos
ahorramas,Paté salmón Casa Tarradellas 125g,pate salmon casa tarradellas 125g,1.39,https://www.ahorramas.com/frescos,frescos
ahorramas,Jamón cocido braseado finissimas Campofrío 115g,jamon cocido braseado finissimas campofrio 115g,1.99,https://www.ahorramas.com/frescos,frescos
ahorramas,Lomo embuchado España pack de 30g,lomo embuchado espana pack de 30g,3.09,https://www.ahorramas.com/frescos,frescos
ahorramas,Mortadela ahumada MRM 200gr,mortadela ahumada mrm 200gr,2.39,https://www.ahorramas.com/frescos,frescos
ahorramas,Lomo bajo de añojo All Natural ElPozo 300g aproximadamente,lomo bajo de anojo all natural elpozo 300g aproximadamente,8.10,https://www.ahorramas.com/frescos,frescos
ahorramas,Ensalada primeros brotes de espinaca Florette 125g,ensalada primeros brotes de espinaca florette 125g,2.29,https://www.ahorramas.com/frescos,frescos
ahorramas,Jamón serrano gran reserva sin aditivos Loriente 100g,jamon serrano gran reserva sin aditivos loriente 100g,3.29,https://www.ahorramas.com/frescos,frescos
ahorramas,Secreto de cerdo duroc All natural ElPozo 500g aproximadamente,secreto de cerdo duroc all natural elpozo 500g aproximadamente,4.00,https://www.ahorramas.com/frescos,frescos
ahorramas,"Pechuga de pollo entera Alipende 1,5kg aproximadamente","pechuga de pollo entera alipende 1,5kg aproximadamente",9.30,https://www.ahorramas.com/frescos,frescos
ahorramas,Salchicha king upp ELPOZO 330gr maxi original,salchicha king upp elpozo 330gr maxi original,1.99,https://www.ahorramas.com/frescos,frescos
ahorramas,Lonchas veganas sabor queso Violife 200g,lonchas veganas sabor queso violife 200g,3.59,https://www.ahorramas.com/frescos,frescos
ahorramas,Queso mezcla curado ya cortado Alipende cuñas 250g,queso mezcla curado ya cortado alipende cunas 250g,3.60,https://www.ahorramas.com/frescos,frescos
ahorramas,Remolacha cocida y pelada 500g,remolacha cocida y pelada 500g,1.39,https://www.ahorramas.com/frescos,frescos
ahorramas,Codillo de jamón y paleta Paulino Martín 200g aproximadamente,codillo de jamon y paleta paulino martin 200g aproximadamente,0.78,https://www.ahorramas.com/frescos,frescos
ahorramas,Queso fresco Vega e Hijos 250g,queso fresco vega e hijos 250g,2.99,https://www.ahorramas.com/frescos,frescos
ahorramas,Palitos de zanahoria Florette 165g,palitos de zanahoria florette 165g,2.19,https://www.ahorramas.com/frescos,frescos
ahorramas,Queso fresco 0% materia grasa Burgo de Arias pack 3 uds,queso fresco 0% materia grasa burgo de arias pack 3 uds,3.30,https://www.ahorramas.com/frescos,frescos
ahorramas,Queso Mini Babybel 8 unidades,queso mini babybel 8 unidades,3.80,https://www.ahorramas.com/frescos,frescos
ahorramas,Paté tapa negra La Piara pack 2,pate tapa negra la piara pack 2,3.94,https://www.ahorramas.com/frescos,frescos
ahorramas,Pavo con trufa y boletus ElPozo 120g,pavo con trufa y boletus elpozo 120g,2.00,https://www.ahorramas.com/frescos,frescos
ahorramas,Queso sin lactosa en lonchas Lafuente 200g,queso sin lactosa en lonchas lafuente 200g,2.60,https://www.ahorramas.com/frescos,frescos
ahorramas,Tocino ibérico salado Lasencia 320g,tocino iberico salado lasencia 320g,2.19,https://www.ahorramas.com/frescos,frescos
ahorramas,Tira de costilla de cerdo natural Tello 750gr aproximadamente,tira de costilla de cerdo natural tello 750gr aproximadamente,5.94,https://www.ahorramas.com/frescos,frescos
ahorramas,Queso mezcla curado en lonchas Alipende 150g,queso mezcla curado en lonchas alipende 150g,2.54,https://www.ahorramas.com/frescos,frescos
ahorramas,Huevos cocidos camperos de Corral de Monegros 6 unid,huevos cocidos camperos de corral de monegros 6 unid,2.50,https://www.ahorramas.com/frescos,frescos
ahorramas,Fiambre pechuga de pollo Elpozo 80g,fiambre pechuga de pollo elpozo 80g,1.00,https://www.ahorramas.com/frescos,frescos
ahorramas,Pollo troceado para paella Alipende bandeja 900g aproximadamente,pollo troceado para paella alipende bandeja 900g aproximadamente,3.60,https://www.ahorramas.com/frescos,frescos
ahorramas,Surimi en barritas Krissia 300g,surimi en barritas krissia 300g,4.65,https://www.ahorramas.com/frescos,frescos
ahorramas,Chorizo de león Palcarsa 100g en lonchas,chorizo de leon palcarsa 100g en lonchas,1.80,https://www.ahorramas.com/frescos,frescos
ahorramas,Bacalao ahumado Eurosalmon 80g,bacalao ahumado eurosalmon 80g,3.69,https://www.ahorramas.com/frescos,frescos
ahorramas,Queso gorgonzola Igor pieza 200g,queso gorgonzola igor pieza 200g,2.65,https://www.ahorramas.com/frescos,frescos
ahorramas,Hierbabuena bolsa 20g,hierbabuena bolsa 20g,1.29,https://www.ahorramas.com/frescos,frescos
ahorramas,Queso fresco mascarpone Antonella 250gr,queso fresco mascarpone antonella 250gr,2.65,https://www.ahorramas.com/frescos,frescos
ahorramas,Ensalada 4 estaciones Florette 250g,ensalada 4 estaciones florette 250g,1.29,https://www.ahorramas.com/frescos,frescos
ahorramas,Queso gouda Royal Orange cuña 350g,queso gouda royal orange cuna 350g,2.96,https://www.ahorramas.com/frescos,frescos
ahorramas,Chorizo pincho picante Alipende 300g aproximadamente,chorizo pincho picante alipende 300g aproximadamente,2.70,https://www.ahorramas.com/frescos,frescos
ahorramas,Lechuga viva trocadero roja 1ud,lechuga viva trocadero roja 1ud,1.99,https://www.ahorramas.com/frescos,frescos
ahorramas,Queso tierno Castil Duero pieza 950g aproximadamente,queso tierno castil duero pieza 950g aproximadamente,8.33,https://www.ahorramas.com/frescos,frescos
ahorramas,Chorizo oreado Alipende 450g aproximadamente,chorizo oreado alipende 450g aproximadamente,3.60,https://www.ahorramas.com/frescos,frescos
ahorramas,Lechuga batavia Fresquia 1ud,lechuga batavia fresquia 1ud,1.99,https://www.ahorramas.com/frescos,frescos
ahorramas,Compango asturiano Famila 250g,compango asturiano famila 250g,2.60,https://www.ahorramas.com/frescos,frescos
ahorramas,Ajo y perejil picado Herbs Gourmet 100g,ajo y perejil picado herbs gourmet 100g,1.39,https://www.ahorramas.com/frescos,frescos
ahorramas,Vuna Garden Gourmet 175g,vuna garden gourmet 175g,5.50,https://www.ahorramas.com/frescos,frescos
ahorramas,Fuet imperial ElPozo 250 gr,fuet imperial elpozo 250 gr,2.95,https://www.ahorramas.com/frescos,frescos
ahorramas,FIlete de aguja de cerdo duroc All natural ElPozo 500g aproximadamente,filete de aguja de cerdo duroc all natural elpozo 500g aproximadamente,3.50,https://www.ahorramas.com/frescos,frescos
ahorramas,Traseros de pollo 650g aproximadamente,traseros de pollo 650g aproximadamente,2.15,https://www.ahorramas.com/frescos,frescos
ahorramas,Arándano bandeja 500g,arandano bandeja 500g,5.49,https://www.ahorramas.com/frescos,frescos
ahorramas,Pollo asado al horno La Carloteña 150g,pollo asado al horno la carlotena 150g,2.40,https://www.ahorramas.com/frescos,frescos
ahorramas,Queso Castello con piña 125g,queso castello con pina 125g,2.69,https://www.ahorramas.com/frescos,frescos
ahorramas,Media lombarda 700g aproximadamente,media lombarda 700g aproximadamente,1.53,https://www.ahorramas.com/frescos,frescos
ahorramas,Filete de añojo plancha All Natural ElPozo 350g aproximadamente,filete de anojo plancha all natural elpozo 350g aproximadamente,6.65,https://www.ahorramas.com/frescos,frescos
ahorramas,Paté atún Casa Tarradellas 125g,pate atun casa tarradellas 125g,1.39,https://www.ahorramas.com/frescos,frescos
ahorramas,Paté tapa negra La Piara 3x75g,pate tapa negra la piara 3x75g,3.94,https://www.ahorramas.com/frescos,frescos
ahorramas,Tomate cherokee bandeja 400g,tomate cherokee bandeja 400g,1.99,https://www.ahorramas.com/frescos,frescos
ahorramas,Cebolla dulce Freshnatur 1K,cebolla dulce freshnatur 1k,2.49,https://www.ahorramas.com/frescos,frescos
ahorramas,Filete de 1ª de ternera blanca premium 500g aproximadamente,filete de 1a de ternera blanca premium 500g aproximadamente,15.00,https://www.ahorramas.com/frescos,frescos
ahorramas,Callos de ternera preparados Rogusa 500g,callos de ternera preparados rogusa 500g,3.99,https://www.ahorramas.com/frescos,frescos
ahorramas,Hamburguesa de pollo y bacon queso King Upp 2x100g,hamburguesa de pollo y bacon queso king upp 2x100g,1.99,https://www.ahorramas.com/frescos,frescos
ahorramas,Higaditos de pollo 470g aproximadamente,higaditos de pollo 470g aproximadamente,1.87,https://www.ahorramas.com/frescos,frescos
ahorramas,Ensalada maxi brotes Alipende 150g,ensalada maxi brotes alipende 150g,1.99,https://www.ahorramas.com/frescos,frescos
ahorramas,Queso fresco Albe 1kg,queso fresco albe 1kg,5.00,https://www.ahorramas.com/frescos,frescos
ahorramas,Contramuslo de pollo Alipende 725g aproximadamente,contramuslo de pollo alipende 725g aproximadamente,3.05,https://www.ahorramas.com/frescos,frescos
ahorramas,Paté a las finas hierbas Alipende 160g,pate a las finas hierbas alipende 160g,1.10,https://www.ahorramas.com/frescos,frescos
ahorramas,Longaniza blanca fresca Emcesa 700g aproximadamente,longaniza blanca fresca emcesa 700g aproximadamente,4.54,https://www.ahorramas.com/frescos,frescos
ahorramas,Chorizo sarta extra 100% natural La Gloria Riojana 280g,chorizo sarta extra 100% natural la gloria riojana 280g,3.69,https://www.ahorramas.com/frescos,frescos
ahorramas,Hoja de espinaca Espinafre Florette 250g,hoja de espinaca espinafre florette 250g,1.79,https://www.ahorramas.com/frescos,frescos
ahorramas,Pavo 7 Hermanos 150g con olivas en lonchas,pavo 7 hermanos 150g con olivas en lonchas,1.55,https://www.ahorramas.com/frescos,frescos
ahorramas,Pechuga de pavo al pimentón Aldelís 500g aproximadamente,pechuga de pavo al pimenton aldelis 500g aproximadamente,4.50,https://www.ahorramas.com/frescos,frescos
ahorramas,Queso de untar original Philadelphia formato familiar 350g,queso de untar original philadelphia formato familiar 350g,3.69,https://www.ahorramas.com/frescos,frescos
ahorramas,Mejillón cocido Marvalmar 150g,mejillon cocido marvalmar 150g,2.45,https://www.ahorramas.com/frescos,frescos
ahorramas,Queso vaca tierno en cuña Castilduero 400 gr.,queso vaca tierno en cuna castilduero 400 gr.,3.19,https://www.ahorramas.com/frescos,frescos
ahorramas,Ensalada del huerto Alipende 400g,ensalada del huerto alipende 400g,2.18,https://www.ahorramas.com/frescos,frescos
ahorramas,Salmón Suprema Mowi bandeja,salmon suprema mowi bandeja,8.62,https://www.ahorramas.com/frescos,frescos
ahorramas,Ragout de pavo All Natural ElPozo 500g aproximadamente,ragout de pavo all natural elpozo 500g aproximadamente,4.15,https://www.ahorramas.com/frescos,frescos
ahorramas,Langostino cocido Gourmar 500g,langostino cocido gourmar 500g,5.40,https://www.ahorramas.com/frescos,frescos
ahorramas,Lomo de pavo adobado Serrano 330g,lomo de pavo adobado serrano 330g,3.75,https://www.ahorramas.com/frescos,frescos
ahorramas,Ajetes 100g,ajetes 100g,1.79,https://www.ahorramas.com/frescos,frescos
ahorramas,Verdura para microondas Florette 275g,verdura para microondas florette 275g,2.19,https://www.ahorramas.com/frescos,frescos
ahorramas,Jamón cocido finas lonchas Alipende 200g,jamon cocido finas lonchas alipende 200g,2.00,https://www.ahorramas.com/frescos,frescos
ahorramas,Ciruela claudia bandeja 400g,ciruela claudia bandeja 400g,2.69,https://www.ahorramas.com/frescos,frescos
ahorramas,"Melón matisse pieza 1,2kg","melon matisse pieza 1,2kg",2.89,https://www.ahorramas.com/frescos,frescos
ahorramas,Salchichas Michael Schara 340G El Arte Sano (4 Piezas),salchichas michael schara 340g el arte sano (4 piezas),4.25,https://www.ahorramas.com/frescos,frescos
ahorramas,Mano de cerdo all natural ElPozo 500g aproximadamente,mano de cerdo all natural elpozo 500g aproximadamente,3.55,https://www.ahorramas.com/frescos,frescos
ahorramas,Hamburguesa de cerdo ibéricopack 4 de 90g,hamburguesa de cerdo ibericopack 4 de 90g,3.99,https://www.ahorramas.com/frescos,frescos
ahorramas,Especial puchero con dos chorizos y una morcilla Maybe 250g,especial puchero con dos chorizos y una morcilla maybe 250g,2.19,https://www.ahorramas.com/frescos,frescos
ahorramas,Queso roquefort en cuña Société 100g,queso roquefort en cuna societe 100g,3.99,https://www.ahorramas.com/frescos,frescos
ahorramas,Pechuga de pavo al ajillo 450g aproximadamente,pechuga de pavo al ajillo 450g aproximadamente,4.46,https://www.ahorramas.com/frescos,frescos
ahorramas,Salchicha Hot Dog AIA 500 gr Pavo,salchicha hot dog aia 500 gr pavo,1.99,https://www.ahorramas.com/frescos,frescos
ahorramas,Mousse de foie de pato en medallones Aoste pack 2 de 100g,mousse de foie de pato en medallones aoste pack 2 de 100g,3.75,https://www.ahorramas.com/frescos,frescos
ahorramas,Jamón curado bodega Espuña 295 g aproximadamente,jamon curado bodega espuna 295 g aproximadamente,5.02,https://www.ahorramas.com/frescos,frescos
ahorramas,"Jamoncitos de pollo (Muslos de pollo) bandeja Alipende 1,5kg aprox","jamoncitos de pollo (muslos de pollo) bandeja alipende 1,5kg aprox",5.25,https://www.ahorramas.com/frescos,frescos
ahorramas,Colas de langostino al ajillo Aguinamar 105g,colas de langostino al ajillo aguinamar 105g,3.40,https://www.ahorramas.com/frescos,frescos
ahorramas,Ensalada pasta y rúcula con pollo y queso Florette 325g,ensalada pasta y rucula con pollo y queso florette 325g,3.79,https://www.ahorramas.com/frescos,frescos
ahorramas,"Zumo de naranja exprimido natural botella 0,25l","zumo de naranja exprimido natural botella 0,25l",1.95,https://www.ahorramas.com/frescos,frescos
ahorramas,Salchicha Campofrio 260g bratwurst,salchicha campofrio 260g bratwurst,2.49,https://www.ahorramas.com/frescos,frescos
ahorramas,Jamón curado en lonchas reducido en sal Navidul 45 gr,jamon curado en lonchas reducido en sal navidul 45 gr,1.00,https://www.ahorramas.com/frescos,frescos
ahorramas,Espetec en lonchas Pirineu 100g,espetec en lonchas pirineu 100g,1.99,https://www.ahorramas.com/frescos,frescos
ahorramas,Costilla de cerdo adobada Alipende 400g aproximadamente,costilla de cerdo adobada alipende 400g aproximadamente,4.80,https://www.ahorramas.com/frescos,frescos
ahorramas,Queso crema El Ventero 180gr,queso crema el ventero 180gr,1.99,https://www.ahorramas.com/frescos,frescos
ahorramas,Salchichón duroc en tapas La Hoguera 100g,salchichon duroc en tapas la hoguera 100g,1.99,https://www.ahorramas.com/frescos,frescos
ahorramas,Llonganissa pages en lonchas Pirineu 100g,llonganissa pages en lonchas pirineu 100g,1.99,https://www.ahorramas.com/frescos,frescos
ahorramas,Bimi 200g,bimi 200g,2.49,https://www.ahorramas.com/frescos,frescos
ahorramas,Quark protein Profeel Valio 175 gr vainilla y arandanos,quark protein profeel valio 175 gr vainilla y arandanos,1.45,https://www.ahorramas.com/frescos,frescos
ahorramas,Hamburguesa de cerdo y angus Noel 150g,hamburguesa de cerdo y angus noel 150g,2.99,https://www.ahorramas.com/frescos,frescos
ahorramas,Albahaca bolsa 20g,albahaca bolsa 20g,1.79,https://www.ahorramas.com/frescos,frescos
ahorramas,Pez Espada Rodaja Gourmar bandeja,pez espada rodaja gourmar bandeja,3.75,https://www.ahorramas.com/frescos,frescos
ahorramas,Queso Vaca que rie Natural Sin lactosa porciones pack 8 unidades,queso vaca que rie natural sin lactosa porciones pack 8 unidades,1.99,https://www.ahorramas.com/frescos,frescos
ahorramas,Croqueta de pollo y jamón Aldelis 380g,croqueta de pollo y jamon aldelis 380g,3.99,https://www.ahorramas.com/frescos,frescos
ahorramas,Jamón gran reserva duroc en lonchas Magno 90g,jamon gran reserva duroc en lonchas magno 90g,2.89,https://www.ahorramas.com/frescos,frescos
ahorramas,Panceta ibérica salada Lasencia 320g,panceta iberica salada lasencia 320g,2.88,https://www.ahorramas.com/frescos,frescos
ahorramas,Morcilla de de arroz de vaca Angus Miguel Vergara 280g,morcilla de de arroz de vaca angus miguel vergara 280g,1.99,https://www.ahorramas.com/frescos,frescos
ahorramas,Traseros de pollo Bon Pollo 850g aproximadamente,traseros de pollo bon pollo 850g aproximadamente,4.25,https://www.ahorramas.com/frescos,frescos
ahorramas,Caña de lomo cebo 50% Ibérico en lonchas Canpipork 100g,cana de lomo cebo 50% iberico en lonchas canpipork 100g,3.50,https://www.ahorramas.com/frescos,frescos
ahorramas,Queso fresco protein plus Burgo de Arias pack 3 uds de 70g,queso fresco protein plus burgo de arias pack 3 uds de 70g,2.49,https://www.ahorramas.com/frescos,frescos
ahorramas,Salchichas veganas frankfurt Better Balance 200g,salchichas veganas frankfurt better balance 200g,3.89,https://www.ahorramas.com/frescos,frescos
ahorramas,Carne para estofado de cerdo duroc All natural ElPozo 500g aproximadamente,carne para estofado de cerdo duroc all natural elpozo 500g aproximadamente,3.50,https://www.ahorramas.com/frescos,frescos
ahorramas,Pechuga pavo bajo en grasa lonchas finas ElPozo 115g,pechuga pavo bajo en grasa lonchas finas elpozo 115g,1.50,https://www.ahorramas.com/frescos,frescos
ahorramas,Minifuet Campofrío 50g,minifuet campofrio 50g,1.49,https://www.ahorramas.com/frescos,frescos
ahorramas,Cecina de león en lonchas Palcarsa 100g,cecina de leon en lonchas palcarsa 100g,3.80,https://www.ahorramas.com/frescos,frescos
ahorramas,Minifuet de pavo Campofrío 50g,minifuet de pavo campofrio 50g,1.49,https://www.ahorramas.com/frescos,frescos
ahorramas,Jamón de pavo en lonchas finas bajo en grasa ELPOZO 225gr family,jamon de pavo en lonchas finas bajo en grasa elpozo 225gr family,1.85,https://www.ahorramas.com/frescos,frescos
ahorramas,Salchichas tipo jumbo classic Oscar Mayer 350g pack 4 uds,salchichas tipo jumbo classic oscar mayer 350g pack 4 uds,2.55,https://www.ahorramas.com/frescos,frescos
ahorramas,Pate de hígado de cerdo con textura suave Alipende pack 3,pate de higado de cerdo con textura suave alipende pack 3,1.35,https://www.ahorramas.com/frescos,frescos
ahorramas,Fiambre de lomo adobado Alipende 300g aproximadamente,fiambre de lomo adobado alipende 300g aproximadamente,2.79,https://www.ahorramas.com/frescos,frescos
ahorramas,Paté Du Chef bloc 100 gr a la pimienta verde,pate du chef bloc 100 gr a la pimienta verde,1.25,https://www.ahorramas.com/frescos,frescos
ahorramas,Burger meat de vacuno Goiko 2 x 180g,burger meat de vacuno goiko 2 x 180g,8.99,https://www.ahorramas.com/frescos,frescos
ahorramas,Filetes de pechuga de pollo extratiernos Golden Gourmet 500g aprox,filetes de pechuga de pollo extratiernos golden gourmet 500g aprox,4.25,https://www.ahorramas.com/frescos,frescos
ahorramas,Anchoa en aceite de oliva del cantábrico Lorea 30g,anchoa en aceite de oliva del cantabrico lorea 30g,3.29,https://www.ahorramas.com/frescos,frescos
ahorramas,Salchicha viena Vegalia Campofrío 200g,salchicha viena vegalia campofrio 200g,3.45,https://www.ahorramas.com/frescos,frescos
ahorramas,Filete de jamón empanado con ajo y perejil Emcesa 800g aproximadamente,filete de jamon empanado con ajo y perejil emcesa 800g aproximadamente,6.39,https://www.ahorramas.com/frescos,frescos
ahorramas,Queso rallado especial pasta Alipende 150g,queso rallado especial pasta alipende 150g,2.55,https://www.ahorramas.com/frescos,frescos
ahorramas,Pate de hígado de cerdo con textura gruesa Alipende pack 3,pate de higado de cerdo con textura gruesa alipende pack 3,1.75,https://www.ahorramas.com/frescos,frescos
ahorramas,Pepperoni en lonchas Tello 75g,pepperoni en lonchas tello 75g,1.60,https://www.ahorramas.com/frescos,frescos
ahorramas,Paté jamón Alipende 160g,pate jamon alipende 160g,1.10,https://www.ahorramas.com/frescos,frescos
ahorramas,Ensalada Pasta y Pollo Alipende 265g,ensalada pasta y pollo alipende 265g,2.65,https://www.ahorramas.com/frescos,frescos
ahorramas,Paté campaña Alipende 160g,pate campana alipende 160g,1.15,https://www.ahorramas.com/frescos,frescos
ahorramas,Chorizo extra de pavo calidad extra en lonchas Alipende pack 2 de 75g,chorizo extra de pavo calidad extra en lonchas alipende pack 2 de 75g,2.80,https://www.ahorramas.com/frescos,frescos
ahorramas,Angulitos Alipende 125g gambas al ajillo,angulitos alipende 125g gambas al ajillo,1.99,https://www.ahorramas.com/frescos,frescos
ahorramas,Chorizo asturiano Famila 250g,chorizo asturiano famila 250g,2.80,https://www.ahorramas.com/frescos,frescos
ahorramas,Crema Untar Vegetal Philadelphia 145G,crema untar vegetal philadelphia 145g,3.09,https://www.ahorramas.com/frescos,frescos
ahorramas,Solomillo de añojo All Natural ElPozo 200g aproximadamente,solomillo de anojo all natural elpozo 200g aproximadamente,8.20,https://www.ahorramas.com/frescos,frescos
ahorramas,Mini fuet King Upp ElPozo 40 gr Original,mini fuet king upp elpozo 40 gr original,1.25,https://www.ahorramas.com/frescos,frescos
ahorramas,Pitahaya roja pieza 400g,pitahaya roja pieza 400g,3.99,https://www.ahorramas.com/frescos,frescos
ahorramas,Patata La Chulapona malla 3kg,patata la chulapona malla 3kg,4.35,https://www.ahorramas.com/frescos,frescos
ahorramas,Salpicón Angomar 400g,salpicon angomar 400g,4.99,https://www.ahorramas.com/frescos,frescos
ahorramas,Queso azul Danablu Mammen 100gr,queso azul danablu mammen 100gr,1.95,https://www.ahorramas.com/frescos,frescos
ahorramas,Morcillo de añojo All Natural ElPozo 400g aproximadamente,morcillo de anojo all natural elpozo 400g aproximadamente,6.12,https://www.ahorramas.com/frescos,frescos
ahorramas,Queso pasta blanda Camembert Le Rustique 250g,queso pasta blanda camembert le rustique 250g,4.10,https://www.ahorramas.com/frescos,frescos
ahorramas,Salchichas alemanas bockwurst Poppenburger 200g,salchichas alemanas bockwurst poppenburger 200g,4.25,https://www.ahorramas.com/frescos,frescos
ahorramas,Rabo de cerdo All Natural ElPozo bandeja 200g aproximadamente,rabo de cerdo all natural elpozo bandeja 200g aproximadamente,1.46,https://www.ahorramas.com/frescos,frescos
ahorramas,Paté de pato Martiko bloc 75g,pate de pato martiko bloc 75g,2.19,https://www.ahorramas.com/frescos,frescos
ahorramas,Alas de pollo partidas Bon Pollo 550g aproximadamente,alas de pollo partidas bon pollo 550g aproximadamente,3.69,https://www.ahorramas.com/frescos,frescos
ahorramas,Jamón cocido finas lonchas reducido en sal Alipende 200g,jamon cocido finas lonchas reducido en sal alipende 200g,1.99,https://www.ahorramas.com/frescos,frescos
ahorramas,Codillo paleta Terra Domine 320g aproximadamente,codillo paleta terra domine 320g aproximadamente,1.28,https://www.ahorramas.com/frescos,frescos
ahorramas,Queso mozzarella de bufala Zanetti pieza 125g,queso mozzarella de bufala zanetti pieza 125g,1.85,https://www.ahorramas.com/frescos,frescos
ahorramas,Kebab king upp Elpozo 300 gr pavo-pollo,kebab king upp elpozo 300 gr pavo-pollo,3.85,https://www.ahorramas.com/frescos,frescos
ahorramas,Filetes de arenque PicaryPicar 150g,filetes de arenque picarypicar 150g,4.60,https://www.ahorramas.com/frescos,frescos
ahorramas,Queso edam Roya Orange cuña 350g,queso edam roya orange cuna 350g,3.15,https://www.ahorramas.com/frescos,frescos
ahorramas,Mejillón cocido Aguinamar 900g en su jugo,mejillon cocido aguinamar 900g en su jugo,6.75,https://www.ahorramas.com/frescos,frescos
ahorramas,Pechuga de pollo en finas lonchas esencia Tello 125g,pechuga de pollo en finas lonchas esencia tello 125g,2.29,https://www.ahorramas.com/frescos,frescos
ahorramas,Solomillo de cerdo extratierno al romero ElPozo 650g aproximadamente,solomillo de cerdo extratierno al romero elpozo 650g aproximadamente,8.44,https://www.ahorramas.com/frescos,frescos
ahorramas,Minifuet reducido en grasa Campofrío 50g,minifuet reducido en grasa campofrio 50g,1.49,https://www.ahorramas.com/frescos,frescos
ahorramas,Secreto ibérico Finura de Ibérico 250g aproximadamente,secreto iberico finura de iberico 250g aproximadamente,7.50,https://www.ahorramas.com/frescos,frescos
ahorramas,Chorizo Ibérico González Perrino 250g,chorizo iberico gonzalez perrino 250g,3.50,https://www.ahorramas.com/frescos,frescos
ahorramas,Bacalao en migas Angomar 250g desalado,bacalao en migas angomar 250g desalado,5.99,https://www.ahorramas.com/frescos,frescos
ahorramas,Fiambre de pavo Coren 220g,fiambre de pavo coren 220g,3.00,https://www.ahorramas.com/frescos,frescos
ahorramas,Perlas de salmón Spherika 100g,perlas de salmon spherika 100g,5.60,https://www.ahorramas.com/frescos,frescos
ahorramas,Preparado de fabada Famila 400g,preparado de fabada famila 400g,4.20,https://www.ahorramas.com/frescos,frescos
ahorramas,Pintxo donostiarra sin gluten Aguinamar 200g,pintxo donostiarra sin gluten aguinamar 200g,3.40,https://www.ahorramas.com/frescos,frescos
ahorramas,Dátiles Medjoul 220g con hueso,datiles medjoul 220g con hueso,3.99,https://www.ahorramas.com/frescos,frescos
ahorramas,Queso fresco de cabra Burgo de Arias pack de 3 uds,queso fresco de cabra burgo de arias pack de 3 uds,4.45,https://www.ahorramas.com/frescos,frescos
ahorramas,Lechuga roja hoja de roble 200g,lechuga roja hoja de roble 200g,1.69,https://www.ahorramas.com/frescos,frescos
ahorramas,Mejillón cocido Aguinamar 900g en tomate,mejillon cocido aguinamar 900g en tomate,6.75,https://www.ahorramas.com/frescos,frescos
ahorramas,Mejillón cocido gallego 1kg,mejillon cocido gallego 1kg,5.29,https://www.ahorramas.com/frescos,frescos
ahorramas,Paté al roquefort Alipende 160g,pate al roquefort alipende 160g,1.15,https://www.ahorramas.com/frescos,frescos
ahorramas,Paté atún en aceite Alipende pack 3,pate atun en aceite alipende pack 3,2.00,https://www.ahorramas.com/frescos,frescos
ahorramas,Patatas mini al natural para micro Calixta 400g,patatas mini al natural para micro calixta 400g,1.49,https://www.ahorramas.com/frescos,frescos
ahorramas,Salchicha Big pollo ElPozo pack 3 x 200g,salchicha big pollo elpozo pack 3 x 200g,2.50,https://www.ahorramas.com/frescos,frescos
ahorramas,Canilla blanca salada Artesal 400g,canilla blanca salada artesal 400g,1.39,https://www.ahorramas.com/frescos,frescos
ahorramas,Paté a la pimienta Alipende 160g,pate a la pimienta alipende 160g,1.10,https://www.ahorramas.com/frescos,frescos
ahorramas,Huevo cocido Dovo 4 unidades pelado,huevo cocido dovo 4 unidades pelado,1.70,https://www.ahorramas.com/frescos,frescos
ahorramas,Codorniz bandeja 2 uds,codorniz bandeja 2 uds,4.20,https://www.ahorramas.com/frescos,frescos
ahorramas,Queso untar Philadelphia 4x35 gr Original,queso untar philadelphia 4x35 gr original,1.80,https://www.ahorramas.com/frescos,frescos
ahorramas,Nuggets de pollo extracrujientes Aldelis 320g,nuggets de pollo extracrujientes aldelis 320g,2.99,https://www.ahorramas.com/frescos,frescos
ahorramas,Oreja de cerdo adobada Rogusa 500g,oreja de cerdo adobada rogusa 500g,4.99,https://www.ahorramas.com/frescos,frescos
ahorramas,Queso de vaca de pastoreo certificada en lonchas Larsa 200g,queso de vaca de pastoreo certificada en lonchas larsa 200g,3.11,https://www.ahorramas.com/frescos,frescos
ahorramas,Salmón Corte Maestro Mowi 460g,salmon corte maestro mowi 460g,17.99,https://www.ahorramas.com/frescos,frescos
ahorramas,Queso ensalada Keos García Baquero 2x50gr,queso ensalada keos garcia baquero 2x50gr,1.99,https://www.ahorramas.com/frescos,frescos
ahorramas,Paté Du Chef bloc 100 gr a las finas hierbas,pate du chef bloc 100 gr a las finas hierbas,1.25,https://www.ahorramas.com/frescos,frescos
ahorramas,Albóndigas vegetarianas con salsa de tomate Litoral 415g,albondigas vegetarianas con salsa de tomate litoral 415g,3.95,https://www.ahorramas.com/frescos,frescos
ahorramas,Chuleta de lomo de cerdo duroc All natural ElPozo 600g aproximadamente,chuleta de lomo de cerdo duroc all natural elpozo 600g aproximadamente,5.39,https://www.ahorramas.com/frescos,frescos
ahorramas,Espinazo de cerdo salado Emcesa 250g aproximadamente,espinazo de cerdo salado emcesa 250g aproximadamente,1.30,https://www.ahorramas.com/frescos,frescos
ahorramas,Naranja Fontestad malla 2kg,naranja fontestad malla 2kg,5.58,https://www.ahorramas.com/frescos,frescos
ahorramas,Jamón cocido extra 1954 ELPOZO 120+20gr braseado,jamon cocido extra 1954 elpozo 120+20gr braseado,2.00,https://www.ahorramas.com/frescos,frescos
ahorramas,Chorizo gallego Sadepor malla 500g,chorizo gallego sadepor malla 500g,4.99,https://www.ahorramas.com/frescos,frescos
ahorramas,Ajo negro pelado 60g,ajo negro pelado 60g,4.99,https://www.ahorramas.com/frescos,frescos
ahorramas,Escalopín de añojo All Natural ElPozo 250g aproximadamente,escalopin de anojo all natural elpozo 250g aproximadamente,5.00,https://www.ahorramas.com/frescos,frescos
ahorramas,Oreja de cerdo all natural ElPozo 300g aproximadamente,oreja de cerdo all natural elpozo 300g aproximadamente,2.49,https://www.ahorramas.com/frescos,frescos
ahorramas,Bacalao Angomar en lomos 700g,bacalao angomar en lomos 700g,13.99,https://www.ahorramas.com/frescos,frescos
ahorramas,Salchicha king ELPOZO 330g maxi queso,salchicha king elpozo 330g maxi queso,1.99,https://www.ahorramas.com/frescos,frescos
ahorramas,Queso sin lactosa ya cortado García Baquero cuña 200g,queso sin lactosa ya cortado garcia baquero cuna 200g,4.89,https://www.ahorramas.com/frescos,frescos
ahorramas,Filetes de anchoa grande en aceite de oliva Arteiñaki 135g,filetes de anchoa grande en aceite de oliva arteinaki 135g,9.99,https://www.ahorramas.com/frescos,frescos
ahorramas,Queso fresco sin lactosa burgo de Arias pack 3 uds,queso fresco sin lactosa burgo de arias pack 3 uds,3.30,https://www.ahorramas.com/frescos,frescos
ahorramas,Pulpo a la vinagreta Arteiñaki 240g,pulpo a la vinagreta arteinaki 240g,6.99,https://www.ahorramas.com/frescos,frescos
ahorramas,Burger meat de vacuno Pujol´s 2 x 150g,burger meat de vacuno pujol's 2 x 150g,7.99,https://www.ahorramas.com/frescos,frescos
ahorramas,Jamón cocido Casa Tarradellas 150gr finas lonchas,jamon cocido casa tarradellas 150gr finas lonchas,2.15,https://www.ahorramas.com/frescos,frescos
ahorramas,Queso de oveja Alipende cuña 275gr,queso de oveja alipende cuna 275gr,3.82,https://www.ahorramas.com/frescos,frescos
ahorramas,Sepia limpia bandeja,sepia limpia bandeja,5.09,https://www.ahorramas.com/frescos,frescos
ahorramas,Burger de proteína vegetal Heüra 200g,burger de proteina vegetal heura 200g,4.99,https://www.ahorramas.com/frescos,frescos
ahorramas,Bacalao en migas Outon 200g,bacalao en migas outon 200g,2.75,https://www.ahorramas.com/frescos,frescos
ahorramas,1/4 tripera adobada Atienza 350g aproximadamente,1/4 tripera adobada atienza 350g aproximadamente,3.85,https://www.ahorramas.com/frescos,frescos
ahorramas,Magro de cerdo Apis 190g,magro de cerdo apis 190g,3.65,https://www.ahorramas.com/frescos,frescos
ahorramas,Snack roll Minuets Espuña 45g,snack roll minuets espuna 45g,1.00,https://www.ahorramas.com/frescos,frescos
ahorramas,Chopped pork en lonchas Alipende 250g,chopped pork en lonchas alipende 250g,1.39,https://www.ahorramas.com/frescos,frescos
ahorramas,Pate de pollo La Piara P2,pate de pollo la piara p2,3.94,https://www.ahorramas.com/frescos,frescos
ahorramas,Queso blanco sin sal Alipende pack 4 uds,queso blanco sin sal alipende pack 4 uds,1.69,https://www.ahorramas.com/frescos,frescos
ahorramas,"Fuet&Bread Snack Argal 33,5G","fuet&bread snack argal 33,5g",1.19,https://www.ahorramas.com/frescos,frescos
ahorramas,Bloc de foie gras de pato Martiko lata 130g,bloc de foie gras de pato martiko lata 130g,6.95,https://www.ahorramas.com/frescos,frescos
ahorramas,Presa ibérica fileteada Finura de Ibérico 350g aproximadamente,presa iberica fileteada finura de iberico 350g aproximadamente,11.20,https://www.ahorramas.com/frescos,frescos
ahorramas,Acelga Florette 300g,acelga florette 300g,1.79,https://www.ahorramas.com/frescos,frescos
ahorramas,Sashimi Salmon Gimar 140g,sashimi salmon gimar 140g,7.99,https://www.ahorramas.com/frescos,frescos
ahorramas,Preparado alimenticio rallado mozzarella vegano Violife 200g,preparado alimenticio rallado mozzarella vegano violife 200g,3.59,https://www.ahorramas.com/frescos,frescos
ahorramas,Tomate mar azul bandeja 400g,tomate mar azul bandeja 400g,1.99,https://www.ahorramas.com/frescos,frescos
ahorramas,Pastel de atún LM 260g,pastel de atun lm 260g,2.90,https://www.ahorramas.com/frescos,frescos
ahorramas,Bacalao desalado Angomar 250g,bacalao desalado angomar 250g,5.99,https://www.ahorramas.com/frescos,frescos
ahorramas,Queso en lascas dop Grana Padano agriform 100gr petali,queso en lascas dop grana padano agriform 100gr petali,2.75,https://www.ahorramas.com/frescos,frescos
ahorramas,Dorada en filete bandeja,dorada en filete bandeja,5.52,https://www.ahorramas.com/frescos,frescos
ahorramas,Melón pieza 2kg aproximadamente,melon pieza 2kg aproximadamente,2.00,https://www.ahorramas.com/frescos,frescos
ahorramas,Cachopo de pollo relleno de jamón serrano y queso 300g aproximadamente,cachopo de pollo relleno de jamon serrano y queso 300g aproximadamente,5.20,https://www.ahorramas.com/frescos,frescos
ahorramas,Bocaditos bacalao desalado Angomar 180g,bocaditos bacalao desalado angomar 180g,5.50,https://www.ahorramas.com/frescos,frescos
ahorramas,Tocino de lomo de cerdo All Natural ElPozo bandeja 270g aproximadamente,tocino de lomo de cerdo all natural elpozo bandeja 270g aproximadamente,1.84,https://www.ahorramas.com/frescos,frescos
ahorramas,Chistorra Emcesa 185g,chistorra emcesa 185g,1.30,https://www.ahorramas.com/frescos,frescos
ahorramas,Longaniza de payés Pirineu pieza 230g,longaniza de payes pirineu pieza 230g,4.50,https://www.ahorramas.com/frescos,frescos
ahorramas,Chorizo bellota guijuelito Revisan 180g,chorizo bellota guijuelito revisan 180g,4.55,https://www.ahorramas.com/frescos,frescos
ahorramas,Pechuga pavo finas lonchas Alipende 200g,pechuga pavo finas lonchas alipende 200g,2.20,https://www.ahorramas.com/frescos,frescos
ahorramas,Lacón curado Maybe 300g aproximadamente,lacon curado maybe 300g aproximadamente,4.68,https://www.ahorramas.com/frescos,frescos
ahorramas,Crema de bacalao Royal 100g sin gluten,crema de bacalao royal 100g sin gluten,3.29,https://www.ahorramas.com/frescos,frescos
ahorramas,Solomillo ibérico Finura de Ibérico 500g aproximadamente,solomillo iberico finura de iberico 500g aproximadamente,13.00,https://www.ahorramas.com/frescos,frescos
ahorramas,Paté tapa negra La Piara 6x75g,pate tapa negra la piara 6x75g,5.99,https://www.ahorramas.com/frescos,frescos
ahorramas,Mojama de atún Ricardo Fuentes 220g,mojama de atun ricardo fuentes 220g,9.49,https://www.ahorramas.com/frescos,frescos
ahorramas,Pechuga de pavo en dados serrano 150gr,pechuga de pavo en dados serrano 150gr,1.99,https://www.ahorramas.com/frescos,frescos
ahorramas,Perlas de anchoa Anchoviar 55g,perlas de anchoa anchoviar 55g,3.95,https://www.ahorramas.com/frescos,frescos
ahorramas,CHORIZO IBÉRICO SIERRA AZUAGA 250G,chorizo iberico sierra azuaga 250g,4.90,https://www.ahorramas.com/frescos,frescos
ahorramas,Hamburguesa Fuentes 160g Salmón/Merluza,hamburguesa fuentes 160g salmon/merluza,2.99,https://www.ahorramas.com/frescos,frescos
ahorramas,Suprema Atún Aleta amarilla Gourmar Band,suprema atun aleta amarilla gourmar band,4.37,https://www.ahorramas.com/frescos,frescos
ahorramas,Taco de torrezno de Soria La Hoguera 400 g,taco de torrezno de soria la hoguera 400 g,3.85,https://www.ahorramas.com/frescos,frescos
ahorramas,Bacalao en trozos Angomar 400g,bacalao en trozos angomar 400g,4.99,https://www.ahorramas.com/frescos,frescos
ahorramas,Patata Nueva Freshnatur 2K,patata nueva freshnatur 2k,4.48,https://www.ahorramas.com/frescos,frescos
ahorramas,Bacalao palitos desalado Angomar 180g,bacalao palitos desalado angomar 180g,5.99,https://www.ahorramas.com/frescos,frescos
ahorramas,Bacalao en lomo desalado Angomar 300g,bacalao en lomo desalado angomar 300g,9.99,https://www.ahorramas.com/frescos,frescos
ahorramas,Anchoa Cantábrico en aceite de oliva Alipende 45g,anchoa cantabrico en aceite de oliva alipende 45g,3.65,https://www.ahorramas.com/frescos,frescos
ahorramas,Queso rulo de vaca El Pastor 140g,queso rulo de vaca el pastor 140g,1.71,https://www.ahorramas.com/frescos,frescos
ahorramas,Fuet cañitas Minuets Espuña 50g,fuet canitas minuets espuna 50g,1.49,https://www.ahorramas.com/frescos,frescos
ahorramas,King chickenpops crujientes ElPozo 320g,king chickenpops crujientes elpozo 320g,3.25,https://www.ahorramas.com/frescos,frescos
ahorramas,Queso Vaca que ríe Light porciones pack 16 unidades,queso vaca que rie light porciones pack 16 unidades,2.99,https://www.ahorramas.com/frescos,frescos
ahorramas,Paté de Atún La Piara P2+1,pate de atun la piara p2+1,3.94,https://www.ahorramas.com/frescos,frescos
ahorramas,Salchichón Snack u Serrano 60g,salchichon snack u serrano 60g,1.35,https://www.ahorramas.com/frescos,frescos
ahorramas,Taco de lomo embuchado raza duroc Monroyo pieza 340g,taco de lomo embuchado raza duroc monroyo pieza 340g,5.95,https://www.ahorramas.com/frescos,frescos
ahorramas,Cabecero lomo duroc La Hoguera 300g aproximadamente,cabecero lomo duroc la hoguera 300g aproximadamente,6.20,https://www.ahorramas.com/frescos,frescos
ahorramas,Chorizo de león Palcarsa pieza 325g,chorizo de leon palcarsa pieza 325g,4.30,https://www.ahorramas.com/frescos,frescos
ahorramas,Cinta de lomo de cerdo duroc al ajillo Alipende 600g aproximadamente,cinta de lomo de cerdo duroc al ajillo alipende 600g aproximadamente,5.39,https://www.ahorramas.com/frescos,frescos
ahorramas,Chorizo oreado ibérico Alipende 450g aproximadamente,chorizo oreado iberico alipende 450g aproximadamente,4.95,https://www.ahorramas.com/frescos,frescos
ahorramas,Picaña de vaca madurada 400g aproximadamente,picana de vaca madurada 400g aproximadamente,11.20,https://www.ahorramas.com/frescos,frescos
ahorramas,"Pollo limpio Alipende 1,7kg aproximadamente","pollo limpio alipende 1,7kg aproximadamente",5.95,https://www.ahorramas.com/frescos,frescos
ahorramas,Delicias ibéricas adobadas Finura de Ibérico 300g aproximadamente,delicias ibericas adobadas finura de iberico 300g aproximadamente,6.00,https://www.ahorramas.com/frescos,frescos
ahorramas,Lomo ibérico fileteado Finura de Ibérico 350g aproximadamente,lomo iberico fileteado finura de iberico 350g aproximadamente,9.45,https://www.ahorramas.com/frescos,frescos
ahorramas,Tira de costilla adobada a las finas hierbas Tello 800gr aproximadamente,tira de costilla adobada a las finas hierbas tello 800gr aproximadamente,8.49,https://www.ahorramas.com/frescos,frescos
ahorramas,Ensalada queso de cabra Alipende 175g,ensalada queso de cabra alipende 175g,3.59,https://www.ahorramas.com/frescos,frescos
ahorramas,Bocados mediterráneos 100% vegetal Heüra 160g,bocados mediterraneos 100% vegetal heura 160g,3.99,https://www.ahorramas.com/frescos,frescos
ahorramas,"Huevos de gallinas sueltas en el gallinero Alipende 12u ""clase l""","huevos de gallinas sueltas en el gallinero alipende 12u ""clase l""",2.80,https://www.ahorramas.com/alimentacion/?pmin=0.01&start=0&sz=140,alimentacion
ahorramas,Atún claro en aceite de girasol Calvo pack 6,atun claro en aceite de girasol calvo pack 6,4.50,https://www.ahorramas.com/alimentacion/?pmin=0.01&start=0&sz=140,alimentacion
ahorramas,Barra horno super 250g,barra horno super 250g,0.50,https://www.ahorramas.com/alimentacion/?pmin=0.01&start=0&sz=140,alimentacion
ahorramas,Azúcar blanco Azucarera 1kg,azucar blanco azucarera 1kg,1.00,https://www.ahorramas.com/alimentacion/?pmin=0.01&start=0&sz=140,alimentacion
ahorramas,Atún claro Calvo pack-3 en aceite girasol,atun claro calvo pack-3 en aceite girasol,3.50,https://www.ahorramas.com/alimentacion/?pmin=0.01&start=0&sz=140,alimentacion
ahorramas,Arroz Alipende 1kg largo,arroz alipende 1kg largo,1.35,https://www.ahorramas.com/alimentacion/?pmin=0.01&start=0&sz=140,alimentacion
ahorramas,Tomate frito origen nacional sin gluten Alipende p3 400g,tomate frito origen nacional sin gluten alipende p3 400g,1.35,https://www.ahorramas.com/alimentacion/?pmin=0.01&start=0&sz=140,alimentacion
ahorramas,Atún claro Alipende pack 6 en aceite oliva,atun claro alipende pack 6 en aceite oliva,4.90,https://www.ahorramas.com/alimentacion/?pmin=0.01&start=0&sz=140,alimentacion
ahorramas,Garbanzo cocido Alipende 400g,garbanzo cocido alipende 400g,0.75,https://www.ahorramas.com/alimentacion/?pmin=0.01&start=0&sz=140,alimentacion
ahorramas,"Huevos de gallinas sueltas en el gallinero Alipende 24u ""clase m""","huevos de gallinas sueltas en el gallinero alipende 24u ""clase m""",4.75,https://www.ahorramas.com/alimentacion/?pmin=0.01&start=0&sz=140,alimentacion
ahorramas,Atún claro Alipende pack 6 al natural,atun claro alipende pack 6 al natural,4.20,https://www.ahorramas.com/alimentacion/?pmin=0.01&start=0&sz=140,alimentacion
ahorramas,Pan de molde sin corteza Alipende 450g,pan de molde sin corteza alipende 450g,1.13,https://www.ahorramas.com/alimentacion/?pmin=0.01&start=0&sz=140,alimentacion
ahorramas,Spaghetti Alipende 1kg,spaghetti alipende 1kg,1.20,https://www.ahorramas.com/alimentacion/?pmin=0.01&start=0&sz=140,alimentacion
ahorramas,Patatas fritas churrería Santa Ana 140g,patatas fritas churreria santa ana 140g,1.25,https://www.ahorramas.com/alimentacion/?pmin=0.01&start=0&sz=140,alimentacion
ahorramas,Gazpacho Alvalle 1l pack 2,gazpacho alvalle 1l pack 2,4.99,https://www.ahorramas.com/alimentacion/?pmin=0.01&start=0&sz=140,alimentacion
ahorramas,Tomate triturado Celorrio 390g,tomate triturado celorrio 390g,0.65,https://www.ahorramas.com/alimentacion/?pmin=0.01&start=0&sz=140,alimentacion
ahorramas,Pluma Alipende 1kg nº5,pluma alipende 1kg no5,1.20,https://www.ahorramas.com/alimentacion/?pmin=0.01&start=0&sz=140,alimentacion
ahorramas,Gazpacho Don Simón 1l,gazpacho don simon 1l,1.60,https://www.ahorramas.com/alimentacion/?pmin=0.01&start=0&sz=140,alimentacion
ahorramas,Arroz Sos 1kg granza,arroz sos 1kg granza,1.88,https://www.ahorramas.com/alimentacion/?pmin=0.01&start=0&sz=140,alimentacion
ahorramas,Huevos camperos Alipende 12 unidades,huevos camperos alipende 12 unidades,3.22,https://www.ahorramas.com/alimentacion/?pmin=0.01&start=0&sz=140,alimentacion
ahorramas,Pan de molde Alipende 460g blanco,pan de molde alipende 460g blanco,0.80,https://www.ahorramas.com/alimentacion/?pmin=0.01&start=0&sz=140,alimentacion
ahorramas,Arroz Alipende 1kg redondo,arroz alipende 1kg redondo,1.30,https://www.ahorramas.com/alimentacion/?pmin=0.01&start=0&sz=140,alimentacion
ahorramas,Fabada asturiana con selectos embutidos Litoral 420g,fabada asturiana con selectos embutidos litoral 420g,2.55,https://www.ahorramas.com/alimentacion/?pmin=0.01&start=0&sz=140,alimentacion
ahorramas,Tomate frito sin gluten abre fácil Orlando 780g,tomate frito sin gluten abre facil orlando 780g,1.50,https://www.ahorramas.com/alimentacion/?pmin=0.01&start=0&sz=140,alimentacion
ahorramas,Tomate frito sin gluten Orlando pack-3 con abre facil,tomate frito sin gluten orlando pack-3 con abre facil,2.89,https://www.ahorramas.com/alimentacion/?pmin=0.01&start=0&sz=140,alimentacion
ahorramas,Espirales Alipende 500g con vegetales,espirales alipende 500g con vegetales,1.05,https://www.ahorramas.com/alimentacion/?pmin=0.01&start=0&sz=140,alimentacion
ahorramas,Caldo de pollo Alipende 1l,caldo de pollo alipende 1l,1.00,https://www.ahorramas.com/alimentacion/?pmin=0.01&start=0&sz=140,alimentacion
ahorramas,Tomate triturado Celorrio bote 800g,tomate triturado celorrio bote 800g,0.98,https://www.ahorramas.com/alimentacion/?pmin=0.01&start=0&sz=140,alimentacion
ahorramas,Judías verdes anchas sin gluten Alipende 360g,judias verdes anchas sin gluten alipende 360g,1.25,https://www.ahorramas.com/alimentacion/?pmin=0.01&start=0&sz=140,alimentacion
ahorramas,Alubia blanca cocida Alipende 400g,alubia blanca cocida alipende 400g,0.80,https://www.ahorramas.com/alimentacion/?pmin=0.01&start=0&sz=140,alimentacion
ahorramas,"Aceite de girasol Alipende 1l (acidez máxima 0,2º)","aceite de girasol alipende 1l (acidez maxima 0,2o)",1.80,https://www.ahorramas.com/alimentacion/?pmin=0.01&start=0&sz=140,alimentacion
ahorramas,"Aceite de oliva Carbonell 1l 0,4º","aceite de oliva carbonell 1l 0,4o",3.69,https://www.ahorramas.com/alimentacion/?pmin=0.01&start=0&sz=140,alimentacion
ahorramas,Café molido La Estrella 250g pack-2 mezcla,cafe molido la estrella 250g pack-2 mezcla,8.70,https://www.ahorramas.com/alimentacion/?pmin=0.01&start=0&sz=140,alimentacion
ahorramas,Maíz dulce Celorrio Pack 3,maiz dulce celorrio pack 3,1.60,https://www.ahorramas.com/alimentacion/?pmin=0.01&start=0&sz=140,alimentacion
ahorramas,Aceite de oliva virgen extra Maestros de Hojiblanca garrafa 3l,aceite de oliva virgen extra maestros de hojiblanca garrafa 3l,13.50,https://www.ahorramas.com/alimentacion/?pmin=0.01&start=0&sz=140,alimentacion
ahorramas,Pan de molde artesano Bimbo 500g,pan de molde artesano bimbo 500g,2.32,https://www.ahorramas.com/alimentacion/?pmin=0.01&start=0&sz=140,alimentacion
ahorramas,Pan de molde integral sin corteza Alipende 450g,pan de molde integral sin corteza alipende 450g,1.23,https://www.ahorramas.com/alimentacion/?pmin=0.01&start=0&sz=140,alimentacion
ahorramas,Caldo casero Gallina Blanca 1l pollo 100% natural,caldo casero gallina blanca 1l pollo 100% natural,2.20,https://www.ahorramas.com/alimentacion/?pmin=0.01&start=0&sz=140,alimentacion
ahorramas,Papel higiénico Lanta 12 rollos,papel higienico lanta 12 rollos,2.50,https://www.ahorramas.com/alimentacion/?pmin=0.01&start=0&sz=140,alimentacion
ahorramas,Patatas fritas Alipende pack-2x200g artesana,patatas fritas alipende pack-2x200g artesana,2.53,https://www.ahorramas.com/alimentacion/?pmin=0.01&start=0&sz=140,alimentacion
ahorramas,Lenteja cocida Alipende 400g,lenteja cocida alipende 400g,0.80,https://www.ahorramas.com/alimentacion/?pmin=0.01&start=0&sz=140,alimentacion
ahorramas,"Huevos de gallinas sueltas en el gallinero Alipende 12u ""clase l-xl""","huevos de gallinas sueltas en el gallinero alipende 12u ""clase l-xl""",3.90,https://www.ahorramas.com/alimentacion/?pmin=0.01&start=0&sz=140,alimentacion
ahorramas,Harina de trigo Alipende 1kg,harina de trigo alipende 1kg,0.72,https://www.ahorramas.com/alimentacion/?pmin=0.01&start=0&sz=140,alimentacion
ahorramas,"Huevos ecológicos Alipende 6u ""clase m-l""","huevos ecologicos alipende 6u ""clase m-l""",2.75,https://www.ahorramas.com/alimentacion/?pmin=0.01&start=0&sz=140,alimentacion
ahorramas,Gazpacho premium La Huerta Don Simón 1l,gazpacho premium la huerta don simon 1l,2.70,https://www.ahorramas.com/alimentacion/?pmin=0.01&start=0&sz=140,alimentacion
ahorramas,Café molido Alipende 250g mezcla 50/50,cafe molido alipende 250g mezcla 50/50,2.85,https://www.ahorramas.com/alimentacion/?pmin=0.01&start=0&sz=140,alimentacion
ahorramas,Croissants Alipende 400g,croissants alipende 400g,1.80,https://www.ahorramas.com/alimentacion/?pmin=0.01&start=0&sz=140,alimentacion
ahorramas,Vinagre Alipende 1l vino blanco,vinagre alipende 1l vino blanco,0.65,https://www.ahorramas.com/alimentacion/?pmin=0.01&start=0&sz=140,alimentacion
ahorramas,Garbanzo cocido Luengo 400g,garbanzo cocido luengo 400g,1.30,https://www.ahorramas.com/alimentacion/?pmin=0.01&start=0&sz=140,alimentacion
ahorramas,Tomate frito Hida 340g estilo casero,tomate frito hida 340g estilo casero,1.49,https://www.ahorramas.com/alimentacion/?pmin=0.01&start=0&sz=140,alimentacion
ahorramas,Sal Alipende 1kg mesa,sal alipende 1kg mesa,0.40,https://www.ahorramas.com/alimentacion/?pmin=0.01&start=0&sz=140,alimentacion
ahorramas,Pan de molde tradicional Alipende 550g,pan de molde tradicional alipende 550g,1.15,https://www.ahorramas.com/alimentacion/?pmin=0.01&start=0&sz=140,alimentacion
ahorramas,Galleta maria Alipende 800g dorada,galleta maria alipende 800g dorada,1.40,https://www.ahorramas.com/alimentacion/?pmin=0.01&start=0&sz=140,alimentacion
ahorramas,Aceitunas verdes rellenas de anchoa La Española 150g,aceitunas verdes rellenas de anchoa la espanola 150g,1.80,https://www.ahorramas.com/alimentacion/?pmin=0.01&start=0&sz=140,alimentacion
ahorramas,Croissant Alipende 360g relleno de cacao,croissant alipende 360g relleno de cacao,1.85,https://www.ahorramas.com/alimentacion/?pmin=0.01&start=0&sz=140,alimentacion
ahorramas,"Huevos de gallinas sueltas en el gallinero Alipende 12u ""clase m""","huevos de gallinas sueltas en el gallinero alipende 12u ""clase m""",2.60,https://www.ahorramas.com/alimentacion/?pmin=0.01&start=0&sz=140,alimentacion
ahorramas,Tortilla de patata sin gluten Alipende 600g con cebolla,tortilla de patata sin gluten alipende 600g con cebolla,2.60,https://www.ahorramas.com/alimentacion/?pmin=0.01&start=0&sz=140,alimentacion
ahorramas,Valencianas Alipende 700g,valencianas alipende 700g,2.40,https://www.ahorramas.com/alimentacion/?pmin=0.01&start=0&sz=140,alimentacion
ahorramas,Pan de molde Bimbo 430g,pan de molde bimbo 430g,1.39,https://www.ahorramas.com/alimentacion/?pmin=0.01&start=0&sz=140,alimentacion
ahorramas,Aceitunas negra sin hueso Alipende 150g,aceitunas negra sin hueso alipende 150g,1.05,https://www.ahorramas.com/alimentacion/?pmin=0.01&start=0&sz=140,alimentacion
ahorramas,Galletas de chocolate Alipende 500g,galletas de chocolate alipende 500g,1.30,https://www.ahorramas.com/alimentacion/?pmin=0.01&start=0&sz=140,alimentacion
ahorramas,Gazpacho fresco García Millán 1l suave,gazpacho fresco garcia millan 1l suave,3.75,https://www.ahorramas.com/alimentacion/?pmin=0.01&start=0&sz=140,alimentacion
ahorramas,Gazpacho García Millán 1l,gazpacho garcia millan 1l,3.75,https://www.ahorramas.com/alimentacion/?pmin=0.01&start=0&sz=140,alimentacion
ahorramas,Pan de hamburguesa big burger's Alipende 300g,pan de hamburguesa big burger's alipende 300g,0.85,https://www.ahorramas.com/alimentacion/?pmin=0.01&start=0&sz=140,alimentacion
ahorramas,Magdalenas Alipende 615g redondas,magdalenas alipende 615g redondas,2.15,https://www.ahorramas.com/alimentacion/?pmin=0.01&start=0&sz=140,alimentacion
ahorramas,Atún claro Alipende pack 6 en aceite girasol,atun claro alipende pack 6 en aceite girasol,4.30,https://www.ahorramas.com/alimentacion/?pmin=0.01&start=0&sz=140,alimentacion
ahorramas,Tomate frito casero en aceite oliva Alipende 350g,tomate frito casero en aceite oliva alipende 350g,1.50,https://www.ahorramas.com/alimentacion/?pmin=0.01&start=0&sz=140,alimentacion
ahorramas,Judía verde redonda sin gluten Alipende 360g,judia verde redonda sin gluten alipende 360g,1.25,https://www.ahorramas.com/alimentacion/?pmin=0.01&start=0&sz=140,alimentacion
ahorramas,Tomate frito origen nacional sin gluten Alipende 550g,tomate frito origen nacional sin gluten alipende 550g,0.88,https://www.ahorramas.com/alimentacion/?pmin=0.01&start=0&sz=140,alimentacion
ahorramas,Aceite de girasol Koipe 1l,aceite de girasol koipe 1l,1.85,https://www.ahorramas.com/alimentacion/?pmin=0.01&start=0&sz=140,alimentacion
ahorramas,Hogaza de pan The Rustik Bakery 400g,hogaza de pan the rustik bakery 400g,2.73,https://www.ahorramas.com/alimentacion/?pmin=0.01&start=0&sz=140,alimentacion
ahorramas,Huevos camperos Pazo de Vilane 12 unidades,huevos camperos pazo de vilane 12 unidades,4.19,https://www.ahorramas.com/alimentacion/?pmin=0.01&start=0&sz=140,alimentacion
ahorramas,Pan hot dogs Alipende 330g,pan hot dogs alipende 330g,0.95,https://www.ahorramas.com/alimentacion/?pmin=0.01&start=0&sz=140,alimentacion
ahorramas,Tomate frito Orlando 636g pack 3,tomate frito orlando 636g pack 3,1.99,https://www.ahorramas.com/alimentacion/?pmin=0.01&start=0&sz=140,alimentacion
ahorramas,Pan de molde Bimbo 640g,pan de molde bimbo 640g,1.89,https://www.ahorramas.com/alimentacion/?pmin=0.01&start=0&sz=140,alimentacion
ahorramas,Atún claro Alipende pack 3 al natural,atun claro alipende pack 3 al natural,2.65,https://www.ahorramas.com/alimentacion/?pmin=0.01&start=0&sz=140,alimentacion
ahorramas,Pan de pueblo 700g,pan de pueblo 700g,1.90,https://www.ahorramas.com/alimentacion/?pmin=0.01&start=0&sz=140,alimentacion
ahorramas,Anacardo crudo Frumesa 200g,anacardo crudo frumesa 200g,2.70,https://www.ahorramas.com/alimentacion/?pmin=0.01&start=0&sz=140,alimentacion
ahorramas,Picos camperos Alipende pack 2 con aceite de oliva,picos camperos alipende pack 2 con aceite de oliva,1.42,https://www.ahorramas.com/alimentacion/?pmin=0.01&start=0&sz=140,alimentacion
ahorramas,Gazpacho fresco García Millán 330ml,gazpacho fresco garcia millan 330ml,1.55,https://www.ahorramas.com/alimentacion/?pmin=0.01&start=0&sz=140,alimentacion
ahorramas,"Aceite de oliva Carbonell garrafa 3l 0,4º","aceite de oliva carbonell garrafa 3l 0,4o",10.77,https://www.ahorramas.com/alimentacion/?pmin=0.01&start=0&sz=140,alimentacion
ahorramas,Mayonesa Ybarra 450ml especial ensaladilla,mayonesa ybarra 450ml especial ensaladilla,1.59,https://www.ahorramas.com/alimentacion/?pmin=0.01&start=0&sz=140,alimentacion
ahorramas,Galletas saladas Alipende 350g,galletas saladas alipende 350g,1.20,https://www.ahorramas.com/alimentacion/?pmin=0.01&start=0&sz=140,alimentacion
ahorramas,Macedonia de verdura Alipende 325g,macedonia de verdura alipende 325g,0.90,https://www.ahorramas.com/alimentacion/?pmin=0.01&start=0&sz=140,alimentacion
ahorramas,Tomate frito origen nacional sin gluten Alipende p3 210g,tomate frito origen nacional sin gluten alipende p3 210g,0.95,https://www.ahorramas.com/alimentacion/?pmin=0.01&start=0&sz=140,alimentacion
ahorramas,Café molido Alipende 250g tueste natural,cafe molido alipende 250g tueste natural,2.75,https://www.ahorramas.com/alimentacion/?pmin=0.01&start=0&sz=140,alimentacion
ahorramas,Tortilla trigo Mexican Gold fajita 320g,tortilla trigo mexican gold fajita 320g,0.99,https://www.ahorramas.com/alimentacion/?pmin=0.01&start=0&sz=140,alimentacion
ahorramas,Patatas cocidas enteras sin gluten Celorrio 400g,patatas cocidas enteras sin gluten celorrio 400g,1.90,https://www.ahorramas.com/alimentacion/?pmin=0.01&start=0&sz=140,alimentacion
ahorramas,Cacao en polvo Nesquik 2.7Kg,cacao en polvo nesquik 2.7kg,13.89,https://www.ahorramas.com/alimentacion/?pmin=0.01&start=0&sz=140,alimentacion
ahorramas,Donuts pack 4 glacé,donuts pack 4 glace,2.49,https://www.ahorramas.com/alimentacion/?pmin=0.01&start=0&sz=140,alimentacion
ahorramas,Salmorejo Don Simon 1l,salmorejo don simon 1l,2.20,https://www.ahorramas.com/alimentacion/?pmin=0.01&start=0&sz=140,alimentacion
ahorramas,Sardinillas en aceite de oliva Alipende 2 unidades 62g,sardinillas en aceite de oliva alipende 2 unidades 62g,1.99,https://www.ahorramas.com/alimentacion/?pmin=0.01&start=0&sz=140,alimentacion
ahorramas,Caldo de cocido Alipende 1l,caldo de cocido alipende 1l,1.00,https://www.ahorramas.com/alimentacion/?pmin=0.01&start=0&sz=140,alimentacion
ahorramas,Arroz redondo Brillante pack 2 xl,arroz redondo brillante pack 2 xl,1.99,https://www.ahorramas.com/alimentacion/?pmin=0.01&start=0&sz=140,alimentacion
ahorramas,Arroz redondo Brillante pack 2,arroz redondo brillante pack 2,1.25,https://www.ahorramas.com/alimentacion/?pmin=0.01&start=0&sz=140,alimentacion
ahorramas,Pajaritas Alipende 500g con vegetales,pajaritas alipende 500g con vegetales,1.05,https://www.ahorramas.com/alimentacion/?pmin=0.01&start=0&sz=140,alimentacion
ahorramas,Pan brioche burguer Dulcesol 340g,pan brioche burguer dulcesol 340g,1.70,https://www.ahorramas.com/alimentacion/?pmin=0.01&start=0&sz=140,alimentacion
ahorramas,Aceitunas sin hueso Alipende 400g,aceitunas sin hueso alipende 400g,2.80,https://www.ahorramas.com/alimentacion/?pmin=0.01&start=0&sz=140,alimentacion
ahorramas,Lenteja Alipende 1kg pardina,lenteja alipende 1kg pardina,2.10,https://www.ahorramas.com/alimentacion/?pmin=0.01&start=0&sz=140,alimentacion
ahorramas,Tomate triturado natural categoria extra Apis 800g,tomate triturado natural categoria extra apis 800g,2.29,https://www.ahorramas.com/alimentacion/?pmin=0.01&start=0&sz=140,alimentacion
ahorramas,Papel higiénico ecológico Lanta 6 rollos doble rollo,papel higienico ecologico lanta 6 rollos doble rollo,2.40,https://www.ahorramas.com/alimentacion/?pmin=0.01&start=0&sz=140,alimentacion
ahorramas,Nueces peladas Alipende 185g,nueces peladas alipende 185g,2.99,https://www.ahorramas.com/alimentacion/?pmin=0.01&start=0&sz=140,alimentacion
ahorramas,Alubia blanca cocida Luengo 400g,alubia blanca cocida luengo 400g,1.30,https://www.ahorramas.com/alimentacion/?pmin=0.01&start=0&sz=140,alimentacion
ahorramas,Pimientos de piquillo en tiras sin gluten Alipende 225g,pimientos de piquillo en tiras sin gluten alipende 225g,1.10,https://www.ahorramas.com/alimentacion/?pmin=0.01&start=0&sz=140,alimentacion
ahorramas,Snacks de maíz Doritos Tex-Mex 140g,snacks de maiz doritos tex-mex 140g,1.50,https://www.ahorramas.com/alimentacion/?pmin=0.01&start=0&sz=140,alimentacion
ahorramas,Guacamole Fresh Mix 200g suave,guacamole fresh mix 200g suave,1.80,https://www.ahorramas.com/alimentacion/?pmin=0.01&start=0&sz=140,alimentacion
ahorramas,Ensaimadas Alipende 330g,ensaimadas alipende 330g,1.60,https://www.ahorramas.com/alimentacion/?pmin=0.01&start=0&sz=140,alimentacion
ahorramas,Esparragos blancos grueso Alipende 205g (9/12 piezas),esparragos blancos grueso alipende 205g (9/12 piezas),1.85,https://www.ahorramas.com/alimentacion/?pmin=0.01&start=0&sz=140,alimentacion
ahorramas,Galleta tableta Alipende 150g chocolate con leche,galleta tableta alipende 150g chocolate con leche,1.40,https://www.ahorramas.com/alimentacion/?pmin=0.01&start=0&sz=140,alimentacion
ahorramas,Galleta Alipende 225g cookies con pepitas de chocolate,galleta alipende 225g cookies con pepitas de chocolate,1.60,https://www.ahorramas.com/alimentacion/?pmin=0.01&start=0&sz=140,alimentacion
ahorramas,Aceitunas verdes sin hueso Alipende 75g pack 3,aceitunas verdes sin hueso alipende 75g pack 3,1.70,https://www.ahorramas.com/alimentacion/?pmin=0.01&start=0&sz=140,alimentacion
ahorramas,Pan de picos 300g,pan de picos 300g,0.92,https://www.ahorramas.com/alimentacion/?pmin=0.01&start=0&sz=140,alimentacion
ahorramas,Aceite de oliva virgen extra Carbonell 1l,aceite de oliva virgen extra carbonell 1l,4.99,https://www.ahorramas.com/alimentacion/?pmin=0.01&start=0&sz=140,alimentacion
ahorramas,Aceite oliva virgen extra Alipende 1l,aceite oliva virgen extra alipende 1l,4.65,https://www.ahorramas.com/alimentacion/?pmin=0.01&start=0&sz=140,alimentacion
ahorramas,Arroz basmati Brillante pack 2,arroz basmati brillante pack 2,1.35,https://www.ahorramas.com/alimentacion/?pmin=0.01&start=0&sz=140,alimentacion
ahorramas,Champiñon Alipende bote 185g laminado,champinon alipende bote 185g laminado,1.00,https://www.ahorramas.com/alimentacion/?pmin=0.01&start=0&sz=140,alimentacion
ahorramas,Ketchup Alipende 560g,ketchup alipende 560g,1.09,https://www.ahorramas.com/alimentacion/?pmin=0.01&start=0&sz=140,alimentacion
ahorramas,Atún claro Alipende pack 3 en escabeche,atun claro alipende pack 3 en escabeche,2.65,https://www.ahorramas.com/alimentacion/?pmin=0.01&start=0&sz=140,alimentacion
ahorramas,Guisantes muy finos categoria primera Alipende pack 3,guisantes muy finos categoria primera alipende pack 3,2.00,https://www.ahorramas.com/alimentacion/?pmin=0.01&start=0&sz=140,alimentacion
ahorramas,Barra de espiga plus 300g,barra de espiga plus 300g,0.85,https://www.ahorramas.com/alimentacion/?pmin=0.01&start=0&sz=140,alimentacion
ahorramas,Fabada asturiana sin gluten Alipende 435g,fabada asturiana sin gluten alipende 435g,1.25,https://www.ahorramas.com/alimentacion/?pmin=0.01&start=0&sz=140,alimentacion
ahorramas,Snacks de maíz Lay´s 3D´s 85g,snacks de maiz lay's 3d's 85g,1.25,https://www.ahorramas.com/alimentacion/?pmin=0.01&start=0&sz=140,alimentacion
ahorramas,Regañas Alipende 200g pack 2 con aceite de oliva,reganas alipende 200g pack 2 con aceite de oliva,1.51,https://www.ahorramas.com/alimentacion/?pmin=0.01&start=0&sz=140,alimentacion
ahorramas,Galleta Lotus 250g biscoff caramelised,galleta lotus 250g biscoff caramelised,1.85,https://www.ahorramas.com/alimentacion/?pmin=0.01&start=0&sz=140,alimentacion
ahorramas,Edulcorante Alipende 60u en sobres,edulcorante alipende 60u en sobres,1.05,https://www.ahorramas.com/alimentacion/?pmin=0.01&start=0&sz=140,alimentacion
ahorramas,Pan molde Bimbo integral artesano 500g,pan molde bimbo integral artesano 500g,2.54,https://www.ahorramas.com/alimentacion/?pmin=0.01&start=0&sz=140,alimentacion
ahorramas,Garbanzo cocido Alipende 215g,garbanzo cocido alipende 215g,0.70,https://www.ahorramas.com/alimentacion/?pmin=0.01&start=0&sz=140,alimentacion
ahorramas,Tiburón Alipende 500g,tiburon alipende 500g,0.80,https://www.ahorramas.com/alimentacion/?pmin=0.01&start=0&sz=140,alimentacion
ahorramas,Hogaza pan The Rustik Bakery cereales masa madre 400g,hogaza pan the rustik bakery cereales masa madre 400g,2.83,https://www.ahorramas.com/alimentacion/?pmin=0.01&start=0&sz=140,alimentacion
ahorramas,Yemas esparragos Celorrio 110g 6/12,yemas esparragos celorrio 110g 6/12,2.29,https://www.ahorramas.com/alimentacion/?pmin=0.01&start=0&sz=140,alimentacion
ahorramas,Bonito Alipende 73g en aceite oliva,bonito alipende 73g en aceite oliva,1.75,https://www.ahorramas.com/alimentacion/?pmin=0.01&start=0&sz=140,alimentacion
ahorramas,Tortilla de patata con cebolla sin gluten Palacios 650g,tortilla de patata con cebolla sin gluten palacios 650g,3.99,https://www.ahorramas.com/alimentacion/?pmin=0.01&start=0&sz=140,alimentacion
ahorramas,Biscote clásico Alipende 540g,biscote clasico alipende 540g,1.70,https://www.ahorramas.com/alimentacion/?pmin=0.01&start=0&sz=140,alimentacion
ahorramas,Caldo paella y fideuá con aceite de oliva Don Simón 1l,caldo paella y fideua con aceite de oliva don simon 1l,2.10,https://www.ahorramas.com/alimentacion/?pmin=0.01&start=0&sz=140,alimentacion
ahorramas,Patatas fritas al punto de sal Lay´s 248g,patatas fritas al punto de sal lay's 248g,2.69,https://www.ahorramas.com/alimentacion/?pmin=0.01&start=0&sz=140,alimentacion
ahorramas,Hummus a Taste Of Sol 200g,hummus a taste of sol 200g,1.19,https://www.ahorramas.com/alimentacion/?pmin=0.01&start=0&sz=140,alimentacion
ahorramas,Hoops el obrador de Ahorramas pack 4 glasé,hoops el obrador de ahorramas pack 4 glase,1.35,https://www.ahorramas.com/alimentacion/?pmin=0.01&start=0&sz=140,alimentacion
ahorramas,Zanahorias en tiras Alipende 180g,zanahorias en tiras alipende 180g,0.90,https://www.ahorramas.com/alimentacion/?pmin=0.01&start=0&sz=140,alimentacion
ahorramas,Lentejas Alipende 430g con chorizo,lentejas alipende 430g con chorizo,1.25,https://www.ahorramas.com/alimentacion/?pmin=0.01&start=0&sz=140,alimentacion
ahorramas,Ajo Alipende 55g en polvo,ajo alipende 55g en polvo,0.74,https://www.ahorramas.com/alimentacion/?pmin=0.01&start=0&sz=140,alimentacion
ahorramas,"Huevos camperos Alipende 6u ""clase l-xl""","huevos camperos alipende 6u ""clase l-xl""",2.50,https://www.ahorramas.com/alimentacion/?pmin=0.01&start=0&sz=140,alimentacion
ahorramas,Mayonesa Hellmann'S 450ml,mayonesa hellmann's 450ml,2.65,https://www.ahorramas.com/alimentacion/?pmin=0.01&start=0&sz=140,alimentacion
ahorramas,Pan de molde integral Alipende 460g,pan de molde integral alipende 460g,0.90,https://www.ahorramas.com/alimentacion/?pmin=0.01&start=0&sz=140,alimentacion
ahorramas,Tomate frito como en sartén sin gluten Alipende 560g,tomate frito como en sarten sin gluten alipende 560g,1.99,https://www.ahorramas.com/alimentacion/?pmin=0.01&start=0&sz=140,alimentacion
ahorramas,Maiz dulce en grano sin azucar añadido Bonduelle pack 3,maiz dulce en grano sin azucar anadido bonduelle pack 3,2.60,https://www.ahorramas.com/alimentacion/?pmin=0.01&start=0&sz=140,alimentacion
ahorramas,Pan rallado Alipende 750g,pan rallado alipende 750g,0.85,https://www.ahorramas.com/alimentacion/?pmin=0.01&start=0&sz=140,alimentacion
ahorramas,Gazpacho tradicional Don Simón 330ml pack 3,gazpacho tradicional don simon 330ml pack 3,2.15,https://www.ahorramas.com/alimentacion/?pmin=0.01&start=0&sz=140,alimentacion
ahorramas,Mejillon Alipende 69g 13/18 escabeche,mejillon alipende 69g 13/18 escabeche,1.80,https://www.ahorramas.com/alimentacion/?pmin=0.01&start=0&sz=140,alimentacion
ahorramas,Bicarbonato sódico Roca 1kg,bicarbonato sodico roca 1kg,1.45,https://www.ahorramas.com/alimentacion/?pmin=0.01&start=0&sz=140,alimentacion
ahorramas,Patatas fritas lays 170g gourmet,patatas fritas lays 170g gourmet,2.79,https://www.ahorramas.com/alimentacion/?pmin=0.01&start=0&sz=140,alimentacion
ahorramas,Salmorejo Fresco Sin pan García Millán 330ml,salmorejo fresco sin pan garcia millan 330ml,1.00,https://www.ahorramas.com/alimentacion/?pmin=0.01&start=0&sz=140,alimentacion
ahorramas,Aceite de oliva virgen Carbonell 3l,aceite de oliva virgen carbonell 3l,11.37,https://www.ahorramas.com/alimentacion/?pmin=0.01&start=0&sz=140,alimentacion
ahorramas,Salmorejo premium La Huerta Don Simón 1l,salmorejo premium la huerta don simon 1l,3.00,https://www.ahorramas.com/alimentacion/?pmin=0.01&start=0&sz=140,alimentacion
ahorramas,Galleta Tostarica Cuétara 760g,galleta tostarica cuetara 760g,3.99,https://www.ahorramas.com/alimentacion/?pmin=0.01&start=0&sz=140,alimentacion
ahorramas,Cocido madrileño Litoral 425g con embutido selecto,cocido madrileno litoral 425g con embutido selecto,2.99,https://www.ahorramas.com/alimentacion/?pmin=0.01&start=0&sz=140,alimentacion
ahorramas,Galleta maría Alipende 800g,galleta maria alipende 800g,1.40,https://www.ahorramas.com/alimentacion/?pmin=0.01&start=0&sz=140,alimentacion
ahorramas,Tortillas trigo Mexifoods integrales fajitas 320g,tortillas trigo mexifoods integrales fajitas 320g,1.50,https://www.ahorramas.com/alimentacion/?pmin=0.01&start=0&sz=140,alimentacion
ahorramas,Pepinillos en vinagre sin gluten Alipende 190g,pepinillos en vinagre sin gluten alipende 190g,1.10,https://www.ahorramas.com/alimentacion/?pmin=0.01&start=0&sz=140,alimentacion
ahorramas,Aceitunas rellenas de anchoa Alipende 150g pack 3,aceitunas rellenas de anchoa alipende 150g pack 3,3.15,https://www.ahorramas.com/alimentacion/?pmin=0.01&start=0&sz=140,alimentacion
ahorramas,Mayonesa sin gluten con dosificador Alipende 500ml,mayonesa sin gluten con dosificador alipende 500ml,1.43,https://www.ahorramas.com/alimentacion/?pmin=0.01&start=0&sz=140,alimentacion
ahorramas,Galleta digestive con avena y chocolate negro Gullón 425g,galleta digestive con avena y chocolate negro gullon 425g,2.00,https://www.ahorramas.com/alimentacion/?pmin=0.01&start=0&sz=140,alimentacion
ahorramas,Pluma Nº6 Gallo 400g,pluma no6 gallo 400g,1.00,https://www.ahorramas.com/alimentacion/?pmin=0.01&start=0&sz=140,alimentacion
ahorramas,Lenteja riojana Litoral 425g con ingredientes naturales,lenteja riojana litoral 425g con ingredientes naturales,2.20,https://www.ahorramas.com/alimentacion/?pmin=0.01&start=0&sz=140,alimentacion
ahorramas,Café molido Saimaza 250g mezcla,cafe molido saimaza 250g mezcla,4.19,https://www.ahorramas.com/alimentacion/?pmin=0.01&start=0&sz=140,alimentacion
ahorramas,Tomate Hida bote 170g doble concentrado,tomate hida bote 170g doble concentrado,1.40,https://www.ahorramas.com/alimentacion/?pmin=0.01&start=0&sz=140,alimentacion
ahorramas,Garbanzo pedrosillano cocido Miau 400g,garbanzo pedrosillano cocido miau 400g,0.95,https://www.ahorramas.com/alimentacion/?pmin=0.01&start=0&sz=140,alimentacion
ahorramas,Zanahoria y guisante baby Alipende 215g,zanahoria y guisante baby alipende 215g,1.25,https://www.ahorramas.com/alimentacion/?pmin=0.01&start=0&sz=140,alimentacion
ahorramas,"Huevos de gallinas sueltas en el gallinero Alipende 6u ""clase l""","huevos de gallinas sueltas en el gallinero alipende 6u ""clase l""",1.50,https://www.ahorramas.com/alimentacion/?pmin=0.01&start=0&sz=140,alimentacion
ahorramas,Pan de molde sin corteza Bimbo 450g,pan de molde sin corteza bimbo 450g,2.35,https://www.ahorramas.com/alimentacion/?pmin=0.01&start=0&sz=140,alimentacion
ahorramas,Espaguetis Nº3 Gallo 400g,espaguetis no3 gallo 400g,1.00,https://www.ahorramas.com/alimentacion/?pmin=0.01&start=0&sz=140,alimentacion
ahorramas,Tomate triturado natural categoria extra Apis 400g,tomate triturado natural categoria extra apis 400g,1.45,https://www.ahorramas.com/alimentacion/?pmin=0.01&start=0&sz=140,alimentacion
ahorramas,Discos desmaquillantes de algodón orgánico Bel 70 uds,discos desmaquillantes de algodon organico bel 70 uds,0.89,https://www.ahorramas.com/alimentacion/?pmin=0.01&start=0&sz=140,alimentacion
ahorramas,Pan de hamburguesa Alipende 300g rústico 100% natural,pan de hamburguesa alipende 300g rustico 100% natural,1.13,https://www.ahorramas.com/alimentacion/?pmin=0.01&start=0&sz=140,alimentacion
ahorramas,Masa empanadilla Buitoni 160g,masa empanadilla buitoni 160g,1.20,https://www.ahorramas.com/alimentacion/?pmin=0.01&start=0&sz=140,alimentacion
ahorramas,Tallarín Alipende 500g,tallarin alipende 500g,0.80,https://www.ahorramas.com/alimentacion/?pmin=0.01&start=0&sz=140,alimentacion
ahorramas,Macarrones Garofalo 500g penne ziti rigate,macarrones garofalo 500g penne ziti rigate,1.79,https://www.ahorramas.com/alimentacion/?pmin=0.01&start=0&sz=140,alimentacion
ahorramas,Picos rústicos Obando 130g selección gourmet,picos rusticos obando 130g seleccion gourmet,1.00,https://www.ahorramas.com/alimentacion/?pmin=0.01&start=0&sz=140,alimentacion
ahorramas,Laurel Mari Paz 12g bay leaf,laurel mari paz 12g bay leaf,0.79,https://www.ahorramas.com/alimentacion/?pmin=0.01&start=0&sz=140,alimentacion
ahorramas,Atún claro en aceite de girasol Calvo pack 6,atun claro en aceite de girasol calvo pack 6,4.50,https://www.ahorramas.com/alimentacion/?pmin=0.01&start=0&sz=140,alimentacion
ahorramas,Spaghetti Garofalo 500g,spaghetti garofalo 500g,1.79,https://www.ahorramas.com/alimentacion/?pmin=0.01&start=0&sz=140,alimentacion
ahorramas,Aceitunas rellenas Alipende pack 3,aceitunas rellenas alipende pack 3,1.75,https://www.ahorramas.com/alimentacion/?pmin=0.01&start=0&sz=140,alimentacion
ahorramas,Spaghetti integral Gallo 450g,spaghetti integral gallo 450g,1.88,https://www.ahorramas.com/alimentacion/?pmin=0.01&start=0&sz=140,alimentacion
ahorramas,Pisto Casero Gallina Blanca 325G,pisto casero gallina blanca 325g,2.25,https://www.ahorramas.com/alimentacion/?pmin=0.01&start=0&sz=140,alimentacion
ahorramas,Café molido Marcilla 500g natural,cafe molido marcilla 500g natural,8.95,https://www.ahorramas.com/alimentacion/?pmin=0.01&start=0&sz=140,alimentacion
ahorramas,Barra campesina 240g,barra campesina 240g,0.87,https://www.ahorramas.com/alimentacion/?pmin=0.01&start=0&sz=140,alimentacion
ahorramas,Sofrito con tomate y cebolla Gallina Blanca 325g,sofrito con tomate y cebolla gallina blanca 325g,2.25,https://www.ahorramas.com/alimentacion/?pmin=0.01&start=0&sz=140,alimentacion
ahorramas,Ventresca de atún claro en aceite oliva Alipende 73g,ventresca de atun claro en aceite oliva alipende 73g,3.30,https://www.ahorramas.com/alimentacion/?pmin=0.01&start=0&sz=140,alimentacion
ahorramas,Atún claro Calvo pack 3 ligero en aceite oliva,atun claro calvo pack 3 ligero en aceite oliva,4.50,https://www.ahorramas.com/alimentacion/?pmin=0.01&start=0&sz=140,alimentacion
ahorramas,Caldo de verduras Alipende 1l,caldo de verduras alipende 1l,1.20,https://www.ahorramas.com/alimentacion/?pmin=0.01&start=0&sz=140,alimentacion
ahorramas,Salmorejo fresco García Millán 1l,salmorejo fresco garcia millan 1l,3.85,https://www.ahorramas.com/alimentacion/?pmin=0.01&start=0&sz=140,alimentacion
ahorramas,Palmeritas Virgen del Brezo 250g hojaldre,palmeritas virgen del brezo 250g hojaldre,2.60,https://www.ahorramas.com/alimentacion/?pmin=0.01&start=0&sz=140,alimentacion
ahorramas,Judías verdes cortadas en tiras Gvtarra 660g,judias verdes cortadas en tiras gvtarra 660g,3.09,https://www.ahorramas.com/alimentacion/?pmin=0.01&start=0&sz=140,alimentacion
ahorramas,Pan de leche Alipende 12 uds,pan de leche alipende 12 uds,1.80,https://www.ahorramas.com/alimentacion/?pmin=0.01&start=0&sz=140,alimentacion
ahorramas,Bizcocho Musfi`S 400g con pepitas,bizcocho musfi`s 400g con pepitas,3.50,https://www.ahorramas.com/alimentacion/?pmin=0.01&start=0&sz=140,alimentacion
ahorramas,Snack de maíz cheetos 130g pelotazos,snack de maiz cheetos 130g pelotazos,1.89,https://www.ahorramas.com/alimentacion/?pmin=0.01&start=0&sz=140,alimentacion
ahorramas,Rosquillas de pan Alipende 250g,rosquillas de pan alipende 250g,0.80,https://www.ahorramas.com/alimentacion/?pmin=0.01&start=0&sz=140,alimentacion
ahorramas,Galleta digestive zero sin azúcares Gullón 300g + 100g,galleta digestive zero sin azucares gullon 300g + 100g,1.50,https://www.ahorramas.com/alimentacion/?pmin=0.01&start=0&sz=140,alimentacion
ahorramas,Ciruela sin hueso Alipende 250g,ciruela sin hueso alipende 250g,2.14,https://www.ahorramas.com/alimentacion/?pmin=0.01&start=0&sz=140,alimentacion
ahorramas,Bizcocho cortadillo Alipende 370g,bizcocho cortadillo alipende 370g,1.99,https://www.ahorramas.com/alimentacion/?pmin=0.01&start=0&sz=140,alimentacion
ahorramas,Gofre Punto Gofre 140g con sobre de chocolate,gofre punto gofre 140g con sobre de chocolate,0.90,https://www.ahorramas.com/alimentacion/?pmin=0.01&start=0&sz=140,alimentacion
ahorramas,Bizcocho cortadillo Alipende baño cacao 250g,bizcocho cortadillo alipende bano cacao 250g,1.10,https://www.ahorramas.com/alimentacion/?pmin=0.01&start=0&sz=140,alimentacion
ahorramas,Mejillón en escabeche Orbe 69g 18/22,mejillon en escabeche orbe 69g 18/22,1.39,https://www.ahorramas.com/alimentacion/?pmin=0.01&start=0&sz=140,alimentacion
ahorramas,Galleta Dinosaurus artiach 329g,galleta dinosaurus artiach 329g,2.89,https://www.ahorramas.com/alimentacion/?pmin=0.01&start=0&sz=140,alimentacion
ahorramas,"Aceite de oliva La Masía 1l 0,4º","aceite de oliva la masia 1l 0,4o",3.59,https://www.ahorramas.com/alimentacion/?pmin=0.01&start=0&sz=140,alimentacion
ahorramas,Magdalenas Arenas 300g,magdalenas arenas 300g,1.69,https://www.ahorramas.com/alimentacion/?pmin=0.01&start=0&sz=140,alimentacion
ahorramas,Pan rallado Alipende 500g con ajo y perejil,pan rallado alipende 500g con ajo y perejil,1.00,https://www.ahorramas.com/alimentacion/?pmin=0.01&start=0&sz=140,alimentacion
ahorramas,Mermelada extra Alipende 410g fresa,mermelada extra alipende 410g fresa,1.55,https://www.ahorramas.com/alimentacion/?pmin=0.01&start=0&sz=140,alimentacion
ahorramas,Pizza Casa Tarradellas pack 2 jamon y queso,pizza casa tarradellas pack 2 jamon y queso,3.19,https://www.ahorramas.com/alimentacion/?pmin=0.01&start=0&sz=140,alimentacion
ahorramas,Fabada asturiana receta selecta Litoral 420g,fabada asturiana receta selecta litoral 420g,3.95,https://www.ahorramas.com/alimentacion/?pmin=0.01&start=0&sz=140,alimentacion
ahorramas,Café soluble Alipende 200g,cafe soluble alipende 200g,4.70,https://www.ahorramas.com/alimentacion/?pmin=0.01&start=0&sz=140,alimentacion
ahorramas,Crema de calabaza Alipende 500ml,crema de calabaza alipende 500ml,1.00,https://www.ahorramas.com/alimentacion/?pmin=0.01&start=0&sz=140,alimentacion
ahorramas,Galletas María Dorada Sin Azúcares añadidos Gullón Zero 400g,galletas maria dorada sin azucares anadidos gullon zero 400g,1.75,https://www.ahorramas.com/alimentacion/?pmin=0.01&start=0&sz=140,alimentacion
ahorramas,Salsa de tomate receta artesana Solís 350g,salsa de tomate receta artesana solis 350g,2.30,https://www.ahorramas.com/alimentacion/?pmin=0.01&start=0&sz=140,alimentacion
ahorramas,Tomate entero pelado categoría extra Alipende 480g,tomate entero pelado categoria extra alipende 480g,1.35,https://www.ahorramas.com/alimentacion/?pmin=0.01&start=0&sz=140,alimentacion
ahorramas,"Aceite de girasol Alipende garrafa 5l (acidez máxima 0,2º)","aceite de girasol alipende garrafa 5l (acidez maxima 0,2o)",8.70,https://www.ahorramas.com/alimentacion/?pmin=0.01&start=0&sz=140,alimentacion
ahorramas,Pan molde Alipende avena y centeno 500g,pan molde alipende avena y centeno 500g,1.35,https://www.ahorramas.com/alimentacion/?pmin=0.01&start=0&sz=140,alimentacion
ahorramas,Pistacho tostado Alipende 175g,pistacho tostado alipende 175g,2.49,https://www.ahorramas.com/alimentacion/?pmin=0.01&start=0&sz=140,alimentacion
ahorramas,Gazpacho fresco Alvalle 900ml,gazpacho fresco alvalle 900ml,2.99,https://www.ahorramas.com/alimentacion/?pmin=0.01&start=0&sz=140,alimentacion
ahorramas,Tomate frito con aceite de oliva Solis 360g,tomate frito con aceite de oliva solis 360g,1.69,https://www.ahorramas.com/alimentacion/?pmin=0.01&start=0&sz=140,alimentacion
ahorramas,Filetes de caballa en aceite de girasol Ribeira 60g,filetes de caballa en aceite de girasol ribeira 60g,1.25,https://www.ahorramas.com/alimentacion/?pmin=0.01&start=0&sz=140,alimentacion
ahorramas,Chocolate con leche sin gluten nestle 125g pack-3,chocolate con leche sin gluten nestle 125g pack-3,5.25,https://www.ahorramas.com/alimentacion/?pmin=0.01&start=0&sz=140,alimentacion
ahorramas,Arroz sabroz Brillante 1kg redondo,arroz sabroz brillante 1kg redondo,2.78,https://www.ahorramas.com/alimentacion/?pmin=0.01&start=0&sz=140,alimentacion
ahorramas,Aceitunas rellenas Alipende 150g suave reducido en sal,aceitunas rellenas alipende 150g suave reducido en sal,1.40,https://www.ahorramas.com/alimentacion/?pmin=0.01&start=0&sz=140,alimentacion
ahorramas,Panecillos tostados integrales Alipende 250g,panecillos tostados integrales alipende 250g,0.95,https://www.ahorramas.com/alimentacion/?pmin=0.01&start=0&sz=140,alimentacion
ahorramas,Filetes de caballa en aceite de oliva virgen Albo 85g,filetes de caballa en aceite de oliva virgen albo 85g,2.85,https://www.ahorramas.com/alimentacion/?pmin=0.01&start=0&sz=140,alimentacion
ahorramas,Galleta sin azúcar añadido zero Gullón 400g maría,galleta sin azucar anadido zero gullon 400g maria,2.00,https://www.ahorramas.com/alimentacion/?pmin=0.01&start=0&sz=140,alimentacion
ahorramas,Café expresso Milano intensidad 7 Dolce Gusto 14 cápsulas,cafe expresso milano intensidad 7 dolce gusto 14 capsulas,3.99,https://www.ahorramas.com/alimentacion/?pmin=0.01&start=0&sz=140,alimentacion
ahorramas,Galleta Alipende 220g sandwich relleno,galleta alipende 220g sandwich relleno,0.85,https://www.ahorramas.com/alimentacion/?pmin=0.01&start=0&sz=140,alimentacion
ahorramas,Café en grano La Estrella 500g tueste natural,cafe en grano la estrella 500g tueste natural,6.99,https://www.ahorramas.com/alimentacion/?pmin=0.01&start=0&sz=140,alimentacion
ahorramas,Pluma Alipende 500g nº5,pluma alipende 500g no5,0.80,https://www.ahorramas.com/alimentacion/?pmin=0.01&start=0&sz=140,alimentacion
ahorramas,Cóctel de frutos secos Frit Ravich Original 170g,coctel de frutos secos frit ravich original 170g,1.75,https://www.ahorramas.com/alimentacion/?pmin=0.01&start=0&sz=140,alimentacion
ahorramas,Gildas de anchoa Arteiñaki 100g,gildas de anchoa arteinaki 100g,2.85,https://www.ahorramas.com/alimentacion/?pmin=0.01&start=0&sz=140,alimentacion
ahorramas,Pasas sultanas sin pepitas Alipende 250g,pasas sultanas sin pepitas alipende 250g,1.80,https://www.ahorramas.com/alimentacion/?pmin=0.01&start=0&sz=140,alimentacion
ahorramas,Tomate frito aceite oliva extra Alipende 390g,tomate frito aceite oliva extra alipende 390g,1.09,https://www.ahorramas.com/alimentacion/?pmin=0.01&start=0&sz=140,alimentacion
ahorramas,Cereales copos de maíz kellogg's 500g Corn Flakes,cereales copos de maiz kellogg's 500g corn flakes,2.59,https://www.ahorramas.com/alimentacion/?pmin=0.01&start=0&sz=140,alimentacion
ahorramas,Empanada de atún 500g,empanada de atun 500g,3.60,https://www.ahorramas.com/alimentacion/?pmin=0.01&start=0&sz=140,alimentacion
ahorramas,Pimiento morron Alipende pack 3 entero,pimiento morron alipende pack 3 entero,1.35,https://www.ahorramas.com/alimentacion/?pmin=0.01&start=0&sz=140,alimentacion
ahorramas,Azafrán Carmencita en hebras,azafran carmencita en hebras,4.25,https://www.ahorramas.com/alimentacion/?pmin=0.01&start=0&sz=140,alimentacion
ahorramas,Lenteja pardina cocida Luengo 400g,lenteja pardina cocida luengo 400g,1.30,https://www.ahorramas.com/alimentacion/?pmin=0.01&start=0&sz=140,alimentacion
ahorramas,Pan de molde integral Tradipan 800g,pan de molde integral tradipan 800g,1.84,https://www.ahorramas.com/alimentacion/?pmin=0.01&start=0&sz=140,alimentacion
ahorramas,Aceitunas en rodajas Alipende 105g negra,aceitunas en rodajas alipende 105g negra,1.42,https://www.ahorramas.com/alimentacion/?pmin=0.01&start=0&sz=140,alimentacion
ahorramas,Atún claro Alipende pack 6 en aceite oliva virgen extra,atun claro alipende pack 6 en aceite oliva virgen extra,5.80,https://www.ahorramas.com/alimentacion/?pmin=0.01&start=0&sz=140,alimentacion
ahorramas,Tortitas de maíz Alipende 130g,tortitas de maiz alipende 130g,1.15,https://www.ahorramas.com/alimentacion/?pmin=0.01&start=0&sz=140,alimentacion
ahorramas,Mejillon Calvo pack 3 en escabeche,mejillon calvo pack 3 en escabeche,3.25,https://www.ahorramas.com/alimentacion/?pmin=0.01&start=0&sz=140,alimentacion
ahorramas,Sal Alipende 1kg yodada,sal alipende 1kg yodada,0.45,https://www.ahorramas.com/alimentacion/?pmin=0.01&start=0&sz=140,alimentacion
ahorramas,Café soluble descafeinado Nescafé 200g mezcla,cafe soluble descafeinado nescafe 200g mezcla,8.50,https://www.ahorramas.com/alimentacion/?pmin=0.01&start=0&sz=140,alimentacion
ahorramas,Pan de molde Alipende 820g especial tostada sin tapas,pan de molde alipende 820g especial tostada sin tapas,1.70,https://www.ahorramas.com/alimentacion/?pmin=0.01&start=0&sz=140,alimentacion
ahorramas,Cereales rellenos de chocolate Chocoflakes Cuétara 520g,cereales rellenos de chocolate chocoflakes cuetara 520g,3.89,https://www.ahorramas.com/alimentacion/?pmin=0.01&start=0&sz=140,alimentacion
ahorramas,Masa de hojaldre Alipende pack 2 rectangular,masa de hojaldre alipende pack 2 rectangular,2.13,https://www.ahorramas.com/alimentacion/?pmin=0.01&start=0&sz=140,alimentacion
ahorramas,Patatas fritas churrería Alipende 150g,patatas fritas churreria alipende 150g,1.00,https://www.ahorramas.com/alimentacion/?pmin=0.01&start=0&sz=140,alimentacion
ahorramas,Café intenso intensidad 8 Origen&Sensations 20 cápsulas,cafe intenso intensidad 8 origen&sensations 20 capsulas,3.90,https://www.ahorramas.com/alimentacion/?pmin=0.01&start=0&sz=140,alimentacion
ahorramas,Chocolate con leche s/gluten Alipende 125g,chocolate con leche s/gluten alipende 125g,1.70,https://www.ahorramas.com/alimentacion/?pmin=0.01&start=0&sz=140,alimentacion
ahorramas,Palitos de pan crujiente Alipende con pipas 2 uds 80g,palitos de pan crujiente alipende con pipas 2 uds 80g,1.28,https://www.ahorramas.com/alimentacion/?pmin=0.01&start=0&sz=140,alimentacion
ahorramas,Piña en su jugo en rodajas Alipende 490g,pina en su jugo en rodajas alipende 490g,2.10,https://www.ahorramas.com/alimentacion/?pmin=0.01&start=0&sz=140,alimentacion
ahorramas,Placas de lasaña El Pavo 18unid,placas de lasana el pavo 18unid,1.49,https://www.ahorramas.com/alimentacion/?pmin=0.01&start=0&sz=140,alimentacion
ahorramas,Aceitunas verdes rellanas de boquerón en vinagre El Faro 150g,aceitunas verdes rellanas de boqueron en vinagre el faro 150g,1.55,https://www.ahorramas.com/alimentacion/?pmin=0.01&start=0&sz=140,alimentacion
ahorramas,Galletas de chocolate sin azúcar zero Gullón 250g,galletas de chocolate sin azucar zero gullon 250g,1.50,https://www.ahorramas.com/alimentacion/?pmin=0.01&start=0&sz=140,alimentacion
ahorramas,Ketchup Orlando 300g barril,ketchup orlando 300g barril,1.49,https://www.ahorramas.com/alimentacion/?pmin=0.01&start=0&sz=140,alimentacion
ahorramas,Salsa de soja Kimono 250ml,salsa de soja kimono 250ml,1.20,https://www.ahorramas.com/alimentacion/?pmin=0.01&start=0&sz=140,alimentacion
ahorramas,Hummus a Taste Of Sol 450g,hummus a taste of sol 450g,2.39,https://www.ahorramas.com/alimentacion/?pmin=0.01&start=0&sz=140,alimentacion
ahorramas,Galleta La Buena María Fontaneda 707g,galleta la buena maria fontaneda 707g,3.35,https://www.ahorramas.com/alimentacion/?pmin=0.01&start=0&sz=140,alimentacion
ahorramas,"Aceite de oliva Alipende 1l 0,4º","aceite de oliva alipende 1l 0,4o",3.55,https://www.ahorramas.com/alimentacion/?pmin=0.01&start=0&sz=140,alimentacion
ahorramas,Azúcar moreno de caña no refinado Azucarera 1kg,azucar moreno de cana no refinado azucarera 1kg,1.85,https://www.ahorramas.com/alimentacion/?pmin=0.01&start=0&sz=140,alimentacion
ahorramas,Pastelito Weikis La Bella Easo pepitas chocolate 240g,pastelito weikis la bella easo pepitas chocolate 240g,2.49,https://www.ahorramas.com/alimentacion/?pmin=0.01&start=0&sz=140,alimentacion
ahorramas,Lentejas de la abuela Litoral 425g,lentejas de la abuela litoral 425g,1.50,https://www.ahorramas.com/alimentacion/?pmin=0.01&start=0&sz=140,alimentacion
ahorramas,Tomate troceado sin gluten Celorrio bote 390g,tomate troceado sin gluten celorrio bote 390g,0.80,https://www.ahorramas.com/alimentacion/?pmin=0.01&start=0&sz=140,alimentacion
ahorramas,Aceitunas sin hueso Alipende 400g gordal aliñada,aceitunas sin hueso alipende 400g gordal alinada,3.75,https://www.ahorramas.com/alimentacion/?pmin=0.01&start=0&sz=140,alimentacion
ahorramas,Galleta Alipende 700g clásica,galleta alipende 700g clasica,1.51,https://www.ahorramas.com/alimentacion/?pmin=0.01&start=0&sz=140,alimentacion
ahorramas,Snack chicharricos Alipende 100g,snack chicharricos alipende 100g,1.45,https://www.ahorramas.com/alimentacion/?pmin=0.01&start=0&sz=140,alimentacion
ahorramas,Baguette de horno 250g,baguette de horno 250g,0.57,https://www.ahorramas.com/alimentacion/?pmin=0.01&start=0&sz=140,alimentacion
ahorramas,Almendra largueta sin sal tostada Alipende 200G,almendra largueta sin sal tostada alipende 200g,2.85,https://www.ahorramas.com/alimentacion/?pmin=0.01&start=0&sz=140,alimentacion
ahorramas,Tortillas de trigo Old El Paso 8 unidades mejicana,tortillas de trigo old el paso 8 unidades mejicana,1.99,https://www.ahorramas.com/alimentacion/?pmin=0.01&start=0&sz=140,alimentacion
ahorramas,Empanada atún grande 800g,empanada atun grande 800g,4.60,https://www.ahorramas.com/alimentacion/?pmin=0.01&start=0&sz=140,alimentacion
ahorramas,Remolacha tiras categoría primera Alipende 180g,remolacha tiras categoria primera alipende 180g,1.00,https://www.ahorramas.com/alimentacion/?pmin=0.01&start=0&sz=140,alimentacion
ahorramas,Pimiento rojo asado Cano 500g,pimiento rojo asado cano 500g,3.40,https://www.ahorramas.com/alimentacion/?pmin=0.01&start=0&sz=140,alimentacion
ahorramas,Orégano Alipende 30g,oregano alipende 30g,1.99,https://www.ahorramas.com/alimentacion/?pmin=0.01&start=0&sz=140,alimentacion
ahorramas,Perejil Alipende 10g,perejil alipende 10g,0.75,https://www.ahorramas.com/alimentacion/?pmin=0.01&start=0&sz=140,alimentacion
ahorramas,Ketchup Heinz 700g,ketchup heinz 700g,3.79,https://www.ahorramas.com/alimentacion/?pmin=0.01&start=0&sz=140,alimentacion
ahorramas,Cacahuete frito repelado con sal Alipende 200g,cacahuete frito repelado con sal alipende 200g,1.00,https://www.ahorramas.com/alimentacion/?pmin=0.01&start=0&sz=140,alimentacion
ahorramas,RIGATONI GAROFALO 500G,rigatoni garofalo 500g,1.79,https://www.ahorramas.com/alimentacion/?pmin=0.01&start=0&sz=140,alimentacion
ahorramas,Pimentón dulce de la vera Vega Cáceres 75g,pimenton dulce de la vera vega caceres 75g,1.85,https://www.ahorramas.com/alimentacion/?pmin=0.01&start=0&sz=140,alimentacion
ahorramas,Pimienta negra molida Alipende 52g,pimienta negra molida alipende 52g,0.75,https://www.ahorramas.com/alimentacion/?pmin=0.01&start=0&sz=140,alimentacion
ahorramas,Salsa fina original Ligeresa 425ml + 50% gratis,salsa fina original ligeresa 425ml + 50% gratis,2.35,https://www.ahorramas.com/alimentacion/?pmin=0.01&start=0&sz=140,alimentacion
ahorramas,Ketchup Heinz 570g,ketchup heinz 570g,3.10,https://www.ahorramas.com/alimentacion/?pmin=0.01&start=0&sz=140,alimentacion
ahorramas,Aceitunas rellenas anchoa Alipende pack 3,aceitunas rellenas anchoa alipende pack 3,1.95,https://www.ahorramas.com/alimentacion/?pmin=0.01&start=0&sz=140,alimentacion
ahorramas,Discos Alipende 550g al cacao,discos alipende 550g al cacao,3.19,https://www.ahorramas.com/alimentacion/?pmin=0.01&start=0&sz=140,alimentacion
ahorramas,Garbanzo Alipende 1kg pedrosillano,garbanzo alipende 1kg pedrosillano,1.94,https://www.ahorramas.com/alimentacion/?pmin=0.01&start=0&sz=140,alimentacion
ahorramas,Bizcocho de frutas confitadas Inpanasa 210g fruit glase,bizcocho de frutas confitadas inpanasa 210g fruit glase,1.75,https://www.ahorramas.com/alimentacion/?pmin=0.01&start=0&sz=140,alimentacion
ahorramas,Arroz integral Alipende 1kg redondo,arroz integral alipende 1kg redondo,1.65,https://www.ahorramas.com/alimentacion/?pmin=0.01&start=0&sz=140,alimentacion
ahorramas,Masa de pizza Alipende 260g,masa de pizza alipende 260g,1.13,https://www.ahorramas.com/alimentacion/?pmin=0.01&start=0&sz=140,alimentacion
ahorramas,Salmorejo fresco sin pan García Millán 1l,salmorejo fresco sin pan garcia millan 1l,3.85,https://www.ahorramas.com/alimentacion/?pmin=0.01&start=0&sz=140,alimentacion
ahorramas,Tomate natural rallado La Gergaleña 200g,tomate natural rallado la gergalena 200g,1.39,https://www.ahorramas.com/alimentacion/?pmin=0.01&start=0&sz=140,alimentacion
ahorramas,Panecillos tostados Alipende 250g,panecillos tostados alipende 250g,0.95,https://www.ahorramas.com/alimentacion/?pmin=0.01&start=0&sz=140,alimentacion
ahorramas,Mermelada melocotones extra de temporada Hero 350g,mermelada melocotones extra de temporada hero 350g,2.49,https://www.ahorramas.com/alimentacion/?pmin=0.01&start=0&sz=140,alimentacion
ahorramas,Galletas de chocolate sin azúcar añadido zero Gullón 125g,galletas de chocolate sin azucar anadido zero gullon 125g,2.00,https://www.ahorramas.com/alimentacion/?pmin=0.01&start=0&sz=140,alimentacion
ahorramas,Tallarín Gallo 450g,tallarin gallo 450g,1.39,https://www.ahorramas.com/alimentacion/?pmin=0.01&start=0&sz=140,alimentacion
ahorramas,Cereales integrales de chocolate Chocapic 375g,cereales integrales de chocolate chocapic 375g,3.39,https://www.ahorramas.com/alimentacion/?pmin=0.01&start=0&sz=140,alimentacion
ahorramas,Pimientos de piquillo enteros sin gluten Alipende 260g,pimientos de piquillo enteros sin gluten alipende 260g,1.45,https://www.ahorramas.com/alimentacion/?pmin=0.01&start=0&sz=140,alimentacion
ahorramas,Serranitos de pan Alipende 200g,serranitos de pan alipende 200g,0.71,https://www.ahorramas.com/alimentacion/?pmin=0.01&start=0&sz=140,alimentacion
ahorramas,Arroz integral Brillante pack 2,arroz integral brillante pack 2,1.25,https://www.ahorramas.com/alimentacion/?pmin=0.01&start=0&sz=140,alimentacion
ahorramas,Nachos de maíz Totopos Mexifoods 250g,nachos de maiz totopos mexifoods 250g,2.49,https://www.ahorramas.com/alimentacion/?pmin=0.01&start=0&sz=140,alimentacion
ahorramas,Leche de coco Asian Delicatessen bote 400ml,leche de coco asian delicatessen bote 400ml,1.50,https://www.ahorramas.com/alimentacion/?pmin=0.01&start=0&sz=140,alimentacion
ahorramas,Pepinillos sabor anchoa sin gluten Alipende 190g,pepinillos sabor anchoa sin gluten alipende 190g,1.24,https://www.ahorramas.com/alimentacion/?pmin=0.01&start=0&sz=140,alimentacion
ahorramas,Maiz dulce en grano Alipende pack 3,maiz dulce en grano alipende pack 3,1.85,https://www.ahorramas.com/alimentacion/?pmin=0.01&start=0&sz=140,alimentacion
ahorramas,Gusanitos de maíz sin gluten Risi 105g,gusanitos de maiz sin gluten risi 105g,1.65,https://www.ahorramas.com/alimentacion/?pmin=0.01&start=0&sz=140,alimentacion
ahorramas,Mayonesa sin gluten Alipende 450ml,mayonesa sin gluten alipende 450ml,1.10,https://www.ahorramas.com/alimentacion/?pmin=0.01&start=0&sz=140,alimentacion
ahorramas,Pan molde Alipende centeno semillas sesámo amapola 675g,pan molde alipende centeno semillas sesamo amapola 675g,1.47,https://www.ahorramas.com/alimentacion/?pmin=0.01&start=0&sz=140,alimentacion
ahorramas,Acelgas sin gluten Alipende tarro de cristal 425g,acelgas sin gluten alipende tarro de cristal 425g,1.75,https://www.ahorramas.com/alimentacion/?pmin=0.01&start=0&sz=140,alimentacion
ahorramas,Pan mini hamburguesas 250g,pan mini hamburguesas 250g,2.40,https://www.ahorramas.com/alimentacion/?pmin=0.01&start=0&sz=140,alimentacion
ahorramas,Galletas napolitanas Cuétara 426g,galletas napolitanas cuetara 426g,2.80,https://www.ahorramas.com/alimentacion/?pmin=0.01&start=0&sz=140,alimentacion
ahorramas,Sardinas en aceite de oliva Alipende 2 unidades 85g,sardinas en aceite de oliva alipende 2 unidades 85g,2.19,https://www.ahorramas.com/alimentacion/?pmin=0.01&start=0&sz=140,alimentacion
ahorramas,Pizza Alipende 400g jamón y queso,pizza alipende 400g jamon y queso,2.50,https://www.ahorramas.com/alimentacion/?pmin=0.01&start=0&sz=140,alimentacion
ahorramas,Berberechos al natural 55/65 Dani 63g,berberechos al natural 55/65 dani 63g,4.99,https://www.ahorramas.com/alimentacion/?pmin=0.01&start=0&sz=140,alimentacion
ahorramas,Paella de marisco Bo de Debó 300g,paella de marisco bo de debo 300g,4.40,https://www.ahorramas.com/alimentacion/?pmin=0.01&start=0&sz=140,alimentacion
ahorramas,Fideos orientales Mr Noodles 85g pollo,fideos orientales mr noodles 85g pollo,0.65,https://www.ahorramas.com/alimentacion/?pmin=0.01&start=0&sz=140,alimentacion
ahorramas,Aceite de oliva virgen extra Maestros de Hojiblanca 1l,aceite de oliva virgen extra maestros de hojiblanca 1l,4.99,https://www.ahorramas.com/alimentacion/?pmin=0.01&start=0&sz=140,alimentacion
ahorramas,Fideo Alipende 1kg cabellín,fideo alipende 1kg cabellin,1.20,https://www.ahorramas.com/alimentacion/?pmin=0.01&start=0&sz=140,alimentacion
ahorramas,Guisantes finos Alipende 95g pack3,guisantes finos alipende 95g pack3,1.85,https://www.ahorramas.com/alimentacion/?pmin=0.01&start=0&sz=140,alimentacion
ahorramas,Regañas integrales bio Flor De Espelta 150g,reganas integrales bio flor de espelta 150g,1.40,https://www.ahorramas.com/alimentacion/?pmin=0.01&start=0&sz=140,alimentacion
ahorramas,Chocolatina de caramelo salado Kit Kat 99g,chocolatina de caramelo salado kit kat 99g,1.85,https://www.ahorramas.com/alimentacion/?pmin=0.01&start=0&sz=140,alimentacion
ahorramas,Pepinillos estilo polaco Hengstenberg 360g,pepinillos estilo polaco hengstenberg 360g,2.89,https://www.ahorramas.com/alimentacion/?pmin=0.01&start=0&sz=140,alimentacion
ahorramas,Bastoncillos orgánicos Bel 200 uds nature,bastoncillos organicos bel 200 uds nature,0.90,https://www.ahorramas.com/alimentacion/?pmin=0.01&start=0&sz=140,alimentacion
ahorramas,Aceitunas verdes gazpacha Alipende 500g,aceitunas verdes gazpacha alipende 500g,2.50,https://www.ahorramas.com/alimentacion/?pmin=0.01&start=0&sz=140,alimentacion
ahorramas,Galleta Alipende 600g con dibujos de animales,galleta alipende 600g con dibujos de animales,1.50,https://www.ahorramas.com/alimentacion/?pmin=0.01&start=0&sz=140,alimentacion
ahorramas,Chocolate negro sin gluten Alipende 100g 85% de cacao,chocolate negro sin gluten alipende 100g 85% de cacao,1.95,https://www.ahorramas.com/alimentacion/?pmin=0.01&start=0&sz=140,alimentacion
ahorramas,Caldo casero Gallina Blanca 1l carne 100% natural,caldo casero gallina blanca 1l carne 100% natural,2.20,https://www.ahorramas.com/alimentacion/?pmin=0.01&start=0&sz=140,alimentacion
ahorramas,Café molido Marcilla 250g natural,cafe molido marcilla 250g natural,4.79,https://www.ahorramas.com/alimentacion/?pmin=0.01&start=0&sz=140,alimentacion
ahorramas,Huevos de codorniz 18u,huevos de codorniz 18u,1.85,https://www.ahorramas.com/alimentacion/?pmin=0.01&start=0&sz=140,alimentacion
ahorramas,Menestra de verduras s/gluten Alipende 300g,menestra de verduras s/gluten alipende 300g,1.79,https://www.ahorramas.com/alimentacion/?pmin=0.01&start=0&sz=140,alimentacion
ahorramas,Mayonesa Ybarra 750ml,mayonesa ybarra 750ml,2.99,https://www.ahorramas.com/alimentacion/?pmin=0.01&start=0&sz=140,alimentacion
ahorramas,Salmorejo pack de 3 Don Simon 330ml,salmorejo pack de 3 don simon 330ml,2.65,https://www.ahorramas.com/alimentacion/?pmin=0.01&start=0&sz=140,alimentacion
ahorramas,Aceite de oliva suave Abril 2l,aceite de oliva suave abril 2l,7.00,https://www.ahorramas.com/alimentacion/?pmin=0.01&start=0&sz=140,alimentacion
ahorramas,Crema de cacahuete 100% Alipende 500g,crema de cacahuete 100% alipende 500g,2.85,https://www.ahorramas.com/alimentacion/?pmin=0.01&start=0&sz=140,alimentacion
ahorramas,Patatas fritas Alipende 200g artesana,patatas fritas alipende 200g artesana,1.39,https://www.ahorramas.com/alimentacion/?pmin=0.01&start=0&sz=140,alimentacion
ahorramas,Mermelada extra Alipende 410g melocotón,mermelada extra alipende 410g melocoton,1.35,https://www.ahorramas.com/alimentacion/?pmin=0.01&start=0&sz=140,alimentacion
ahorramas,Melocoton en almibar Alipende pack 3,melocoton en almibar alipende pack 3,2.59,https://www.ahorramas.com/alimentacion/?pmin=0.01&start=0&sz=140,alimentacion
ahorramas,Cebolla Alipende 40g molida,cebolla alipende 40g molida,0.74,https://www.ahorramas.com/alimentacion/?pmin=0.01&start=0&sz=140,alimentacion
ahorramas,Pizza Casa Tarradellas 410g pollo,pizza casa tarradellas 410g pollo,3.19,https://www.ahorramas.com/alimentacion/?pmin=0.01&start=0&sz=140,alimentacion
ahorramas,Vinagre Alipende 1l manzana,vinagre alipende 1l manzana,0.90,https://www.ahorramas.com/alimentacion/?pmin=0.01&start=0&sz=140,alimentacion
ahorramas,Pan maxi burger Bimbo 4 uds 290g,pan maxi burger bimbo 4 uds 290g,2.17,https://www.ahorramas.com/alimentacion/?pmin=0.01&start=0&sz=140,alimentacion
ahorramas,Rosquillos El Cateto 400g,rosquillos el cateto 400g,2.99,https://www.ahorramas.com/alimentacion/?pmin=0.01&start=0&sz=140,alimentacion
ahorramas,Papel para filtro de café Melitta 40 unidades,papel para filtro de cafe melitta 40 unidades,2.25,https://www.ahorramas.com/alimentacion/?pmin=0.01&start=0&sz=140,alimentacion
ahorramas,Boquerón aliñado Iñaki 250g,boqueron alinado inaki 250g,5.95,https://www.ahorramas.com/alimentacion/?pmin=0.01&start=0&sz=140,alimentacion
ahorramas,Colorante alimentario Alipende 59g,colorante alimentario alipende 59g,0.75,https://www.ahorramas.com/alimentacion/?pmin=0.01&start=0&sz=140,alimentacion
ahorramas,Berenjena gratinada rellena de carne El Buen Comer Carretilla 350g,berenjena gratinada rellena de carne el buen comer carretilla 350g,3.95,https://www.ahorramas.com/alimentacion/?pmin=0.01&start=0&sz=140,alimentacion
ahorramas,Macarron integral Gallo 450g,macarron integral gallo 450g,1.88,https://www.ahorramas.com/alimentacion/?pmin=0.01&start=0&sz=140,alimentacion
ahorramas,Mermelada diet la vieja fabrica 280g melocoton,mermelada diet la vieja fabrica 280g melocoton,2.29,https://www.ahorramas.com/alimentacion/?pmin=0.01&start=0&sz=140,alimentacion
ahorramas,Caldo de pescado Alipende 1l,caldo de pescado alipende 1l,1.20,https://www.ahorramas.com/alimentacion/?pmin=0.01&start=0&sz=140,alimentacion
ahorramas,Aceituna gran selección rellena de anchoa Serpis 130g,aceituna gran seleccion rellena de anchoa serpis 130g,2.19,https://www.ahorramas.com/alimentacion/?pmin=0.01&start=0&sz=140,alimentacion
ahorramas,Galleta Chiquilín 525g,galleta chiquilin 525g,3.65,https://www.ahorramas.com/alimentacion/?pmin=0.01&start=0&sz=140,alimentacion
ahorramas,Mayonesa Musa 540ml,mayonesa musa 540ml,1.99,https://www.ahorramas.com/alimentacion/?pmin=0.01&start=0&sz=140,alimentacion
ahorramas,Pastelito Briochoco Alipende pepitas chocolate 240g,pastelito briochoco alipende pepitas chocolate 240g,1.45,https://www.ahorramas.com/alimentacion/?pmin=0.01&start=0&sz=140,alimentacion
ahorramas,Fideuá Alipende 500g,fideua alipende 500g,0.80,https://www.ahorramas.com/alimentacion/?pmin=0.01&start=0&sz=140,alimentacion
ahorramas,Corazones de alcachofa al natural CYNARA 6/8 290g,corazones de alcachofa al natural cynara 6/8 290g,1.70,https://www.ahorramas.com/alimentacion/?pmin=0.01&start=0&sz=140,alimentacion
ahorramas,Huevos ecológicos Alipende 6u clase l-xl,huevos ecologicos alipende 6u clase l-xl,3.35,https://www.ahorramas.com/alimentacion/?pmin=0.01&start=0&sz=140,alimentacion
ahorramas,Barra Espiga Aceite Oliva Virgen 330g,barra espiga aceite oliva virgen 330g,0.95,https://www.ahorramas.com/alimentacion/?pmin=0.01&start=0&sz=140,alimentacion
ahorramas,Patatas fritas Ruffles Original 150g,patatas fritas ruffles original 150g,1.75,https://www.ahorramas.com/alimentacion/?pmin=0.01&start=0&sz=140,alimentacion
ahorramas,Cereales Golden Grahams Nestlé 375g,cereales golden grahams nestle 375g,3.29,https://www.ahorramas.com/alimentacion/?pmin=0.01&start=0&sz=140,alimentacion
ahorramas,Palomitas punto de sal microondas s/gluten Popitas pack 3,palomitas punto de sal microondas s/gluten popitas pack 3,2.49,https://www.ahorramas.com/alimentacion/?pmin=0.01&start=0&sz=140,alimentacion
ahorramas,Palomitas sin gluten Risi 105g,palomitas sin gluten risi 105g,1.50,https://www.ahorramas.com/alimentacion/?pmin=0.01&start=0&sz=140,alimentacion
ahorramas,Donuts pack 4 fondant,donuts pack 4 fondant,2.99,https://www.ahorramas.com/alimentacion/?pmin=0.01&start=0&sz=140,alimentacion
ahorramas,Atún Alipende 650g en aceite girasol,atun alipende 650g en aceite girasol,6.50,https://www.ahorramas.com/alimentacion/?pmin=0.01&start=0&sz=140,alimentacion
ahorramas,Atún claro en aceite oliva Alipende 140g,atun claro en aceite oliva alipende 140g,3.70,https://www.ahorramas.com/alimentacion/?pmin=0.01&start=0&sz=140,alimentacion
ahorramas,Chocolate con leche Milka 125g,chocolate con leche milka 125g,1.79,https://www.ahorramas.com/alimentacion/?pmin=0.01&start=0&sz=140,alimentacion
ahorramas,Crema de calabaza Knorr 500ml,crema de calabaza knorr 500ml,1.89,https://www.ahorramas.com/alimentacion/?pmin=0.01&start=0&sz=140,alimentacion
ahorramas,Snack de patata Pringles 165g original,snack de patata pringles 165g original,1.75,https://www.ahorramas.com/alimentacion/?pmin=0.01&start=0&sz=140,alimentacion
ahorramas,Aceitunas verdes con hueso Alipende 500g,aceitunas verdes con hueso alipende 500g,2.80,https://www.ahorramas.com/alimentacion/?pmin=0.01&start=0&sz=140,alimentacion
ahorramas,Atún Alipende 260g en girasol,atun alipende 260g en girasol,3.29,https://www.ahorramas.com/alimentacion/?pmin=0.01&start=0&sz=140,alimentacion
ahorramas,Pan hot dog rústico Dulcesol 330g,pan hot dog rustico dulcesol 330g,1.70,https://www.ahorramas.com/alimentacion/?pmin=0.01&start=0&sz=140,alimentacion
ahorramas,Mejillon en escabeche de Nueva Zelanda Orbe 69g 6/8,mejillon en escabeche de nueva zelanda orbe 69g 6/8,2.59,https://www.ahorramas.com/alimentacion/?pmin=0.01&start=0&sz=140,alimentacion
ahorramas,Guisantes Alipende lata 250g muy finos,guisantes alipende lata 250g muy finos,0.90,https://www.ahorramas.com/alimentacion/?pmin=0.01&start=0&sz=140,alimentacion
ahorramas,Tagliatelle nido Garofalo 500g,tagliatelle nido garofalo 500g,2.45,https://www.ahorramas.com/alimentacion/?pmin=0.01&start=0&sz=140,alimentacion
ahorramas,Caldo en pastillas -30% de sal Avecrem 10p pollo,caldo en pastillas -30% de sal avecrem 10p pollo,1.35,https://www.ahorramas.com/alimentacion/?pmin=0.01&start=0&sz=140,alimentacion
ahorramas,Tortilla de patata con cebolla caramelizada Palacios 600g,tortilla de patata con cebolla caramelizada palacios 600g,3.99,https://www.ahorramas.com/alimentacion/?pmin=0.01&start=0&sz=140,alimentacion
ahorramas,"Huevos de gallinas criadas con maíz sueltas en el gallinero Alipende 12u ""clase m-l""","huevos de gallinas criadas con maiz sueltas en el gallinero alipende 12u ""clase m-l""",3.00,https://www.ahorramas.com/alimentacion/?pmin=0.01&start=0&sz=140,alimentacion
ahorramas,Gnocchi de patata Rana 400g,gnocchi de patata rana 400g,2.47,https://www.ahorramas.com/alimentacion/?pmin=0.01&start=0&sz=140,alimentacion
ahorramas,Pan molde Bimbo sin lactosa sin corteza natural 450g,pan molde bimbo sin lactosa sin corteza natural 450g,2.83,https://www.ahorramas.com/alimentacion/?pmin=0.01&start=0&sz=140,alimentacion
ahorramas,Pan de molde Oroweat 12 cereales y semillas 550g,pan de molde oroweat 12 cereales y semillas 550g,3.07,https://www.ahorramas.com/alimentacion/?pmin=0.01&start=0&sz=140,alimentacion
ahorramas,Dátil sin hueso Alipende 250g,datil sin hueso alipende 250g,1.60,https://www.ahorramas.com/alimentacion/?pmin=0.01&start=0&sz=140,alimentacion
ahorramas,Biscote integral Alipende 540g,biscote integral alipende 540g,1.80,https://www.ahorramas.com/alimentacion/?pmin=0.01&start=0&sz=140,alimentacion
ahorramas,Sopa de cocido con fideos Alipende 66g,sopa de cocido con fideos alipende 66g,0.50,https://www.ahorramas.com/alimentacion/?pmin=0.01&start=0&sz=140,alimentacion
ahorramas,Trozos de potón en tinta Alipende Pack 3,trozos de poton en tinta alipende pack 3,2.80,https://www.ahorramas.com/alimentacion/?pmin=0.01&start=0&sz=140,alimentacion
ahorramas,Pizza Casa Tarradellas 405g jamon y queso,pizza casa tarradellas 405g jamon y queso,3.19,https://www.ahorramas.com/alimentacion/?pmin=0.01&start=0&sz=140,alimentacion
ahorramas,Zumo de limón parras 280ml,zumo de limon parras 280ml,1.05,https://www.ahorramas.com/alimentacion/?pmin=0.01&start=0&sz=140,alimentacion
ahorramas,Galleta digestive Alipende 800g,galleta digestive alipende 800g,1.60,https://www.ahorramas.com/alimentacion/?pmin=0.01&start=0&sz=140,alimentacion
ahorramas,Lenteja Luengo 1kg pardina,lenteja luengo 1kg pardina,3.95,https://www.ahorramas.com/alimentacion/?pmin=0.01&start=0&sz=140,alimentacion
ahorramas,Mayonesa bocabajo con dosificador Hellmann'S 430ml,mayonesa bocabajo con dosificador hellmann's 430ml,3.49,https://www.ahorramas.com/alimentacion/?pmin=0.01&start=0&sz=140,alimentacion
ahorramas,Cereal copos de avena suave Alipende 1k,cereal copos de avena suave alipende 1k,1.68,https://www.ahorramas.com/alimentacion/?pmin=0.01&start=0&sz=140,alimentacion
ahorramas,Alubia pinta cocida Alipende 400g,alubia pinta cocida alipende 400g,1.25,https://www.ahorramas.com/alimentacion/?pmin=0.01&start=0&sz=140,alimentacion
ahorramas,Café molido Alipende 250g colombia tueste natural,cafe molido alipende 250g colombia tueste natural,3.60,https://www.ahorramas.com/alimentacion/?pmin=0.01&start=0&sz=140,alimentacion
ahorramas,Biscotes Wassa 205g original,biscotes wassa 205g original,2.26,https://www.ahorramas.com/alimentacion/?pmin=0.01&start=0&sz=140,alimentacion
ahorramas,Pan cristal Méndez 120g,pan cristal mendez 120g,1.13,https://www.ahorramas.com/alimentacion/?pmin=0.01&start=0&sz=140,alimentacion
ahorramas,Semillas de lino Naturcesta 400g,semillas de lino naturcesta 400g,2.20,https://www.ahorramas.com/alimentacion/?pmin=0.01&start=0&sz=140,alimentacion
ahorramas,"Aceite de oliva Spray Carbonell 200ml 0,4º","aceite de oliva spray carbonell 200ml 0,4o",1.99,https://www.ahorramas.com/alimentacion/?pmin=0.01&start=0&sz=140,alimentacion
ahorramas,Barquillo relleno crema vainilla s/azúcar Gullón 180g,barquillo relleno crema vainilla s/azucar gullon 180g,1.50,https://www.ahorramas.com/alimentacion/?pmin=0.01&start=0&sz=140,alimentacion
ahorramas,Café soluble Alipende descafeinado 200g mezcla,cafe soluble alipende descafeinado 200g mezcla,4.95,https://www.ahorramas.com/alimentacion/?pmin=0.01&start=0&sz=140,alimentacion
ahorramas,Alubia roja guisada a la vasca Litoral 435g,alubia roja guisada a la vasca litoral 435g,2.85,https://www.ahorramas.com/alimentacion/?pmin=0.01&start=0&sz=140,alimentacion
ahorramas,Conchas Codan 550g,conchas codan 550g,3.59,https://www.ahorramas.com/alimentacion/?pmin=0.01&start=0&sz=140,alimentacion
ahorramas,Café soluble Nescafé 200g natural,cafe soluble nescafe 200g natural,8.50,https://www.ahorramas.com/alimentacion/?pmin=0.01&start=0&sz=140,alimentacion
ahorramas,Ajo Alipende 300g en polvo,ajo alipende 300g en polvo,3.78,https://www.ahorramas.com/alimentacion/?pmin=0.01&start=0&sz=140,alimentacion
ahorramas,Arroz Alipende 1kg basmati,arroz alipende 1kg basmati,2.20,https://www.ahorramas.com/alimentacion/?pmin=0.01&start=0&sz=140,alimentacion
ahorramas,Pizza Casa Tarradellas 390g cuatro quesos,pizza casa tarradellas 390g cuatro quesos,3.19,https://www.ahorramas.com/alimentacion/?pmin=0.01&start=0&sz=140,alimentacion
ahorramas,Aceite oliva virgen extra hojiblanca Abril 500ml,aceite oliva virgen extra hojiblanca abril 500ml,2.95,https://www.ahorramas.com/alimentacion/?pmin=0.01&start=0&sz=140,alimentacion
ahorramas,Galletas sándwich de yogurt con cereales integrales Sin Azúcares añadidos Gullón Zero 220g,galletas sandwich de yogurt con cereales integrales sin azucares anadidos gullon zero 220g,2.95,https://www.ahorramas.com/alimentacion/?pmin=0.01&start=0&sz=140,alimentacion
ahorramas,Radiatori Garofalo 500g,radiatori garofalo 500g,1.79,https://www.ahorramas.com/alimentacion/?pmin=0.01&start=0&sz=140,alimentacion
ahorramas,Empanada de hojaldre Mendoza 600g atún,empanada de hojaldre mendoza 600g atun,5.29,https://www.ahorramas.com/alimentacion/?pmin=0.01&start=0&sz=140,alimentacion
ahorramas,Arroz Brillante 1kg vaporizado,arroz brillante 1kg vaporizado,1.98,https://www.ahorramas.com/alimentacion/?pmin=0.01&start=0&sz=140,alimentacion
ahorramas,Café molido Marcilla 500g mezcla,cafe molido marcilla 500g mezcla,8.95,https://www.ahorramas.com/alimentacion/?pmin=0.01&start=0&sz=140,alimentacion
ahorramas,Suizos 4 uds,suizos 4 uds,3.20,https://www.ahorramas.com/alimentacion/?pmin=0.01&start=0&sz=140,alimentacion
ahorramas,"Tarta laminada Alipende 1,1l","tarta laminada alipende 1,1l",2.29,https://www.ahorramas.com/alimentacion/?pmin=0.01&start=0&sz=140,alimentacion
ahorramas,Pepinillos agridulce sin gluten Alipende 370g,pepinillos agridulce sin gluten alipende 370g,1.75,https://www.ahorramas.com/alimentacion/?pmin=0.01&start=0&sz=140,alimentacion
ahorramas,Puré de patata Alipende 500g,pure de patata alipende 500g,2.29,https://www.ahorramas.com/alimentacion/?pmin=0.01&start=0&sz=140,alimentacion
ahorramas,Snack de patata cheetos 75g pandilla,snack de patata cheetos 75g pandilla,1.89,https://www.ahorramas.com/alimentacion/?pmin=0.01&start=0&sz=140,alimentacion
ahorramas,Esparrago blanco corto Napal 110g,esparrago blanco corto napal 110g,1.25,https://www.ahorramas.com/alimentacion/?pmin=0.01&start=0&sz=140,alimentacion
ahorramas,Crema de verduras Alipende 500ml,crema de verduras alipende 500ml,1.00,https://www.ahorramas.com/alimentacion/?pmin=0.01&start=0&sz=140,alimentacion
ahorramas,Zamburiña en salsa vieira Orbe 63g,zamburina en salsa vieira orbe 63g,2.20,https://www.ahorramas.com/alimentacion/?pmin=0.01&start=0&sz=140,alimentacion
ahorramas,Cereales Cheerios 300g avena,cereales cheerios 300g avena,3.79,https://www.ahorramas.com/alimentacion/?pmin=0.01&start=0&sz=140,alimentacion
ahorramas,Mejillon Alipende 69g 8/12 escabeche,mejillon alipende 69g 8/12 escabeche,2.50,https://www.ahorramas.com/alimentacion/?pmin=0.01&start=0&sz=140,alimentacion
ahorramas,Mollete de Antequera 2 uds 160g,mollete de antequera 2 uds 160g,1.03,https://www.ahorramas.com/alimentacion/?pmin=0.01&start=0&sz=140,alimentacion
ahorramas,Patatas fritas de Soria Artefritas 130g,patatas fritas de soria artefritas 130g,1.79,https://www.ahorramas.com/alimentacion/?pmin=0.01&start=0&sz=140,alimentacion
ahorramas,Medias noches Dulca 200g horneados a fuego lento,medias noches dulca 200g horneados a fuego lento,1.29,https://www.ahorramas.com/alimentacion/?pmin=0.01&start=0&sz=140,alimentacion
ahorramas,Palomitas sal microondas s/gluten Alipende pack 3,palomitas sal microondas s/gluten alipende pack 3,1.00,https://www.ahorramas.com/alimentacion/?pmin=0.01&start=0&sz=140,alimentacion
ahorramas,Pepinillos laminados Hugo Reitzel 270g,pepinillos laminados hugo reitzel 270g,1.99,https://www.ahorramas.com/alimentacion/?pmin=0.01&start=0&sz=140,alimentacion
ahorramas,Snack de patata Pringles 165g sour cream&onion,snack de patata pringles 165g sour cream&onion,1.75,https://www.ahorramas.com/alimentacion/?pmin=0.01&start=0&sz=140,alimentacion
ahorramas,Lasaña Dunany 350g boloñesa,lasana dunany 350g bolonesa,2.60,https://www.ahorramas.com/alimentacion/?pmin=0.01&start=0&sz=140,alimentacion
ahorramas,Cocktail Alipende 200g pack 2 aceite de oliva,cocktail alipende 200g pack 2 aceite de oliva,1.61,https://www.ahorramas.com/alimentacion/?pmin=0.01&start=0&sz=140,alimentacion
ahorramas,Miel de flores Alipende 500g antigoteo,miel de flores alipende 500g antigoteo,3.05,https://www.ahorramas.com/alimentacion/?pmin=0.01&start=0&sz=140,alimentacion
ahorramas,Ensalada china sin gluten Alipende 190g,ensalada china sin gluten alipende 190g,1.59,https://www.ahorramas.com/alimentacion/?pmin=0.01&start=0&sz=140,alimentacion
ahorramas,Crema ligera de verduras Knorr 500ml,crema ligera de verduras knorr 500ml,1.89,https://www.ahorramas.com/alimentacion/?pmin=0.01&start=0&sz=140,alimentacion
ahorramas,Muesli crujiente Alipende 500g con chocolate negro,muesli crujiente alipende 500g con chocolate negro,2.45,https://www.ahorramas.com/alimentacion/?pmin=0.01&start=0&sz=140,alimentacion
ahorramas,Espirales Alipende 500g,espirales alipende 500g,0.80,https://www.ahorramas.com/alimentacion/?pmin=0.01&start=0&sz=140,alimentacion
ahorramas,Pan burger TGB 160g,pan burger tgb 160g,1.99,https://www.ahorramas.com/alimentacion/?pmin=0.01&start=0&sz=140,alimentacion
ahorramas,Cereales integrales Alipende 500g copos con frutos rojos,cereales integrales alipende 500g copos con frutos rojos,2.80,https://www.ahorramas.com/alimentacion/?pmin=0.01&start=0&sz=140,alimentacion
ahorramas,Patatas fritas Alipende 150g extracrujiente,patatas fritas alipende 150g extracrujiente,1.35,https://www.ahorramas.com/alimentacion/?pmin=0.01&start=0&sz=140,alimentacion
ahorramas,Pizza fresca pepperoni Casa Tarradellas 400 g,pizza fresca pepperoni casa tarradellas 400 g,3.19,https://www.ahorramas.com/alimentacion/?pmin=0.01&start=0&sz=140,alimentacion
ahorramas,Galleta maría Alipende 800g integral,galleta maria alipende 800g integral,1.40,https://www.ahorramas.com/alimentacion/?pmin=0.01&start=0&sz=140,alimentacion
ahorramas,Limón exprimido Solimón 500ml,limon exprimido solimon 500ml,1.69,https://www.ahorramas.com/alimentacion/?pmin=0.01&start=0&sz=140,alimentacion
ahorramas,Pipón aguasal súper Alipende 200g,pipon aguasal super alipende 200g,1.10,https://www.ahorramas.com/alimentacion/?pmin=0.01&start=0&sz=140,alimentacion
ahorramas,Sal Alipende 1kg gorda,sal alipende 1kg gorda,0.40,https://www.ahorramas.com/alimentacion/?pmin=0.01&start=0&sz=140,alimentacion
ahorramas,Atún Albo pack 3 en aceite oliva virgen extra,atun albo pack 3 en aceite oliva virgen extra,7.25,https://www.ahorramas.com/alimentacion/?pmin=0.01&start=0&sz=140,alimentacion
ahorramas,Café molido descafeinado Alipende 250g mezcla 50/50,cafe molido descafeinado alipende 250g mezcla 50/50,2.95,https://www.ahorramas.com/alimentacion/?pmin=0.01&start=0&sz=140,alimentacion
ahorramas,Cocido madrileño sin gluten Alipende 440g,cocido madrileno sin gluten alipende 440g,1.50,https://www.ahorramas.com/alimentacion/?pmin=0.01&start=0&sz=140,alimentacion
ahorramas,Salsa para pizza Helios 380g,salsa para pizza helios 380g,1.59,https://www.ahorramas.com/alimentacion/?pmin=0.01&start=0&sz=140,alimentacion
ahorramas,Patatas fritas lays 150g campesina,patatas fritas lays 150g campesina,1.69,https://www.ahorramas.com/alimentacion/?pmin=0.01&start=0&sz=140,alimentacion
ahorramas,Pan tostado integral Recondo 30 uds,pan tostado integral recondo 30 uds,2.35,https://www.ahorramas.com/alimentacion/?pmin=0.01&start=0&sz=140,alimentacion
ahorramas,Pizza Casa Tarradellas 415g romana,pizza casa tarradellas 415g romana,3.19,https://www.ahorramas.com/alimentacion/?pmin=0.01&start=0&sz=140,alimentacion
ahorramas,Caldo casero Gallina Blanca 1l cocido 100% natural,caldo casero gallina blanca 1l cocido 100% natural,2.20,https://www.ahorramas.com/alimentacion/?pmin=0.01&start=0&sz=140,alimentacion
ahorramas,Melocotón en almibar ligero Alipende 480g en mitades,melocoton en almibar ligero alipende 480g en mitades,2.05,https://www.ahorramas.com/alimentacion/?pmin=0.01&start=0&sz=140,alimentacion
ahorramas,Bonito del norte en aceite de oliva Alipende 260g,bonito del norte en aceite de oliva alipende 260g,7.85,https://www.ahorramas.com/alimentacion/?pmin=0.01&start=0&sz=140,alimentacion
ahorramas,Pipa calabaza Alipende 150g,pipa calabaza alipende 150g,1.90,https://www.ahorramas.com/alimentacion/?pmin=0.01&start=0&sz=140,alimentacion
ahorramas,Manzanilla Alipende 20u con anís,manzanilla alipende 20u con anis,0.85,https://www.ahorramas.com/alimentacion/?pmin=0.01&start=0&sz=140,alimentacion
ahorramas,Pan de molde centeno Tradipan 450g,pan de molde centeno tradipan 450g,1.84,https://www.ahorramas.com/alimentacion/?pmin=0.01&start=0&sz=140,alimentacion
ahorramas,Arroz Alipende 1kg vaporizado,arroz alipende 1kg vaporizado,1.65,https://www.ahorramas.com/alimentacion/?pmin=0.01&start=0&sz=140,alimentacion
ahorramas,Copos de avena integral suaves ecológicos Alipende 1kg,copos de avena integral suaves ecologicos alipende 1kg,2.99,https://www.ahorramas.com/alimentacion/?pmin=0.01&start=0&sz=140,alimentacion
ahorramas,Pizza Alipende 400g cuatro quesos,pizza alipende 400g cuatro quesos,2.90,https://www.ahorramas.com/alimentacion/?pmin=0.01&start=0&sz=140,alimentacion
ahorramas,Pasta fresca tortellini Alipende 250g relleno de carne,pasta fresca tortellini alipende 250g relleno de carne,1.90,https://www.ahorramas.com/alimentacion/?pmin=0.01&start=0&sz=140,alimentacion
ahorramas,Ensaladilla ensalandia 250g cangrejo,ensaladilla ensalandia 250g cangrejo,1.80,https://www.ahorramas.com/alimentacion/?pmin=0.01&start=0&sz=140,alimentacion
ahorramas,Hélices Gallo 450g con vegetales,helices gallo 450g con vegetales,1.79,https://www.ahorramas.com/alimentacion/?pmin=0.01&start=0&sz=140,alimentacion
ahorramas,Bizcochos Maydul 250g,bizcochos maydul 250g,1.40,https://www.ahorramas.com/alimentacion/?pmin=0.01&start=0&sz=140,alimentacion
ahorramas,Colines Alipende 250g,colines alipende 250g,0.66,https://www.ahorramas.com/alimentacion/?pmin=0.01&start=0&sz=140,alimentacion
ahorramas,Mejillón concha Marvalmar 250g al natural,mejillon concha marvalmar 250g al natural,3.99,https://www.ahorramas.com/alimentacion/?pmin=0.01&start=0&sz=140,alimentacion
ahorramas,Chocolatina Huesitos pack 10,chocolatina huesitos pack 10,2.79,https://www.ahorramas.com/alimentacion/?pmin=0.01&start=0&sz=140,alimentacion
ahorramas,Pizza Alipende 400g pollo y bacon,pizza alipende 400g pollo y bacon,2.90,https://www.ahorramas.com/alimentacion/?pmin=0.01&start=0&sz=140,alimentacion
ahorramas,Picatostes Alipende ajo pack 2 150g,picatostes alipende ajo pack 2 150g,1.21,https://www.ahorramas.com/alimentacion/?pmin=0.01&start=0&sz=140,alimentacion
ahorramas,Snacks de pan Bruscheta tomate y mozzarella 70g,snacks de pan bruscheta tomate y mozzarella 70g,0.95,https://www.ahorramas.com/alimentacion/?pmin=0.01&start=0&sz=140,alimentacion
ahorramas,Mini biscotes Alipende 120g,mini biscotes alipende 120g,0.76,https://www.ahorramas.com/alimentacion/?pmin=0.01&start=0&sz=140,alimentacion
ahorramas,Macarrones Carretilla 325g carbonara,macarrones carretilla 325g carbonara,2.99,https://www.ahorramas.com/alimentacion/?pmin=0.01&start=0&sz=140,alimentacion
ahorramas,Risketos de queso y maiz Risi 135g,risketos de queso y maiz risi 135g,1.60,https://www.ahorramas.com/alimentacion/?pmin=0.01&start=0&sz=140,alimentacion
ahorramas,Patatas fritas lays 150g vinagreta,patatas fritas lays 150g vinagreta,1.99,https://www.ahorramas.com/alimentacion/?pmin=0.01&start=0&sz=140,alimentacion
ahorramas,Mejillon Alipende pack 3 en escabeche,mejillon alipende pack 3 en escabeche,2.65,https://www.ahorramas.com/alimentacion/?pmin=0.01&start=0&sz=140,alimentacion
ahorramas,Barritas cereales con plátano y chocolate Alipende 156g,barritas cereales con platano y chocolate alipende 156g,1.69,https://www.ahorramas.com/alimentacion/?pmin=0.01&start=0&sz=140,alimentacion
ahorramas,Albóndigas Alipende 300g con salsa de tomate,albondigas alipende 300g con salsa de tomate,2.99,https://www.ahorramas.com/alimentacion/?pmin=0.01&start=0&sz=140,alimentacion
ahorramas,Nuez con cáscara,nuez con cascara,5.00,https://www.ahorramas.com/alimentacion/?pmin=0.01&start=0&sz=140,alimentacion
ahorramas,Snack de maíz alipenditos 85g,snack de maiz alipenditos 85g,0.79,https://www.ahorramas.com/alimentacion/?pmin=0.01&start=0&sz=140,alimentacion
ahorramas,Almendra cruda Alipende 125g estándar,almendra cruda alipende 125g estandar,1.90,https://www.ahorramas.com/alimentacion/?pmin=0.01&start=0&sz=140,alimentacion
ahorramas,Paella valenciana Alipende 250g,paella valenciana alipende 250g,2.25,https://www.ahorramas.com/alimentacion/?pmin=0.01&start=0&sz=140,alimentacion
ahorramas,Almendra largueta tostada Alipende 200g,almendra largueta tostada alipende 200g,2.85,https://www.ahorramas.com/alimentacion/?pmin=0.01&start=0&sz=140,alimentacion
ahorramas,Carrilleras salsa con patatas y setas Carretilla 300g,carrilleras salsa con patatas y setas carretilla 300g,4.99,https://www.ahorramas.com/alimentacion/?pmin=0.01&start=0&sz=140,alimentacion
ahorramas,Garbanzo cocido eco Alta Cocina 500g,garbanzo cocido eco alta cocina 500g,2.25,https://www.ahorramas.com/alimentacion/?pmin=0.01&start=0&sz=140,alimentacion
ahorramas,Pistacho gordo tostado,pistacho gordo tostado,14.90,https://www.ahorramas.com/alimentacion/?pmin=0.01&start=0&sz=140,alimentacion
ahorramas,Salsa cesar Heinz 400ml,salsa cesar heinz 400ml,2.99,https://www.ahorramas.com/alimentacion/?pmin=0.01&start=0&sz=140,alimentacion
ahorramas,Magdalenas sin azúcar añadido La Bella Easo 232g,magdalenas sin azucar anadido la bella easo 232g,2.39,https://www.ahorramas.com/alimentacion/?pmin=0.01&start=0&sz=140,alimentacion
ahorramas,Galleta digestive Alipende 425g avena,galleta digestive alipende 425g avena,1.00,https://www.ahorramas.com/alimentacion/?pmin=0.01&start=0&sz=140,alimentacion
ahorramas,Azúcar blanco Azucarera 50u en sobres,azucar blanco azucarera 50u en sobres,1.25,https://www.ahorramas.com/alimentacion/?pmin=0.01&start=0&sz=140,alimentacion
ahorramas,Callos a la madrileña sin gluten Litoral 370g,callos a la madrilena sin gluten litoral 370g,4.75,https://www.ahorramas.com/alimentacion/?pmin=0.01&start=0&sz=140,alimentacion
ahorramas,Galleta de mantequilla Mels 454g,galleta de mantequilla mels 454g,3.80,https://www.ahorramas.com/alimentacion/?pmin=0.01&start=0&sz=140,alimentacion
ahorramas,Anacardo frito Alipende 200g,anacardo frito alipende 200g,2.70,https://www.ahorramas.com/alimentacion/?pmin=0.01&start=0&sz=140,alimentacion
ahorramas,Mayonesa Helios 20 bolsitas individuales,mayonesa helios 20 bolsitas individuales,1.75,https://www.ahorramas.com/alimentacion/?pmin=0.01&start=0&sz=140,alimentacion
ahorramas,Coctel de frutas Norvi pack 3 tropical,coctel de frutas norvi pack 3 tropical,2.99,https://www.ahorramas.com/alimentacion/?pmin=0.01&start=0&sz=140,alimentacion
ahorramas,Atún Alipende 650g en escabeche,atun alipende 650g en escabeche,6.99,https://www.ahorramas.com/alimentacion/?pmin=0.01&start=0&sz=140,alimentacion
ahorramas,Harina de trigo Gallo 1kg,harina de trigo gallo 1kg,1.49,https://www.ahorramas.com/alimentacion/?pmin=0.01&start=0&sz=140,alimentacion
ahorramas,Esparragos blancos muy grueso Alipende 325g (9/12 piezas),esparragos blancos muy grueso alipende 325g (9/12 piezas),2.90,https://www.ahorramas.com/alimentacion/?pmin=0.01&start=0&sz=140,alimentacion
ahorramas,Levadura fresca Levanova 50g,levadura fresca levanova 50g,0.50,https://www.ahorramas.com/alimentacion/?pmin=0.01&start=0&sz=140,alimentacion
ahorramas,Harina de garbanzos sin gluten Haricaman 500g,harina de garbanzos sin gluten haricaman 500g,1.99,https://www.ahorramas.com/alimentacion/?pmin=0.01&start=0&sz=140,alimentacion
ahorramas,Barra de pan 100% integral 250g,barra de pan 100% integral 250g,1.30,https://www.ahorramas.com/alimentacion/?pmin=0.01&start=0&sz=140,alimentacion
ahorramas,Bizcocho de anís Codan 468g,bizcocho de anis codan 468g,2.99,https://www.ahorramas.com/alimentacion/?pmin=0.01&start=0&sz=140,alimentacion
ahorramas,Patatas fritas onduladas jamón Alipende 150g,patatas fritas onduladas jamon alipende 150g,1.20,https://www.ahorramas.com/alimentacion/?pmin=0.01&start=0&sz=140,alimentacion
ahorramas,Cacao instantáneo sin gluten Nesquik 390g,cacao instantaneo sin gluten nesquik 390g,3.95,https://www.ahorramas.com/alimentacion/?pmin=0.01&start=0&sz=140,alimentacion
ahorramas,Tortita de arroz Alipende 130g,tortita de arroz alipende 130g,1.15,https://www.ahorramas.com/alimentacion/?pmin=0.01&start=0&sz=140,alimentacion
ahorramas,Tortillas trigo Mexifoods fajitas 8 uds 320g,tortillas trigo mexifoods fajitas 8 uds 320g,1.65,https://www.ahorramas.com/alimentacion/?pmin=0.01&start=0&sz=140,alimentacion
ahorramas,Cúrcuma Alipende 40g,curcuma alipende 40g,0.75,https://www.ahorramas.com/alimentacion/?pmin=0.01&start=0&sz=140,alimentacion
ahorramas,Arroz a banda Grastraval 320g,arroz a banda grastraval 320g,3.29,https://www.ahorramas.com/alimentacion/?pmin=0.01&start=0&sz=140,alimentacion
ahorramas,Patatas sabor jamón Ruffles 150g,patatas sabor jamon ruffles 150g,1.99,https://www.ahorramas.com/alimentacion/?pmin=0.01&start=0&sz=140,alimentacion
ahorramas,Chocolate con leche Nestlé 123g con almendras,chocolate con leche nestle 123g con almendras,2.49,https://www.ahorramas.com/alimentacion/?pmin=0.01&start=0&sz=140,alimentacion
ahorramas,Callos con garbanzos Litoral 370g,callos con garbanzos litoral 370g,4.75,https://www.ahorramas.com/alimentacion/?pmin=0.01&start=0&sz=140,alimentacion
ahorramas,Salsa Hellmann'S 250ml mostaza,salsa hellmann's 250ml mostaza,2.25,https://www.ahorramas.com/alimentacion/?pmin=0.01&start=0&sz=140,alimentacion
ahorramas,Harina de maiz sin gluten P.A.N 1kg blanca precocida,harina de maiz sin gluten p.a.n 1kg blanca precocida,2.50,https://www.ahorramas.com/alimentacion/?pmin=0.01&start=0&sz=140,alimentacion
ahorramas,Altramuces super extra Saladitos 380g,altramuces super extra saladitos 380g,1.50,https://www.ahorramas.com/alimentacion/?pmin=0.01&start=0&sz=140,alimentacion
ahorramas,Sobaos Alipende 18 uds 340g,sobaos alipende 18 uds 340g,1.90,https://www.ahorramas.com/alimentacion/?pmin=0.01&start=0&sz=140,alimentacion
ahorramas,Empanada 500g pollo y setas,empanada 500g pollo y setas,3.60,https://www.ahorramas.com/alimentacion/?pmin=0.01&start=0&sz=140,alimentacion
ahorramas,Migas floristan 500g,migas floristan 500g,4.10,https://www.ahorramas.com/alimentacion/?pmin=0.01&start=0&sz=140,alimentacion
ahorramas,Edulcorante Natreen 400u en comprimidos,edulcorante natreen 400u en comprimidos,3.29,https://www.ahorramas.com/alimentacion/?pmin=0.01&start=0&sz=140,alimentacion
ahorramas,Vinagre bio Manuel Busto 500ml sidra manzana,vinagre bio manuel busto 500ml sidra manzana,3.19,https://www.ahorramas.com/alimentacion/?pmin=0.01&start=0&sz=140,alimentacion
ahorramas,Ensaladilla rusa gourmet Ensalandia 450g,ensaladilla rusa gourmet ensalandia 450g,2.52,https://www.ahorramas.com/alimentacion/?pmin=0.01&start=0&sz=140,alimentacion
ahorramas,Canela molida Alipende 34g,canela molida alipende 34g,0.75,https://www.ahorramas.com/alimentacion/?pmin=0.01&start=0&sz=140,alimentacion
ahorramas,Mafalda Garofalo 500g corta,mafalda garofalo 500g corta,1.79,https://www.ahorramas.com/alimentacion/?pmin=0.01&start=0&sz=140,alimentacion
ahorramas,Nachos Alipende 150g,nachos alipende 150g,0.90,https://www.ahorramas.com/alimentacion/?pmin=0.01&start=0&sz=140,alimentacion
ahorramas,Arroz 3 delicias Ta-tung 250g,arroz 3 delicias ta-tung 250g,2.80,https://www.ahorramas.com/alimentacion/?pmin=0.01&start=0&sz=140,alimentacion
ahorramas,Alubia sin gluten Alipende 430g con oreja,alubia sin gluten alipende 430g con oreja,1.75,https://www.ahorramas.com/alimentacion/?pmin=0.01&start=0&sz=140,alimentacion
ahorramas,Burger chapata cristalina 2 uds,burger chapata cristalina 2 uds,1.50,https://www.ahorramas.com/alimentacion/?pmin=0.01&start=0&sz=140,alimentacion
ahorramas,Café molido descafeinado Saimaza 250g mezcla,cafe molido descafeinado saimaza 250g mezcla,4.49,https://www.ahorramas.com/alimentacion/?pmin=0.01&start=0&sz=140,alimentacion
ahorramas,Salmorejo fresco García Millán 330ml,salmorejo fresco garcia millan 330ml,1.65,https://www.ahorramas.com/alimentacion/?pmin=0.01&start=0&sz=140,alimentacion
ahorramas,Caldo natural de pollo con jamón Aneto 1l,caldo natural de pollo con jamon aneto 1l,4.30,https://www.ahorramas.com/alimentacion/?pmin=0.01&start=0&sz=140,alimentacion
ahorramas,Atún bajo en sal Alipende pack 3 en aceite oliva,atun bajo en sal alipende pack 3 en aceite oliva,2.89,https://www.ahorramas.com/alimentacion/?pmin=0.01&start=0&sz=140,alimentacion
ahorramas,Tomate tumaca al natural Alipende pack 2,tomate tumaca al natural alipende pack 2,1.90,https://www.ahorramas.com/alimentacion/?pmin=0.01&start=0&sz=140,alimentacion
ahorramas,Colines integrales Alipende 250g,colines integrales alipende 250g,0.66,https://www.ahorramas.com/alimentacion/?pmin=0.01&start=0&sz=140,alimentacion
ahorramas,Sardinas Albo 85g en aceite de oliva,sardinas albo 85g en aceite de oliva,2.35,https://www.ahorramas.com/alimentacion/?pmin=0.01&start=0&sz=140,alimentacion
ahorramas,Almendra cruda c/piel Frumesa 200g,almendra cruda c/piel frumesa 200g,2.85,https://www.ahorramas.com/alimentacion/?pmin=0.01&start=0&sz=140,alimentacion
ahorramas,Tomate entero pelado categoría extra Alipende 240g,tomate entero pelado categoria extra alipende 240g,0.80,https://www.ahorramas.com/alimentacion/?pmin=0.01&start=0&sz=140,alimentacion
ahorramas,Filete caballa bajo en sal Calvo 82g en aceite oliva,filete caballa bajo en sal calvo 82g en aceite oliva,2.29,https://www.ahorramas.com/alimentacion/?pmin=0.01&start=0&sz=140,alimentacion
ahorramas,Galleta de barquillo artinata 210g,galleta de barquillo artinata 210g,2.00,https://www.ahorramas.com/alimentacion/?pmin=0.01&start=0&sz=140,alimentacion
ahorramas,Tomate frito estilo casero sin gluten Alipende 350g,tomate frito estilo casero sin gluten alipende 350g,1.50,https://www.ahorramas.com/alimentacion/?pmin=0.01&start=0&sz=140,alimentacion
ahorramas,Sardinas en tomate Alipende 2 unidades 85g,sardinas en tomate alipende 2 unidades 85g,1.99,https://www.ahorramas.com/alimentacion/?pmin=0.01&start=0&sz=140,alimentacion
ahorramas,Alubia granja cocida Luengo 400g,alubia granja cocida luengo 400g,1.85,https://www.ahorramas.com/alimentacion/?pmin=0.01&start=0&sz=140,alimentacion
ahorramas,Maíz dulce Alipende pack 3 70g,maiz dulce alipende pack 3 70g,1.25,https://www.ahorramas.com/alimentacion/?pmin=0.01&start=0&sz=140,alimentacion
ahorramas,Galleta Chips Ahoy 160g mini,galleta chips ahoy 160g mini,1.99,https://www.ahorramas.com/alimentacion/?pmin=0.01&start=0&sz=140,alimentacion
ahorramas,Café extra intenso Origen&Sensations 16 cápsulas,cafe extra intenso origen&sensations 16 capsulas,3.55,https://www.ahorramas.com/alimentacion/?pmin=0.01&start=0&sz=140,alimentacion
ahorramas,Tomate seco en aceite Leyenda 110g,tomate seco en aceite leyenda 110g,2.30,https://www.ahorramas.com/alimentacion/?pmin=0.01&start=0&sz=140,alimentacion
ahorramas,Mermelada Helios pack 10 melocoton,mermelada helios pack 10 melocoton,1.79,https://www.ahorramas.com/alimentacion/?pmin=0.01&start=0&sz=140,alimentacion
ahorramas,Caldo casero Gallina Blanca 1l verduras 100% natural,caldo casero gallina blanca 1l verduras 100% natural,2.20,https://www.ahorramas.com/alimentacion/?pmin=0.01&start=0&sz=140,alimentacion
ahorramas,Salsa Gallo 190g pesto,salsa gallo 190g pesto,2.53,https://www.ahorramas.com/alimentacion/?pmin=0.01&start=0&sz=140,alimentacion
ahorramas,Espinaca Celorrio tarro de cristal 425g,espinaca celorrio tarro de cristal 425g,1.50,https://www.ahorramas.com/alimentacion/?pmin=0.01&start=0&sz=140,alimentacion
ahorramas,Pasta fresca ravioli Rana 250g relleno de pollo asado,pasta fresca ravioli rana 250g relleno de pollo asado,3.35,https://www.ahorramas.com/alimentacion/?pmin=0.01&start=0&sz=140,alimentacion
ahorramas,Cacahuete frito sin piel y sin sal Frumesa 200g,cacahuete frito sin piel y sin sal frumesa 200g,1.15,https://www.ahorramas.com/alimentacion/?pmin=0.01&start=0&sz=140,alimentacion
ahorramas,Pulpa de tomate Mutti 400g,pulpa de tomate mutti 400g,2.65,https://www.ahorramas.com/alimentacion/?pmin=0.01&start=0&sz=140,alimentacion
ahorramas,Cortezas de cerdo Alipende 75g,cortezas de cerdo alipende 75g,0.90,https://www.ahorramas.com/alimentacion/?pmin=0.01&start=0&sz=140,alimentacion
ahorramas,Corazón de alcachofa Cynara 240g 8/10,corazon de alcachofa cynara 240g 8/10,1.85,https://www.ahorramas.com/alimentacion/?pmin=0.01&start=0&sz=140,alimentacion
ahorramas,Ketchup cero Prima 265g,ketchup cero prima 265g,1.79,https://www.ahorramas.com/alimentacion/?pmin=0.01&start=0&sz=140,alimentacion
ahorramas,Café Brazil intensidad 8 Nescafé 18 cápsulas,cafe brazil intensidad 8 nescafe 18 capsulas,6.25,https://www.ahorramas.com/alimentacion/?pmin=0.01&start=0&sz=140,alimentacion
ahorramas,Aceite de oliva virgen Coosur Serie Oro 1l,aceite de oliva virgen coosur serie oro 1l,4.25,https://www.ahorramas.com/alimentacion/?pmin=0.01&start=0&sz=140,alimentacion
ahorramas,Galleta sin azúcar añadido zero Gullón 170g fibra,galleta sin azucar anadido zero gullon 170g fibra,1.50,https://www.ahorramas.com/alimentacion/?pmin=0.01&start=0&sz=140,alimentacion
ahorramas,Snack de Patata sabor Queso Cheetos Gustosines 75g,snack de patata sabor queso cheetos gustosines 75g,1.25,https://www.ahorramas.com/alimentacion/?pmin=0.01&start=0&sz=140,alimentacion
ahorramas,Callos Alipende 380g a la madrileña receta tradicional,callos alipende 380g a la madrilena receta tradicional,1.99,https://www.ahorramas.com/alimentacion/?pmin=0.01&start=0&sz=140,alimentacion
ahorramas,Barquillo relleno crema chocolate s/azúcar Gullón 180g,barquillo relleno crema chocolate s/azucar gullon 180g,1.50,https://www.ahorramas.com/alimentacion/?pmin=0.01&start=0&sz=140,alimentacion
ahorramas,Azúcar moreno Azucarera 50u en sobres,azucar moreno azucarera 50u en sobres,1.35,https://www.ahorramas.com/alimentacion/?pmin=0.01&start=0&sz=140,alimentacion
ahorramas,Berenjenas de almagro aliño suave Antonio 350g,berenjenas de almagro alino suave antonio 350g,3.89,https://www.ahorramas.com/alimentacion/?pmin=0.01&start=0&sz=140,alimentacion
ahorramas,Tomate frito aceite oliva extra sin gluten Orlando p3,tomate frito aceite oliva extra sin gluten orlando p3,2.85,https://www.ahorramas.com/alimentacion/?pmin=0.01&start=0&sz=140,alimentacion
ahorramas,Snacks de maíz Fritos Barbacoa 130g,snacks de maiz fritos barbacoa 130g,1.50,https://www.ahorramas.com/alimentacion/?pmin=0.01&start=0&sz=140,alimentacion
ahorramas,Plumas sin gluten Gallo 450g,plumas sin gluten gallo 450g,2.49,https://www.ahorramas.com/alimentacion/?pmin=0.01&start=0&sz=140,alimentacion
ahorramas,Tortas de aceite Inés Rosales 180g,tortas de aceite ines rosales 180g,2.20,https://www.ahorramas.com/alimentacion/?pmin=0.01&start=0&sz=140,alimentacion
ahorramas,Esparragos blancos extra cortos sin gluten Alipende 110g,esparragos blancos extra cortos sin gluten alipende 110g,1.85,https://www.ahorramas.com/alimentacion/?pmin=0.01&start=0&sz=140,alimentacion
ahorramas,Alcaparras Alipende 100g,alcaparras alipende 100g,1.59,https://www.ahorramas.com/alimentacion/?pmin=0.01&start=0&sz=140,alimentacion
ahorramas,Alubia Alipende 1kg pinta,alubia alipende 1kg pinta,2.50,https://www.ahorramas.com/alimentacion/?pmin=0.01&start=0&sz=140,alimentacion
ahorramas,Donettes 8 uds clásicos,donettes 8 uds clasicos,2.75,https://www.ahorramas.com/alimentacion/?pmin=0.01&start=0&sz=140,alimentacion
ahorramas,Masa de empanada Alipende 280g,masa de empanada alipende 280g,1.46,https://www.ahorramas.com/alimentacion/?pmin=0.01&start=0&sz=140,alimentacion
ahorramas,Cereales Alipende 500g copos de cacao,cereales alipende 500g copos de cacao,1.99,https://www.ahorramas.com/alimentacion/?pmin=0.01&start=0&sz=140,alimentacion
ahorramas,Bechamel Reny Picot 500ml,bechamel reny picot 500ml,2.29,https://www.ahorramas.com/alimentacion/?pmin=0.01&start=0&sz=140,alimentacion
ahorramas,Salsa Heinz 220ml curry y mango,salsa heinz 220ml curry y mango,2.49,https://www.ahorramas.com/alimentacion/?pmin=0.01&start=0&sz=140,alimentacion
ahorramas,Chocolate con leche sin gluten nestlé 100g Crunch,chocolate con leche sin gluten nestle 100g crunch,1.99,https://www.ahorramas.com/alimentacion/?pmin=0.01&start=0&sz=140,alimentacion
ahorramas,Aceitunas verdes con hueso campo real Guerra 250g,aceitunas verdes con hueso campo real guerra 250g,3.15,https://www.ahorramas.com/alimentacion/?pmin=0.01&start=0&sz=140,alimentacion
ahorramas,Pan de molde sin gluten Schär 300g clásico,pan de molde sin gluten schar 300g clasico,3.11,https://www.ahorramas.com/alimentacion/?pmin=0.01&start=0&sz=140,alimentacion
ahorramas,Crema de verduras Knorr 500ml,crema de verduras knorr 500ml,1.89,https://www.ahorramas.com/alimentacion/?pmin=0.01&start=0&sz=140,alimentacion
ahorramas,Fideo Gallo 450g nº4,fideo gallo 450g no4,1.39,https://www.ahorramas.com/alimentacion/?pmin=0.01&start=0&sz=140,alimentacion
ahorramas,Galletas de chocolate y 5 cereales Yayitas Fontaneda 600g,galletas de chocolate y 5 cereales yayitas fontaneda 600g,4.65,https://www.ahorramas.com/alimentacion/?pmin=0.01&start=0&sz=140,alimentacion
ahorramas,Banderillas dulces categoría extra Alipende 150g,banderillas dulces categoria extra alipende 150g,1.70,https://www.ahorramas.com/alimentacion/?pmin=0.01&start=0&sz=140,alimentacion
ahorramas,Picatostes fritos Alipende pack 2 150gr,picatostes fritos alipende pack 2 150gr,1.21,https://www.ahorramas.com/alimentacion/?pmin=0.01&start=0&sz=140,alimentacion
ahorramas,Caldo en pastillas Avecrem 12u pollo,caldo en pastillas avecrem 12u pollo,1.85,https://www.ahorramas.com/alimentacion/?pmin=0.01&start=0&sz=140,alimentacion
ahorramas,Picos camperos Gourmet 120g de centeno y quinoa,picos camperos gourmet 120g de centeno y quinoa,1.13,https://www.ahorramas.com/alimentacion/?pmin=0.01&start=0&sz=140,alimentacion
ahorramas,Masa para empanadillas oblea estilo Argentino Buitoni 350g,masa para empanadillas oblea estilo argentino buitoni 350g,1.18,https://www.ahorramas.com/alimentacion/?pmin=0.01&start=0&sz=140,alimentacion
ahorramas,Maíz frito Mister Corn Grefusa 160g,maiz frito mister corn grefusa 160g,1.99,https://www.ahorramas.com/alimentacion/?pmin=0.01&start=0&sz=140,alimentacion
ahorramas,Aceite oliva virgen extra Alipende 750ml,aceite oliva virgen extra alipende 750ml,5.95,https://www.ahorramas.com/alimentacion/?pmin=0.01&start=0&sz=140,alimentacion
ahorramas,Quelitas Quely pipas girasol 150g,quelitas quely pipas girasol 150g,1.13,https://www.ahorramas.com/alimentacion/?pmin=0.01&start=0&sz=140,alimentacion
ahorramas,Galletas choco crujientes Alipende 520g,galletas choco crujientes alipende 520g,2.65,https://www.ahorramas.com/alimentacion/?pmin=0.01&start=0&sz=140,alimentacion
ahorramas,Patatas fritas onduladas gourmet Lays 170g,patatas fritas onduladas gourmet lays 170g,1.99,https://www.ahorramas.com/alimentacion/?pmin=0.01&start=0&sz=140,alimentacion
ahorramas,Filetes de caballa en aceite de oliva Albo 85g,filetes de caballa en aceite de oliva albo 85g,2.85,https://www.ahorramas.com/alimentacion/?pmin=0.01&start=0&sz=140,alimentacion
ahorramas,Copos de avena Naturcesta 1kg multifruta,copos de avena naturcesta 1kg multifruta,3.65,https://www.ahorramas.com/alimentacion/?pmin=0.01&start=0&sz=140,alimentacion
ahorramas,Caramelos sin azúcar añadido Pictolín 200g eucalipto,caramelos sin azucar anadido pictolin 200g eucalipto,2.67,https://www.ahorramas.com/alimentacion/?pmin=0.01&start=0&sz=140,alimentacion
ahorramas,Tomate rallado tumaca aceite ajo La Gergaleña 200g,tomate rallado tumaca aceite ajo la gergalena 200g,1.69,https://www.ahorramas.com/alimentacion/?pmin=0.01&start=0&sz=140,alimentacion
ahorramas,Ensaladilla rusa sin gluten Carretilla 240g,ensaladilla rusa sin gluten carretilla 240g,2.39,https://www.ahorramas.com/alimentacion/?pmin=0.01&start=0&sz=140,alimentacion
ahorramas,Sopa Gallina Blanca 71g pollo con fideos finos,sopa gallina blanca 71g pollo con fideos finos,0.85,https://www.ahorramas.com/alimentacion/?pmin=0.01&start=0&sz=140,alimentacion
ahorramas,Pan Espiga 4 Cereales 280g,pan espiga 4 cereales 280g,0.94,https://www.ahorramas.com/alimentacion/?pmin=0.01&start=0&sz=140,alimentacion
ahorramas,"Pipas ""g"" Grefusa 165g tijuana","pipas ""g"" grefusa 165g tijuana",1.85,https://www.ahorramas.com/alimentacion/?pmin=0.01&start=0&sz=140,alimentacion
ahorramas,Empanada carne grande 800g,empanada carne grande 800g,4.60,https://www.ahorramas.com/alimentacion/?pmin=0.01&start=0&sz=140,alimentacion
ahorramas,Crema de cacao Nutella 200g,crema de cacao nutella 200g,2.49,https://www.ahorramas.com/alimentacion/?pmin=0.01&start=0&sz=140,alimentacion
ahorramas,Snack risi maíz y chía sin gluten con sal Mios! 150g,snack risi maiz y chia sin gluten con sal mios! 150g,1.59,https://www.ahorramas.com/alimentacion/?pmin=0.01&start=0&sz=140,alimentacion
ahorramas,Chocolate con leche extrafino Nestlé 270g,chocolate con leche extrafino nestle 270g,3.15,https://www.ahorramas.com/alimentacion/?pmin=0.01&start=0&sz=140,alimentacion
ahorramas,Galletas de chocolate con leche digestive Alipende 300g,galletas de chocolate con leche digestive alipende 300g,1.40,https://www.ahorramas.com/alimentacion/?pmin=0.01&start=0&sz=140,alimentacion
ahorramas,Pan de molde Alipende 500g maíz 5% semillas,pan de molde alipende 500g maiz 5% semillas,1.45,https://www.ahorramas.com/alimentacion/?pmin=0.01&start=0&sz=140,alimentacion
ahorramas,Mermelada fresas extra de temporada Hero 350g,mermelada fresas extra de temporada hero 350g,2.49,https://www.ahorramas.com/alimentacion/?pmin=0.01&start=0&sz=140,alimentacion
ahorramas,Bocaditos sabor limón Cuétara 150 gr,bocaditos sabor limon cuetara 150 gr,1.00,https://www.ahorramas.com/alimentacion/?pmin=0.01&start=0&sz=140,alimentacion
ahorramas,Cereales mix Nestlé 6 unidades,cereales mix nestle 6 unidades,3.65,https://www.ahorramas.com/alimentacion/?pmin=0.01&start=0&sz=140,alimentacion
ahorramas,Magdalena Luna 600g con yogur,magdalena luna 600g con yogur,2.69,https://www.ahorramas.com/alimentacion/?pmin=0.01&start=0&sz=140,alimentacion
ahorramas,Garbanzo Luengo 1kg,garbanzo luengo 1kg,3.95,https://www.ahorramas.com/alimentacion/?pmin=0.01&start=0&sz=140,alimentacion
ahorramas,Crema verduras sin gluten La Huerta 300ml,crema verduras sin gluten la huerta 300ml,1.50,https://www.ahorramas.com/alimentacion/?pmin=0.01&start=0&sz=140,alimentacion
ahorramas,Porciones de chocolate negro 85% Alipende 200g,porciones de chocolate negro 85% alipende 200g,3.80,https://www.ahorramas.com/alimentacion/?pmin=0.01&start=0&sz=140,alimentacion
ahorramas,Empanada gallega de carne 500g,empanada gallega de carne 500g,3.60,https://www.ahorramas.com/alimentacion/?pmin=0.01&start=0&sz=140,alimentacion
ahorramas,Palitos de maíz sin gluten Alipende 105g sabor queso,palitos de maiz sin gluten alipende 105g sabor queso,0.75,https://www.ahorramas.com/alimentacion/?pmin=0.01&start=0&sz=140,alimentacion
ahorramas,Pluma nº3 Gallo 450g,pluma no3 gallo 450g,1.39,https://www.ahorramas.com/alimentacion/?pmin=0.01&start=0&sz=140,alimentacion
ahorramas,Pimentón Alipende lata 75g dulce,pimenton alipende lata 75g dulce,1.30,https://www.ahorramas.com/alimentacion/?pmin=0.01&start=0&sz=140,alimentacion
ahorramas,Palomitas mantequilla microondas s/gluten Alipende pack 3,palomitas mantequilla microondas s/gluten alipende pack 3,1.20,https://www.ahorramas.com/alimentacion/?pmin=0.01&start=0&sz=140,alimentacion
ahorramas,Cominos Alipende 45g molidos,cominos alipende 45g molidos,0.75,https://www.ahorramas.com/alimentacion/?pmin=0.01&start=0&sz=140,alimentacion
ahorramas,Café descafeinado intenso Dolce Gusto 16 cápsulas,cafe descafeinado intenso dolce gusto 16 capsulas,5.20,https://www.ahorramas.com/alimentacion/?pmin=0.01&start=0&sz=140,alimentacion
ahorramas,Rosquilla Los Segovianos 500g,rosquilla los segovianos 500g,4.99,https://www.ahorramas.com/alimentacion/?pmin=0.01&start=0&sz=140,alimentacion
ahorramas,Mostaza Alipende 300ml,mostaza alipende 300ml,1.05,https://www.ahorramas.com/alimentacion/?pmin=0.01&start=0&sz=140,alimentacion
ahorramas,Spaghetti Alipende 500g,spaghetti alipende 500g,0.80,https://www.ahorramas.com/alimentacion/?pmin=0.01&start=0&sz=140,alimentacion
ahorramas,Macarrón rayado Alipende 500g con vegetales,macarron rayado alipende 500g con vegetales,1.10,https://www.ahorramas.com/alimentacion/?pmin=0.01&start=0&sz=140,alimentacion
ahorramas,Piña en su jugo en rodajas Celorrrio pack 3,pina en su jugo en rodajas celorrrio pack 3,2.59,https://www.ahorramas.com/alimentacion/?pmin=0.01&start=0&sz=140,alimentacion
ahorramas,Cebolla frita crujiente Argente 100g,cebolla frita crujiente argente 100g,1.29,https://www.ahorramas.com/alimentacion/?pmin=0.01&start=0&sz=140,alimentacion
ahorramas,Salsa Mui 300ml brava,salsa mui 300ml brava,2.15,https://www.ahorramas.com/alimentacion/?pmin=0.01&start=0&sz=140,alimentacion
ahorramas,Berenjenas de almagro troceada Antonio 300g,berenjenas de almagro troceada antonio 300g,3.89,https://www.ahorramas.com/alimentacion/?pmin=0.01&start=0&sz=140,alimentacion
ahorramas,Guacamole Fresh Mix 500g suave,guacamole fresh mix 500g suave,3.95,https://www.ahorramas.com/alimentacion/?pmin=0.01&start=0&sz=140,alimentacion
ahorramas,Tortillas trigo Mission 378g,tortillas trigo mission 378g,1.61,https://www.ahorramas.com/alimentacion/?pmin=0.01&start=0&sz=140,alimentacion
ahorramas,Gazpacho Alvalle suave 1l pack 2,gazpacho alvalle suave 1l pack 2,6.99,https://www.ahorramas.com/alimentacion/?pmin=0.01&start=0&sz=140,alimentacion
ahorramas,Snack cocktail Alipende 200g,snack cocktail alipende 200g,1.55,https://www.ahorramas.com/alimentacion/?pmin=0.01&start=0&sz=140,alimentacion
ahorramas,Fabada asturiana con selectos embutidos Litoral 850g,fabada asturiana con selectos embutidos litoral 850g,4.60,https://www.ahorramas.com/alimentacion/?pmin=0.01&start=0&sz=140,alimentacion
ahorramas,Mermelada extra Alipende 410g naranja amarga,mermelada extra alipende 410g naranja amarga,1.25,https://www.ahorramas.com/alimentacion/?pmin=0.01&start=0&sz=140,alimentacion
ahorramas,Cacao soluble sin gluten Alipende 900g,cacao soluble sin gluten alipende 900g,4.35,https://www.ahorramas.com/alimentacion/?pmin=0.01&start=0&sz=140,alimentacion
ahorramas,Golosinas Alipende 200g surtido brillo,golosinas alipende 200g surtido brillo,1.15,https://www.ahorramas.com/alimentacion/?pmin=0.01&start=0&sz=140,alimentacion
ahorramas,Mini hoop 5 uds glass,mini hoop 5 uds glass,1.35,https://www.ahorramas.com/alimentacion/?pmin=0.01&start=0&sz=140,alimentacion
ahorramas,Cóctel sanus Manzanares 200g,coctel sanus manzanares 200g,2.99,https://www.ahorramas.com/alimentacion/?pmin=0.01&start=0&sz=140,alimentacion
ahorramas,Vinagre balsámico Alipende 500ml módena,vinagre balsamico alipende 500ml modena,2.35,https://www.ahorramas.com/alimentacion/?pmin=0.01&start=0&sz=140,alimentacion
ahorramas,Fideo chino de arroz sin gluten Shuang he brand 400g,fideo chino de arroz sin gluten shuang he brand 400g,2.37,https://www.ahorramas.com/alimentacion/?pmin=0.01&start=0&sz=140,alimentacion
ahorramas,Cacao Colacao 760g,cacao colacao 760g,6.99,https://www.ahorramas.com/alimentacion/?pmin=0.01&start=0&sz=140,alimentacion
ahorramas,Pollo Asado Gourmet aprox 1kg troceado,pollo asado gourmet aprox 1kg troceado,7.10,https://www.ahorramas.com/alimentacion/?pmin=0.01&start=0&sz=140,alimentacion
ahorramas,Patatas fritas Alipende 200g artesanas onduladas,patatas fritas alipende 200g artesanas onduladas,1.46,https://www.ahorramas.com/alimentacion/?pmin=0.01&start=0&sz=140,alimentacion
ahorramas,Crema Knorr 500ml setas del bosque con champiñones,crema knorr 500ml setas del bosque con champinones,2.25,https://www.ahorramas.com/alimentacion/?pmin=0.01&start=0&sz=140,alimentacion
ahorramas,Café molido natural La Estrella 250g,cafe molido natural la estrella 250g,4.75,https://www.ahorramas.com/alimentacion/?pmin=0.01&start=0&sz=140,alimentacion
ahorramas,Café soluble natural La Estrella 190g,cafe soluble natural la estrella 190g,5.95,https://www.ahorramas.com/alimentacion/?pmin=0.01&start=0&sz=140,alimentacion
ahorramas,Magdalenas Laly sin lactosa y sin azúcar 450g,magdalenas laly sin lactosa y sin azucar 450g,2.79,https://www.ahorramas.com/alimentacion/?pmin=0.01&start=0&sz=140,alimentacion
ahorramas,Crema de vinagre balsámico Alipende 400ml módena,crema de vinagre balsamico alipende 400ml modena,2.88,https://www.ahorramas.com/alimentacion/?pmin=0.01&start=0&sz=140,alimentacion
ahorramas,"Aceite de oliva Alipende garrafa 5l 0,4º","aceite de oliva alipende garrafa 5l 0,4o",17.25,https://www.ahorramas.com/alimentacion/?pmin=0.01&start=0&sz=140,alimentacion
ahorramas,Cebolla caramelizada Ibsa tarro de cristal 240g,cebolla caramelizada ibsa tarro de cristal 240g,2.35,https://www.ahorramas.com/alimentacion/?pmin=0.01&start=0&sz=140,alimentacion
ahorramas,Soja texturizada Esgir 350g,soja texturizada esgir 350g,2.79,https://www.ahorramas.com/alimentacion/?pmin=0.01&start=0&sz=140,alimentacion
ahorramas,Pasta fresca tortellini Alipende 250g relleno de queso,pasta fresca tortellini alipende 250g relleno de queso,1.90,https://www.ahorramas.com/alimentacion/?pmin=0.01&start=0&sz=140,alimentacion
ahorramas,Calabacín gratinado de carne El Buen Comer Carretilla 350g,calabacin gratinado de carne el buen comer carretilla 350g,3.95,https://www.ahorramas.com/alimentacion/?pmin=0.01&start=0&sz=140,alimentacion
ahorramas,Puré de patata Mousline 460g,pure de patata mousline 460g,3.30,https://www.ahorramas.com/alimentacion/?pmin=0.01&start=0&sz=140,alimentacion
ahorramas,Tortilla de patata sin gluten Alipende 600g sin cebolla,tortilla de patata sin gluten alipende 600g sin cebolla,2.60,https://www.ahorramas.com/alimentacion/?pmin=0.01&start=0&sz=140,alimentacion
ahorramas,Mermelada de frambuesa Vieja Fábrica 280g,mermelada de frambuesa vieja fabrica 280g,2.69,https://www.ahorramas.com/alimentacion/?pmin=0.01&start=0&sz=140,alimentacion
ahorramas,Pan hot dogs Bimbo 4 uds,pan hot dogs bimbo 4 uds,1.89,https://www.ahorramas.com/alimentacion/?pmin=0.01&start=0&sz=140,alimentacion
ahorramas,Aceite de oliva virgen extra hojiblanca Coosur 1L,aceite de oliva virgen extra hojiblanca coosur 1l,4.99,https://www.ahorramas.com/alimentacion/?pmin=0.01&start=0&sz=140,alimentacion
ahorramas,Chocolate negro sin gluten Alipende 100g 72% de cacao,chocolate negro sin gluten alipende 100g 72% de cacao,1.85,https://www.ahorramas.com/alimentacion/?pmin=0.01&start=0&sz=140,alimentacion
ahorramas,Tarta Queso Granja Rinya 180g,tarta queso granja rinya 180g,1.69,https://www.ahorramas.com/alimentacion/?pmin=0.01&start=0&sz=140,alimentacion
ahorramas,Pisto sofrito de verduras Hida 340g estilo casero,pisto sofrito de verduras hida 340g estilo casero,1.99,https://www.ahorramas.com/alimentacion/?pmin=0.01&start=0&sz=140,alimentacion
ahorramas,Café Molido Crema E Gusto Classico Natural Intensidad 7 Lavazza 250G,cafe molido crema e gusto classico natural intensidad 7 lavazza 250g,6.15,https://www.ahorramas.com/alimentacion/?pmin=0.01&start=0&sz=140,alimentacion
ahorramas,Edulcorante líquido Alipende 200ml,edulcorante liquido alipende 200ml,1.15,https://www.ahorramas.com/alimentacion/?pmin=0.01&start=0&sz=140,alimentacion
ahorramas,Flautas pollo y queso La Broche 275g,flautas pollo y queso la broche 275g,2.16,https://www.ahorramas.com/alimentacion/?pmin=0.01&start=0&sz=140,alimentacion
ahorramas,Mermelada diet melocotón sin azúcar añadido Alipende 350g,mermelada diet melocoton sin azucar anadido alipende 350g,1.55,https://www.ahorramas.com/alimentacion/?pmin=0.01&start=0&sz=140,alimentacion
ahorramas,Corazón de alcachofa Alipende 8/10 240g,corazon de alcachofa alipende 8/10 240g,1.99,https://www.ahorramas.com/alimentacion/?pmin=0.01&start=0&sz=140,alimentacion
ahorramas,Café con leche Tassimo marcilla 16 cápsulas,cafe con leche tassimo marcilla 16 capsulas,5.89,https://www.ahorramas.com/alimentacion/?pmin=0.01&start=0&sz=140,alimentacion
ahorramas,Mejillones en escabeche Cuca 12/16 69g,mejillones en escabeche cuca 12/16 69g,5.99,https://www.ahorramas.com/alimentacion/?pmin=0.01&start=0&sz=140,alimentacion
ahorramas,Barra de espiga plus puro trigo 330g,barra de espiga plus puro trigo 330g,0.85,https://www.ahorramas.com/alimentacion/?pmin=0.01&start=0&sz=140,alimentacion
ahorramas,Callos con garbanzos Alipende 380g,callos con garbanzos alipende 380g,1.99,https://www.ahorramas.com/alimentacion/?pmin=0.01&start=0&sz=140,alimentacion
ahorramas,Piponazo original Grefusa 110g,piponazo original grefusa 110g,1.85,https://www.ahorramas.com/alimentacion/?pmin=0.01&start=0&sz=140,alimentacion
ahorramas,Menestra de verduras Gvtarra 450g,menestra de verduras gvtarra 450g,6.75,https://www.ahorramas.com/alimentacion/?pmin=0.01&start=0&sz=140,alimentacion
ahorramas,Tortilla maiz Mexifoods tacos 250g,tortilla maiz mexifoods tacos 250g,2.13,https://www.ahorramas.com/alimentacion/?pmin=0.01&start=0&sz=140,alimentacion
ahorramas,Sobao Pasiego Alipende mantequilla 330g,sobao pasiego alipende mantequilla 330g,2.99,https://www.ahorramas.com/alimentacion/?pmin=0.01&start=0&sz=140,alimentacion
ahorramas,Chocolate negro Lindt excellence 100g naranja,chocolate negro lindt excellence 100g naranja,3.99,https://www.ahorramas.com/alimentacion/?pmin=0.01&start=0&sz=140,alimentacion
ahorramas,Maíz crudo Alipende 250g,maiz crudo alipende 250g,0.86,https://www.ahorramas.com/alimentacion/?pmin=0.01&start=0&sz=140,alimentacion
ahorramas,Crema de calabacín con queso de cabra Knorr 500ml,crema de calabacin con queso de cabra knorr 500ml,2.25,https://www.ahorramas.com/alimentacion/?pmin=0.01&start=0&sz=140,alimentacion
ahorramas,Paella mixta de carne y marisco Gastraval 320g,paella mixta de carne y marisco gastraval 320g,3.29,https://www.ahorramas.com/alimentacion/?pmin=0.01&start=0&sz=140,alimentacion
ahorramas,Chocolate negro sin gluten Valor 200g 70% de cacao,chocolate negro sin gluten valor 200g 70% de cacao,4.99,https://www.ahorramas.com/alimentacion/?pmin=0.01&start=0&sz=140,alimentacion
ahorramas,Maíz frito Alipende 175g,maiz frito alipende 175g,1.05,https://www.ahorramas.com/alimentacion/?pmin=0.01&start=0&sz=140,alimentacion
ahorramas,Sardinas en aceite de oliva bajas en sal Alipende 2 unidades 85g,sardinas en aceite de oliva bajas en sal alipende 2 unidades 85g,2.19,https://www.ahorramas.com/alimentacion/?pmin=0.01&start=0&sz=140,alimentacion
ahorramas,Espárrago 6/8 unidades El Encierro 325g,esparrago 6/8 unidades el encierro 325g,6.49,https://www.ahorramas.com/alimentacion/?pmin=0.01&start=0&sz=140,alimentacion
ahorramas,Confitura Mermelada Fresas 0% azúcar añadido Hero Diet 280g,confitura mermelada fresas 0% azucar anadido hero diet 280g,2.69,https://www.ahorramas.com/alimentacion/?pmin=0.01&start=0&sz=140,alimentacion
ahorramas,Mini tostas Mastrigo 120g con pasas y miel,mini tostas mastrigo 120g con pasas y miel,1.23,https://www.ahorramas.com/alimentacion/?pmin=0.01&start=0&sz=140,alimentacion
ahorramas,Macarrones Carretilla 325g boloñesa,macarrones carretilla 325g bolonesa,2.99,https://www.ahorramas.com/alimentacion/?pmin=0.01&start=0&sz=140,alimentacion
ahorramas,Café molido descafeinado Alipende 250g tueste natural,cafe molido descafeinado alipende 250g tueste natural,2.85,https://www.ahorramas.com/alimentacion/?pmin=0.01&start=0&sz=140,alimentacion
ahorramas,Patatas fritas horno Lays 130g campesina,patatas fritas horno lays 130g campesina,2.05,https://www.ahorramas.com/alimentacion/?pmin=0.01&start=0&sz=140,alimentacion
ahorramas,Atún claro Calvo pack-3 super natural,atun claro calvo pack-3 super natural,3.50,https://www.ahorramas.com/alimentacion/?pmin=0.01&start=0&sz=140,alimentacion
ahorramas,Tallarines deshidratados parmesana Gallina Blanca 143g,tallarines deshidratados parmesana gallina blanca 143g,2.49,https://www.ahorramas.com/alimentacion/?pmin=0.01&start=0&sz=140,alimentacion
ahorramas,Patatas al horno al punto de sal lays 150g,patatas al horno al punto de sal lays 150g,2.39,https://www.ahorramas.com/alimentacion/?pmin=0.01&start=0&sz=140,alimentacion
ahorramas,Guisantes Alipende tarro cristal 215g muy finos,guisantes alipende tarro cristal 215g muy finos,1.25,https://www.ahorramas.com/alimentacion/?pmin=0.01&start=0&sz=140,alimentacion
ahorramas,Galleta sin azúcar añadido Marbú Dorada 300+100gr,galleta sin azucar anadido marbu dorada 300+100gr,2.86,https://www.ahorramas.com/alimentacion/?pmin=0.01&start=0&sz=140,alimentacion
ahorramas,Sardinas Albo 85g picantonas,sardinas albo 85g picantonas,2.35,https://www.ahorramas.com/alimentacion/?pmin=0.01&start=0&sz=140,alimentacion
ahorramas,Ajo en vinagre Alipende 235g,ajo en vinagre alipende 235g,2.60,https://www.ahorramas.com/alimentacion/?pmin=0.01&start=0&sz=140,alimentacion
ahorramas,Picatostes Recondo 80g natural,picatostes recondo 80g natural,1.41,https://www.ahorramas.com/alimentacion/?pmin=0.01&start=0&sz=140,alimentacion
ahorramas,Callos Alipende 620g a la madrileña,callos alipende 620g a la madrilena,2.99,https://www.ahorramas.com/alimentacion/?pmin=0.01&start=0&sz=140,alimentacion
ahorramas,Aceite de oliva Carbonell sabor botella 1l,aceite de oliva carbonell sabor botella 1l,3.69,https://www.ahorramas.com/alimentacion/?pmin=0.01&start=0&sz=140,alimentacion
ahorramas,Galleta fina barquilllo de chocolate con leche Fontaneda 92g,galleta fina barquilllo de chocolate con leche fontaneda 92g,1.80,https://www.ahorramas.com/alimentacion/?pmin=0.01&start=0&sz=140,alimentacion
ahorramas,Albóndigas guisadas Casa Mas 550g,albondigas guisadas casa mas 550g,5.35,https://www.ahorramas.com/alimentacion/?pmin=0.01&start=0&sz=140,alimentacion
ahorramas,Arroz bomba Sos 1kg,arroz bomba sos 1kg,5.49,https://www.ahorramas.com/alimentacion/?pmin=0.01&start=0&sz=140,alimentacion
ahorramas,Bocaditos de tomate y orégano Snatt´s 110g,bocaditos de tomate y oregano snatt's 110g,1.20,https://www.ahorramas.com/alimentacion/?pmin=0.01&start=0&sz=140,alimentacion
ahorramas,Lacitos hojaldre Virgen del Brezo 200g,lacitos hojaldre virgen del brezo 200g,1.75,https://www.ahorramas.com/alimentacion/?pmin=0.01&start=0&sz=140,alimentacion
ahorramas,Tomate frito ecológico en aceite de oliva Alipende 350g,tomate frito ecologico en aceite de oliva alipende 350g,1.99,https://www.ahorramas.com/alimentacion/?pmin=0.01&start=0&sz=140,alimentacion
ahorramas,Mayonesa Hellmann'S 225ml,mayonesa hellmann's 225ml,1.95,https://www.ahorramas.com/alimentacion/?pmin=0.01&start=0&sz=140,alimentacion
ahorramas,Rollitos primavera Ta-Tung 280g,rollitos primavera ta-tung 280g,3.68,https://www.ahorramas.com/alimentacion/?pmin=0.01&start=0&sz=140,alimentacion
ahorramas,Galletas de chocolate Cola-Cao 157g,galletas de chocolate cola-cao 157g,2.99,https://www.ahorramas.com/alimentacion/?pmin=0.01&start=0&sz=140,alimentacion
ahorramas,Tortitas Pasquier 280g,tortitas pasquier 280g,2.95,https://www.ahorramas.com/alimentacion/?pmin=0.01&start=0&sz=140,alimentacion
ahorramas,Masa quebrada brisa Alipende 230g,masa quebrada brisa alipende 230g,1.10,https://www.ahorramas.com/alimentacion/?pmin=0.01&start=0&sz=140,alimentacion
ahorramas,Sopa de ternera con estrellitas Alipende 66g,sopa de ternera con estrellitas alipende 66g,0.50,https://www.ahorramas.com/alimentacion/?pmin=0.01&start=0&sz=140,alimentacion
ahorramas,Membrillo natural Santa Teresa 150g,membrillo natural santa teresa 150g,2.59,https://www.ahorramas.com/alimentacion/?pmin=0.01&start=0&sz=140,alimentacion
ahorramas,Café descafeinado ristretto intensidad 9 L´or 20 caps.,cafe descafeinado ristretto intensidad 9 l'or 20 caps.,8.15,https://www.ahorramas.com/alimentacion/?pmin=0.01&start=0&sz=140,alimentacion
ahorramas,Alitas de pollo asadas BBQ Granja Gourmet 400g,alitas de pollo asadas bbq granja gourmet 400g,3.99,https://www.ahorramas.com/alimentacion/?pmin=0.01&start=0&sz=140,alimentacion
ahorramas,Alcachofa Alipende 8/11 165g,alcachofa alipende 8/11 165g,1.79,https://www.ahorramas.com/alimentacion/?pmin=0.01&start=0&sz=140,alimentacion
ahorramas,Espárragos blancos Carretilla 205g 8/12unid,esparragos blancos carretilla 205g 8/12unid,3.39,https://www.ahorramas.com/alimentacion/?pmin=0.01&start=0&sz=140,alimentacion
ahorramas,Aceituna negra sin hueso Serpis 130g,aceituna negra sin hueso serpis 130g,1.99,https://www.ahorramas.com/alimentacion/?pmin=0.01&start=0&sz=140,alimentacion
ahorramas,Sardinillas en aceite de oliva bajas en sal Alipende 2 unidades 62g,sardinillas en aceite de oliva bajas en sal alipende 2 unidades 62g,1.99,https://www.ahorramas.com/alimentacion/?pmin=0.01&start=0&sz=140,alimentacion
ahorramas,Sandwich integral mixto 130g,sandwich integral mixto 130g,1.15,https://www.ahorramas.com/alimentacion/?pmin=0.01&start=0&sz=140,alimentacion
ahorramas,Gazpacho Alvalle 1l,gazpacho alvalle 1l,3.99,https://www.ahorramas.com/alimentacion/?pmin=0.01&start=0&sz=140,alimentacion
ahorramas,Té chai Hornimans 20u,te chai hornimans 20u,2.99,https://www.ahorramas.com/alimentacion/?pmin=0.01&start=0&sz=140,alimentacion
ahorramas,Pasta fresca tortellini relleno de ricota Alipende 250g,pasta fresca tortellini relleno de ricota alipende 250g,1.80,https://www.ahorramas.com/alimentacion/?pmin=0.01&start=0&sz=140,alimentacion
ahorramas,Lasaña a la boloñesa Dunany 700g,lasana a la bolonesa dunany 700g,4.85,https://www.ahorramas.com/alimentacion/?pmin=0.01&start=0&sz=140,alimentacion
ahorramas,Tomate rallado aceite oliva extra La Gergaleña 200g,tomate rallado aceite oliva extra la gergalena 200g,1.59,https://www.ahorramas.com/alimentacion/?pmin=0.01&start=0&sz=140,alimentacion
ahorramas,Chocolate con leche y almendras Alipende 150g,chocolate con leche y almendras alipende 150g,1.65,https://www.ahorramas.com/alimentacion/?pmin=0.01&start=0&sz=140,alimentacion
ahorramas,Snack de maíz conos Alipende 100g sabor a bacon&queso,snack de maiz conos alipende 100g sabor a bacon&queso,0.80,https://www.ahorramas.com/alimentacion/?pmin=0.01&start=0&sz=140,alimentacion
ahorramas,Patatas fritas Ruffles 150g york-queso,patatas fritas ruffles 150g york-queso,1.99,https://www.ahorramas.com/alimentacion/?pmin=0.01&start=0&sz=140,alimentacion
ahorramas,Sandwich Tarradellas pack 2 mixto jamon y queso,sandwich tarradellas pack 2 mixto jamon y queso,1.86,https://www.ahorramas.com/alimentacion/?pmin=0.01&start=0&sz=140,alimentacion
ahorramas,Crema de calabacín La Huerta Don Simon 300ml,crema de calabacin la huerta don simon 300ml,1.50,https://www.ahorramas.com/alimentacion/?pmin=0.01&start=0&sz=140,alimentacion
ahorramas,Caldo doble en pastillas s/gluten s/lactosa Knorr 12+4 unidades,caldo doble en pastillas s/gluten s/lactosa knorr 12+4 unidades,1.65,https://www.ahorramas.com/alimentacion/?pmin=0.01&start=0&sz=140,alimentacion
ahorramas,Ravioli Rana 250g costillas con salsa barbacoa,ravioli rana 250g costillas con salsa barbacoa,3.35,https://www.ahorramas.com/alimentacion/?pmin=0.01&start=0&sz=140,alimentacion
ahorramas,Café con leche intensidad 7 Dolce Gusto 30 cápsulas,cafe con leche intensidad 7 dolce gusto 30 capsulas,8.99,https://www.ahorramas.com/alimentacion/?pmin=0.01&start=0&sz=140,alimentacion
ahorramas,Tortellini Knorr 250g queso,tortellini knorr 250g queso,2.75,https://www.ahorramas.com/alimentacion/?pmin=0.01&start=0&sz=140,alimentacion
ahorramas,Chocolatina Kit-Kat mini 200g 12 unidades,chocolatina kit-kat mini 200g 12 unidades,3.29,https://www.ahorramas.com/alimentacion/?pmin=0.01&start=0&sz=140,alimentacion
ahorramas,Bagels Bimbo clásico para dulce y salado 4 uds,bagels bimbo clasico para dulce y salado 4 uds,2.45,https://www.ahorramas.com/alimentacion/?pmin=0.01&start=0&sz=140,alimentacion
ahorramas,Tomate natural triturado Passata Mutti 400g,tomate natural triturado passata mutti 400g,2.85,https://www.ahorramas.com/alimentacion/?pmin=0.01&start=0&sz=140,alimentacion
ahorramas,Huevos ecológicos M-L Rujamar 8 unidades,huevos ecologicos m-l rujamar 8 unidades,3.65,https://www.ahorramas.com/alimentacion/?pmin=0.01&start=0&sz=140,alimentacion
ahorramas,Piquitos integrales artesanos Delicias del Pan 140g,piquitos integrales artesanos delicias del pan 140g,1.84,https://www.ahorramas.com/alimentacion/?pmin=0.01&start=0&sz=140,alimentacion
ahorramas,Bagels Bimbo semillas 4 uds,bagels bimbo semillas 4 uds,2.64,https://www.ahorramas.com/alimentacion/?pmin=0.01&start=0&sz=140,alimentacion
ahorramas,Snacks maiz Gublins Grefusa 135g,snacks maiz gublins grefusa 135g,1.69,https://www.ahorramas.com/alimentacion/?pmin=0.01&start=0&sz=140,alimentacion
ahorramas,Salsa boloñesa para pasta y pizza Gallo 350g,salsa bolonesa para pasta y pizza gallo 350g,3.35,https://www.ahorramas.com/alimentacion/?pmin=0.01&start=0&sz=140,alimentacion
ahorramas,Salsa Calvé 430ml fina casera,salsa calve 430ml fina casera,2.25,https://www.ahorramas.com/alimentacion/?pmin=0.01&start=0&sz=140,alimentacion
ahorramas,Letras Alipende 500g,letras alipende 500g,0.80,https://www.ahorramas.com/alimentacion/?pmin=0.01&start=0&sz=140,alimentacion
ahorramas,Cacahuete con cáscara tostado Alipende 400g,cacahuete con cascara tostado alipende 400g,1.55,https://www.ahorramas.com/alimentacion/?pmin=0.01&start=0&sz=140,alimentacion
ahorramas,Café espresso fuerte Saimaza 20 cápsulas,cafe espresso fuerte saimaza 20 capsulas,4.99,https://www.ahorramas.com/alimentacion/?pmin=0.01&start=0&sz=140,alimentacion
ahorramas,Pan Sottile Dulcesol 310g con cereales y semillas,pan sottile dulcesol 310g con cereales y semillas,1.37,https://www.ahorramas.com/alimentacion/?pmin=0.01&start=0&sz=140,alimentacion
ahorramas,Pimientos del piquillo merluza y gambas Alipende 260g,pimientos del piquillo merluza y gambas alipende 260g,2.85,https://www.ahorramas.com/alimentacion/?pmin=0.01&start=0&sz=140,alimentacion
ahorramas,Chocolate puro sin gluten Alipende 150g,chocolate puro sin gluten alipende 150g,1.75,https://www.ahorramas.com/alimentacion/?pmin=0.01&start=0&sz=140,alimentacion
ahorramas,Maravilla Alipende 500g,maravilla alipende 500g,0.80,https://www.ahorramas.com/alimentacion/?pmin=0.01&start=0&sz=140,alimentacion
ahorramas,Muesli crujiente sin azúcar añadido Alipende 500g,muesli crujiente sin azucar anadido alipende 500g,2.00,https://www.ahorramas.com/alimentacion/?pmin=0.01&start=0&sz=140,alimentacion
ahorramas,Galletas ChocoBom Mini cookies Gullón 160g,galletas chocobom mini cookies gullon 160g,1.40,https://www.ahorramas.com/alimentacion/?pmin=0.01&start=0&sz=140,alimentacion
ahorramas,Palomitas Alipende 90g con mantequilla,palomitas alipende 90g con mantequilla,0.90,https://www.ahorramas.com/alimentacion/?pmin=0.01&start=0&sz=140,alimentacion
ahorramas,Fideos orientales pollo gallina blanca yakisoba 93g,fideos orientales pollo gallina blanca yakisoba 93g,1.95,https://www.ahorramas.com/alimentacion/?pmin=0.01&start=0&sz=140,alimentacion
ahorramas,Habas fritas Alipende 150g,habas fritas alipende 150g,1.95,https://www.ahorramas.com/alimentacion/?pmin=0.01&start=0&sz=140,alimentacion
ahorramas,Vasos papel ecológico 240 ml Betik 12 uds,vasos papel ecologico 240 ml betik 12 uds,1.50,https://www.ahorramas.com/alimentacion/?pmin=0.01&start=0&sz=140,alimentacion
ahorramas,Fabada asturiana sin gluten Alipende 865g,fabada asturiana sin gluten alipende 865g,2.50,https://www.ahorramas.com/alimentacion/?pmin=0.01&start=0&sz=140,alimentacion
ahorramas,Maíz frito Gigantones Churruca XXL 70g,maiz frito gigantones churruca xxl 70g,1.50,https://www.ahorramas.com/alimentacion/?pmin=0.01&start=0&sz=140,alimentacion
ahorramas,Salsa kimchi con chile Tiger Khan Gold 200ml,salsa kimchi con chile tiger khan gold 200ml,2.75,https://www.ahorramas.com/alimentacion/?pmin=0.01&start=0&sz=140,alimentacion
ahorramas,Galletas mini Campurrianas 260g,galletas mini campurrianas 260g,1.00,https://www.ahorramas.com/alimentacion/?pmin=0.01&start=0&sz=140,alimentacion
ahorramas,Pan de molde Alipende 500g amapola y sésamo,pan de molde alipende 500g amapola y sesamo,1.20,https://www.ahorramas.com/alimentacion/?pmin=0.01&start=0&sz=140,alimentacion
ahorramas,Arroz integral Sos 1kg,arroz integral sos 1kg,1.85,https://www.ahorramas.com/alimentacion/?pmin=0.01&start=0&sz=140,alimentacion
ahorramas,Pan molde Bimbo brioche suave sabor mantequilla 500g,pan molde bimbo brioche suave sabor mantequilla 500g,2.41,https://www.ahorramas.com/alimentacion/?pmin=0.01&start=0&sz=140,alimentacion
ahorramas,Mermelada diet la vieja fabrica 280g frambuesa,mermelada diet la vieja fabrica 280g frambuesa,2.39,https://www.ahorramas.com/alimentacion/?pmin=0.01&start=0&sz=140,alimentacion
ahorramas,Café soluble natural con magnesio Nescafé 200g,cafe soluble natural con magnesio nescafe 200g,7.95,https://www.ahorramas.com/alimentacion/?pmin=0.01&start=0&sz=140,alimentacion
ahorramas,Cóctel revuelto de frutos secos Alipende 375g,coctel revuelto de frutos secos alipende 375g,1.85,https://www.ahorramas.com/alimentacion/?pmin=0.01&start=0&sz=140,alimentacion
ahorramas,Empanada de pulpo,empanada de pulpo,5.75,https://www.ahorramas.com/alimentacion/?pmin=0.01&start=0&sz=140,alimentacion
ahorramas,Mayonesa bocabajo Heinz 400ml,mayonesa bocabajo heinz 400ml,2.99,https://www.ahorramas.com/alimentacion/?pmin=0.01&start=0&sz=140,alimentacion
ahorramas,Sandwich maxi de pollo-queso LM 200g,sandwich maxi de pollo-queso lm 200g,1.60,https://www.ahorramas.com/alimentacion/?pmin=0.01&start=0&sz=140,alimentacion
ahorramas,Cacao Colacao 6 sobres,cacao colacao 6 sobres,2.89,https://www.ahorramas.com/alimentacion/?pmin=0.01&start=0&sz=140,alimentacion
ahorramas,Aceituna con aliño casero Carbonell 450g,aceituna con alino casero carbonell 450g,4.99,https://www.ahorramas.com/alimentacion/?pmin=0.01&start=0&sz=140,alimentacion
ahorramas,Cacao 0% azúcar añadido Colacao 325g,cacao 0% azucar anadido colacao 325g,4.39,https://www.ahorramas.com/alimentacion/?pmin=0.01&start=0&sz=140,alimentacion
ahorramas,Quinoa Miau 500g,quinoa miau 500g,2.75,https://www.ahorramas.com/alimentacion/?pmin=0.01&start=0&sz=140,alimentacion
ahorramas,Empanada de bacalao y pasas,empanada de bacalao y pasas,6.30,https://www.ahorramas.com/alimentacion/?pmin=0.01&start=0&sz=140,alimentacion
ahorramas,Alibia blanca con verdura Alipende 400g,alibia blanca con verdura alipende 400g,1.25,https://www.ahorramas.com/alimentacion/?pmin=0.01&start=0&sz=140,alimentacion
ahorramas,Mini hoop 5 uds bombón,mini hoop 5 uds bombon,1.55,https://www.ahorramas.com/alimentacion/?pmin=0.01&start=0&sz=140,alimentacion
ahorramas,Vinagre de jerez Alipende 500ml,vinagre de jerez alipende 500ml,3.95,https://www.ahorramas.com/alimentacion/?pmin=0.01&start=0&sz=140,alimentacion
ahorramas,Salsa fina Ligeresa 430ml,salsa fina ligeresa 430ml,2.65,https://www.ahorramas.com/alimentacion/?pmin=0.01&start=0&sz=140,alimentacion
ahorramas,Aceite de Coco Virgen Ecológico La Masía 430ml,aceite de coco virgen ecologico la masia 430ml,5.20,https://www.ahorramas.com/alimentacion/?pmin=0.01&start=0&sz=140,alimentacion
ahorramas,Caldo en pastillas Avecrem 24u pollo,caldo en pastillas avecrem 24u pollo,2.95,https://www.ahorramas.com/alimentacion/?pmin=0.01&start=0&sz=140,alimentacion
ahorramas,Salsa mayo Go Tan Sriracha 215ml,salsa mayo go tan sriracha 215ml,3.39,https://www.ahorramas.com/alimentacion/?pmin=0.01&start=0&sz=140,alimentacion
ahorramas,Cacao Colacao 383g,cacao colacao 383g,4.39,https://www.ahorramas.com/alimentacion/?pmin=0.01&start=0&sz=140,alimentacion
ahorramas,Aceite de oliva virgen extra Abril 500ml,aceite de oliva virgen extra abril 500ml,2.95,https://www.ahorramas.com/alimentacion/?pmin=0.01&start=0&sz=140,alimentacion
ahorramas,Potón en trozos con salsa americana Alipende pack3,poton en trozos con salsa americana alipende pack3,2.80,https://www.ahorramas.com/alimentacion/?pmin=0.01&start=0&sz=140,alimentacion
ahorramas,Galleta Oreo 160g mini,galleta oreo 160g mini,1.95,https://www.ahorramas.com/alimentacion/?pmin=0.01&start=0&sz=140,alimentacion
ahorramas,Hogaza candeal 310g,hogaza candeal 310g,2.00,https://www.ahorramas.com/alimentacion/?pmin=0.01&start=0&sz=140,alimentacion
ahorramas,Salsa cocktail Alipende 300ml,salsa cocktail alipende 300ml,0.85,https://www.ahorramas.com/alimentacion/?pmin=0.01&start=0&sz=140,alimentacion
ahorramas,Té verde Alipende 20u,te verde alipende 20u,0.75,https://www.ahorramas.com/alimentacion/?pmin=0.01&start=0&sz=140,alimentacion
ahorramas,Polvo para hornear Alipende 6 sobres x 15g,polvo para hornear alipende 6 sobres x 15g,0.70,https://www.ahorramas.com/alimentacion/?pmin=0.01&start=0&sz=140,alimentacion
ahorramas,Chocolate con leche sin gluten Nestlé 125g,chocolate con leche sin gluten nestle 125g,1.95,https://www.ahorramas.com/alimentacion/?pmin=0.01&start=0&sz=140,alimentacion
ahorramas,Harina de avena integral Haricaman 1kg,harina de avena integral haricaman 1kg,1.90,https://www.ahorramas.com/alimentacion/?pmin=0.01&start=0&sz=140,alimentacion
ahorramas,Palmeras de hojaldre Jesús 300g recubiertas de miel,palmeras de hojaldre jesus 300g recubiertas de miel,2.79,https://www.ahorramas.com/alimentacion/?pmin=0.01&start=0&sz=140,alimentacion
ahorramas,Palomitas de ketchup y mostaza sin gluten Risi 105g,palomitas de ketchup y mostaza sin gluten risi 105g,1.50,https://www.ahorramas.com/alimentacion/?pmin=0.01&start=0&sz=140,alimentacion
ahorramas,Cereales de arroz inflado cacao s/gluten Alipende 500g,cereales de arroz inflado cacao s/gluten alipende 500g,2.10,https://www.ahorramas.com/alimentacion/?pmin=0.01&start=0&sz=140,alimentacion
ahorramas,Dulce membrillo San Lorenzo pack 2,dulce membrillo san lorenzo pack 2,1.25,https://www.ahorramas.com/alimentacion/?pmin=0.01&start=0&sz=140,alimentacion
ahorramas,Hoops obrador Ahorramas pack 4 bombón,hoops obrador ahorramas pack 4 bombon,1.55,https://www.ahorramas.com/alimentacion/?pmin=0.01&start=0&sz=140,alimentacion
ahorramas,Pastillas de caldo de pollo Alipende 24 unidades,pastillas de caldo de pollo alipende 24 unidades,1.30,https://www.ahorramas.com/alimentacion/?pmin=0.01&start=0&sz=140,alimentacion
ahorramas,Preparado para hacer gelatina de frambuesa Alipende 2 uds 170g,preparado para hacer gelatina de frambuesa alipende 2 uds 170g,1.45,https://www.ahorramas.com/alimentacion/?pmin=0.01&start=0&sz=140,alimentacion
ahorramas,Galletas de chocolate Campurrianas 350g + 66g,galletas de chocolate campurrianas 350g + 66g,3.95,https://www.ahorramas.com/alimentacion/?pmin=0.01&start=0&sz=140,alimentacion
ahorramas,Pizza Casa Tarradellas 400g carbonara,pizza casa tarradellas 400g carbonara,3.19,https://www.ahorramas.com/alimentacion/?pmin=0.01&start=0&sz=140,alimentacion
ahorramas,Guisantes Bonduelle tarro de cristal 465g extra finos,guisantes bonduelle tarro de cristal 465g extra finos,3.89,https://www.ahorramas.com/alimentacion/?pmin=0.01&start=0&sz=140,alimentacion
ahorramas,Harina de trigo integral Alipende 1kg,harina de trigo integral alipende 1kg,0.90,https://www.ahorramas.com/alimentacion/?pmin=0.01&start=0&sz=140,alimentacion
ahorramas,Fideo Alipende 500g cabellín,fideo alipende 500g cabellin,0.80,https://www.ahorramas.com/alimentacion/?pmin=0.01&start=0&sz=140,alimentacion
ahorramas,Pan rallado Alipende 500g estilo casero,pan rallado alipende 500g estilo casero,1.00,https://www.ahorramas.com/alimentacion/?pmin=0.01&start=0&sz=140,alimentacion
ahorramas,Pimienta negra molinillo Alipende 42g,pimienta negra molinillo alipende 42g,1.45,https://www.ahorramas.com/alimentacion/?pmin=0.01&start=0&sz=140,alimentacion
ahorramas,Jalapeño en rodajas Don Rancho 190g,jalapeno en rodajas don rancho 190g,1.65,https://www.ahorramas.com/alimentacion/?pmin=0.01&start=0&sz=140,alimentacion
ahorramas,Mayonesa aceite oliva sin gluten sin lactosa Ybarra 225ml,mayonesa aceite oliva sin gluten sin lactosa ybarra 225ml,2.99,https://www.ahorramas.com/alimentacion/?pmin=0.01&start=0&sz=140,alimentacion
ahorramas,Arroz Scotti 500g largo para risotto,arroz scotti 500g largo para risotto,1.75,https://www.ahorramas.com/alimentacion/?pmin=0.01&start=0&sz=140,alimentacion
ahorramas,Calamar Albo 72g en su tinta,calamar albo 72g en su tinta,2.95,https://www.ahorramas.com/alimentacion/?pmin=0.01&start=0&sz=140,alimentacion
ahorramas,La gula del norte 200g fresca,la gula del norte 200g fresca,5.99,https://www.ahorramas.com/alimentacion/?pmin=0.01&start=0&sz=140,alimentacion
ahorramas,Cacao negro soluble Valor 250g 100%,cacao negro soluble valor 250g 100%,6.75,https://www.ahorramas.com/alimentacion/?pmin=0.01&start=0&sz=140,alimentacion
ahorramas,Clavo en grano Alipende 28g,clavo en grano alipende 28g,0.75,https://www.ahorramas.com/alimentacion/?pmin=0.01&start=0&sz=140,alimentacion
ahorramas,Palmito entero Pelli 250g,palmito entero pelli 250g,2.99,https://www.ahorramas.com/alimentacion/?pmin=0.01&start=0&sz=140,alimentacion
ahorramas,Copos de maíz tostados Alipende 500g,copos de maiz tostados alipende 500g,1.50,https://www.ahorramas.com/alimentacion/?pmin=0.01&start=0&sz=140,alimentacion
ahorramas,Panecillo tostado Alipende 160g con ajo,panecillo tostado alipende 160g con ajo,1.20,https://www.ahorramas.com/alimentacion/?pmin=0.01&start=0&sz=140,alimentacion
ahorramas,Albahaca Alipende 13g,albahaca alipende 13g,0.75,https://www.ahorramas.com/alimentacion/?pmin=0.01&start=0&sz=140,alimentacion
ahorramas,Berenjenas de almagro en corazones Antonio 300g,berenjenas de almagro en corazones antonio 300g,3.89,https://www.ahorramas.com/alimentacion/?pmin=0.01&start=0&sz=140,alimentacion
ahorramas,Quinoa Brillante pack 2 blanca-roja,quinoa brillante pack 2 blanca-roja,1.56,https://www.ahorramas.com/alimentacion/?pmin=0.01&start=0&sz=140,alimentacion
ahorramas,Pimienta negra Carmencita 52g molida,pimienta negra carmencita 52g molida,2.75,https://www.ahorramas.com/alimentacion/?pmin=0.01&start=0&sz=140,alimentacion
ahorramas,Garbanzos con espinacas Litoral 425g,garbanzos con espinacas litoral 425g,2.15,https://www.ahorramas.com/alimentacion/?pmin=0.01&start=0&sz=140,alimentacion
ahorramas,Regaliz Fini 150g torcida de fresa,regaliz fini 150g torcida de fresa,0.99,https://www.ahorramas.com/alimentacion/?pmin=0.01&start=0&sz=140,alimentacion
ahorramas,Aceitunas gordal Alipende 180g con pepinillo,aceitunas gordal alipende 180g con pepinillo,3.19,https://www.ahorramas.com/alimentacion/?pmin=0.01&start=0&sz=140,alimentacion
ahorramas,Aceitunas verdes con hueso campo real Guerra 950g,aceitunas verdes con hueso campo real guerra 950g,4.70,https://www.ahorramas.com/alimentacion/?pmin=0.01&start=0&sz=140,alimentacion
ahorramas,Almendra frita Santa María 240g,almendra frita santa maria 240g,4.35,https://www.ahorramas.com/alimentacion/?pmin=0.01&start=0&sz=140,alimentacion
ahorramas,Cereales rellenos de cacao y avellana sin gluten Alipende 500g,cereales rellenos de cacao y avellana sin gluten alipende 500g,2.50,https://www.ahorramas.com/alimentacion/?pmin=0.01&start=0&sz=140,alimentacion
ahorramas,Perejil Alipende 35g,perejil alipende 35g,1.99,https://www.ahorramas.com/alimentacion/?pmin=0.01&start=0&sz=140,alimentacion
ahorramas,Champiñon Alipende pack 3 laminado,champinon alipende pack 3 laminado,2.22,https://www.ahorramas.com/alimentacion/?pmin=0.01&start=0&sz=140,alimentacion
ahorramas,Salsa Orlando 245g cheddar bacon,salsa orlando 245g cheddar bacon,1.99,https://www.ahorramas.com/alimentacion/?pmin=0.01&start=0&sz=140,alimentacion
ahorramas,Salsa patatas deluxe Hellman´s 250ml,salsa patatas deluxe hellman's 250ml,2.25,https://www.ahorramas.com/alimentacion/?pmin=0.01&start=0&sz=140,alimentacion
ahorramas,Pastillas de caldo de carne Alipende 24 unidades,pastillas de caldo de carne alipende 24 unidades,1.30,https://www.ahorramas.com/alimentacion/?pmin=0.01&start=0&sz=140,alimentacion
ahorramas,Harina de maíz sin gluten Maizena 400g fina,harina de maiz sin gluten maizena 400g fina,2.99,https://www.ahorramas.com/alimentacion/?pmin=0.01&start=0&sz=140,alimentacion
ahorramas,Aceitunas rellenas de pimiento Alipende 150g,aceitunas rellenas de pimiento alipende 150g,1.75,https://www.ahorramas.com/alimentacion/?pmin=0.01&start=0&sz=140,alimentacion
ahorramas,Café espresso ristretto intensidad 12 Marcilla 20 cáps,cafe espresso ristretto intensidad 12 marcilla 20 caps,6.39,https://www.ahorramas.com/alimentacion/?pmin=0.01&start=0&sz=140,alimentacion
ahorramas,Carne de pimiento choricero Celorrio 125g,carne de pimiento choricero celorrio 125g,1.38,https://www.ahorramas.com/alimentacion/?pmin=0.01&start=0&sz=140,alimentacion
ahorramas,Crema Tahini Eos 200g,crema tahini eos 200g,2.95,https://www.ahorramas.com/alimentacion/?pmin=0.01&start=0&sz=140,alimentacion
ahorramas,Cacao Soluble Instantáneo Nestlé Nesquik 1kg,cacao soluble instantaneo nestle nesquik 1kg,6.95,https://www.ahorramas.com/alimentacion/?pmin=0.01&start=0&sz=140,alimentacion
ahorramas,Nueces al natural sin cáscara Frumesa 150g,nueces al natural sin cascara frumesa 150g,2.00,https://www.ahorramas.com/alimentacion/?pmin=0.01&start=0&sz=140,alimentacion
ahorramas,Café Latte Genova intensidad 8 Dolce Gusto 14 cápsulas,cafe latte genova intensidad 8 dolce gusto 14 capsulas,3.99,https://www.ahorramas.com/alimentacion/?pmin=0.01&start=0&sz=140,alimentacion
ahorramas,Bonito Alipende 190g en aceite oliva,bonito alipende 190g en aceite oliva,3.55,https://www.ahorramas.com/alimentacion/?pmin=0.01&start=0&sz=140,alimentacion
ahorramas,Pizza Casa Tarradellas 390g jamon serrano,pizza casa tarradellas 390g jamon serrano,3.19,https://www.ahorramas.com/alimentacion/?pmin=0.01&start=0&sz=140,alimentacion
ahorramas,Cous cous Gallo 500g mediano,cous cous gallo 500g mediano,2.02,https://www.ahorramas.com/alimentacion/?pmin=0.01&start=0&sz=140,alimentacion
ahorramas,Fideos orientales pollo Gallina Blanca yatekomo 60g,fideos orientales pollo gallina blanca yatekomo 60g,1.55,https://www.ahorramas.com/alimentacion/?pmin=0.01&start=0&sz=140,alimentacion
ahorramas,Albondigas a la jardinera Carretilla 300g,albondigas a la jardinera carretilla 300g,3.65,https://www.ahorramas.com/alimentacion/?pmin=0.01&start=0&sz=140,alimentacion
ahorramas,Fideo Gallo 450g nº1 fino,fideo gallo 450g no1 fino,1.39,https://www.ahorramas.com/alimentacion/?pmin=0.01&start=0&sz=140,alimentacion
ahorramas,Snack fantasmas Alipende 65g,snack fantasmas alipende 65g,0.85,https://www.ahorramas.com/alimentacion/?pmin=0.01&start=0&sz=140,alimentacion
ahorramas,Crackers Mels 500g con sal,crackers mels 500g con sal,2.19,https://www.ahorramas.com/alimentacion/?pmin=0.01&start=0&sz=140,alimentacion
ahorramas,Banderillas picantes con anchoa natural Toreras 120g,banderillas picantes con anchoa natural toreras 120g,2.75,https://www.ahorramas.com/alimentacion/?pmin=0.01&start=0&sz=140,alimentacion
ahorramas,Aceite de orujo lindoliva La Masía 1l,aceite de orujo lindoliva la masia 1l,3.59,https://www.ahorramas.com/alimentacion/?pmin=0.01&start=0&sz=140,alimentacion
ahorramas,Bonito Alipende 190g en escabeche,bonito alipende 190g en escabeche,3.55,https://www.ahorramas.com/alimentacion/?pmin=0.01&start=0&sz=140,alimentacion
ahorramas,Fideos orientales pollo gallina blanca Yatekomo pack 3,fideos orientales pollo gallina blanca yatekomo pack 3,2.99,https://www.ahorramas.com/alimentacion/?pmin=0.01&start=0&sz=140,alimentacion
ahorramas,Galleta de chocolate Tostarica Cuétara 400g,galleta de chocolate tostarica cuetara 400g,3.49,https://www.ahorramas.com/alimentacion/?pmin=0.01&start=0&sz=140,alimentacion
ahorramas,Sopa Gallina Blanca 85g pollo con maravilla,sopa gallina blanca 85g pollo con maravilla,0.85,https://www.ahorramas.com/alimentacion/?pmin=0.01&start=0&sz=140,alimentacion
ahorramas,Mermelada diet fresa sin azúcar añadido Alipende 350g,mermelada diet fresa sin azucar anadido alipende 350g,1.47,https://www.ahorramas.com/alimentacion/?pmin=0.01&start=0&sz=140,alimentacion
ahorramas,Sandwich de lomo barbacoa maxi LM 200g,sandwich de lomo barbacoa maxi lm 200g,1.60,https://www.ahorramas.com/alimentacion/?pmin=0.01&start=0&sz=140,alimentacion
ahorramas,Gullón digestive zero sin azúcares añadidos de chocolate Gullón 270g,gullon digestive zero sin azucares anadidos de chocolate gullon 270g,3.55,https://www.ahorramas.com/alimentacion/?pmin=0.01&start=0&sz=140,alimentacion
ahorramas,Barritas de cereales Alipende 129g con frutos rojos,barritas de cereales alipende 129g con frutos rojos,1.55,https://www.ahorramas.com/alimentacion/?pmin=0.01&start=0&sz=140,alimentacion
ahorramas,Ensalada ligera Carretilla 200g,ensalada ligera carretilla 200g,2.39,https://www.ahorramas.com/alimentacion/?pmin=0.01&start=0&sz=140,alimentacion
ahorramas,Hogaza Espelta 50% 500G,hogaza espelta 50% 500g,2.50,https://www.ahorramas.com/alimentacion/?pmin=0.01&start=0&sz=140,alimentacion
ahorramas,Salsa Ajonesa Chovi 250ml,salsa ajonesa chovi 250ml,2.29,https://www.ahorramas.com/alimentacion/?pmin=0.01&start=0&sz=140,alimentacion
ahorramas,Tomate frito mediterráneo con aceite de oliva virgen extra Helios 560g,tomate frito mediterraneo con aceite de oliva virgen extra helios 560g,2.55,https://www.ahorramas.com/alimentacion/?pmin=0.01&start=0&sz=140,alimentacion
ahorramas,Caballa del sur Usisa 78g en aceite oliva,caballa del sur usisa 78g en aceite oliva,2.35,https://www.ahorramas.com/alimentacion/?pmin=0.01&start=0&sz=140,alimentacion
ahorramas,Champiñon Alipende bote 185g entero,champinon alipende bote 185g entero,1.49,https://www.ahorramas.com/alimentacion/?pmin=0.01&start=0&sz=140,alimentacion
ahorramas,Ensalada Carretilla 240g pasta con jamon,ensalada carretilla 240g pasta con jamon,2.39,https://www.ahorramas.com/alimentacion/?pmin=0.01&start=0&sz=140,alimentacion
ahorramas,Mermelada extra Alipende 410g arándanos,mermelada extra alipende 410g arandanos,2.29,https://www.ahorramas.com/alimentacion/?pmin=0.01&start=0&sz=140,alimentacion
ahorramas,Cocktail de frutas en almíbar Celorrio 480g,cocktail de frutas en almibar celorrio 480g,2.25,https://www.ahorramas.com/alimentacion/?pmin=0.01&start=0&sz=140,alimentacion
ahorramas,Tarta Comtessa XXL Frigo 1l clásica,tarta comtessa xxl frigo 1l clasica,4.99,https://www.ahorramas.com/alimentacion/?pmin=0.01&start=0&sz=140,alimentacion
ahorramas,Sandwich 150g Atún con tomate,sandwich 150g atun con tomate,1.15,https://www.ahorramas.com/alimentacion/?pmin=0.01&start=0&sz=140,alimentacion
ahorramas,Chocolate con almendras marconas s/gluten Valor 250g,chocolate con almendras marconas s/gluten valor 250g,5.25,https://www.ahorramas.com/alimentacion/?pmin=0.01&start=0&sz=140,alimentacion
ahorramas,Pasta oriental fusian Maggi 71g pollo,pasta oriental fusian maggi 71g pollo,0.95,https://www.ahorramas.com/alimentacion/?pmin=0.01&start=0&sz=140,alimentacion
ahorramas,Coco Alipende rallado 80g,coco alipende rallado 80g,0.85,https://www.ahorramas.com/alimentacion/?pmin=0.01&start=0&sz=140,alimentacion
ahorramas,Barra Campera 250G,barra campera 250g,0.99,https://www.ahorramas.com/alimentacion/?pmin=0.01&start=0&sz=140,alimentacion
ahorramas,Fideo oriental teriyaki Maggi 130g,fideo oriental teriyaki maggi 130g,1.99,https://www.ahorramas.com/alimentacion/?pmin=0.01&start=0&sz=140,alimentacion
ahorramas,Orejones albaricoque Alipende 250g,orejones albaricoque alipende 250g,3.10,https://www.ahorramas.com/alimentacion/?pmin=0.01&start=0&sz=140,alimentacion
ahorramas,Bonito Alipende 73g en escabeche,bonito alipende 73g en escabeche,1.75,https://www.ahorramas.com/alimentacion/?pmin=0.01&start=0&sz=140,alimentacion
ahorramas,Chocolate blanco Alipende 100g,chocolate blanco alipende 100g,1.15,https://www.ahorramas.com/alimentacion/?pmin=0.01&start=0&sz=140,alimentacion
ahorramas,Bizcocho Alipende 400g al huevo,bizcocho alipende 400g al huevo,1.65,https://www.ahorramas.com/alimentacion/?pmin=0.01&start=0&sz=140,alimentacion
ahorramas,Crema Gallina Blanca 62g champiñones,crema gallina blanca 62g champinones,0.85,https://www.ahorramas.com/alimentacion/?pmin=0.01&start=0&sz=140,alimentacion
ahorramas,Chocolate puro sin gluten Valor 300g,chocolate puro sin gluten valor 300g,5.25,https://www.ahorramas.com/alimentacion/?pmin=0.01&start=0&sz=140,alimentacion
ahorramas,Ensalada de pasta con atún Carretilla 240g,ensalada de pasta con atun carretilla 240g,2.39,https://www.ahorramas.com/alimentacion/?pmin=0.01&start=0&sz=140,alimentacion
ahorramas,Pipón salado tostado Alipende 200g,pipon salado tostado alipende 200g,1.20,https://www.ahorramas.com/alimentacion/?pmin=0.01&start=0&sz=140,alimentacion
ahorramas,Bombón sin azúcar añadido Alipende 185g surtidos,bombon sin azucar anadido alipende 185g surtidos,3.79,https://www.ahorramas.com/alimentacion/?pmin=0.01&start=0&sz=140,alimentacion
ahorramas,Tortitas de arroz integral Bicentury 130g chocolate,tortitas de arroz integral bicentury 130g chocolate,2.75,https://www.ahorramas.com/alimentacion/?pmin=0.01&start=0&sz=140,alimentacion
ahorramas,Harina de trigo especial bizcocho levadura Alipende 1kg,harina de trigo especial bizcocho levadura alipende 1kg,1.05,https://www.ahorramas.com/alimentacion/?pmin=0.01&start=0&sz=140,alimentacion
ahorramas,Atún claro Alipende pack 3 en aceite girasol,atun claro alipende pack 3 en aceite girasol,2.65,https://www.ahorramas.com/alimentacion/?pmin=0.01&start=0&sz=140,alimentacion
ahorramas,Sandwich 150g palitos de mar,sandwich 150g palitos de mar,1.15,https://www.ahorramas.com/alimentacion/?pmin=0.01&start=0&sz=140,alimentacion
ahorramas,Barrita protéica stracciatella y chocolate blanco Just Loading 90g 3uds,barrita proteica stracciatella y chocolate blanco just loading 90g 3uds,3.29,https://www.ahorramas.com/alimentacion/?pmin=0.01&start=0&sz=140,alimentacion
ahorramas,Arroz Dacsa 1kg sushi,arroz dacsa 1kg sushi,1.99,https://www.ahorramas.com/alimentacion/?pmin=0.01&start=0&sz=140,alimentacion
ahorramas,Aceitunas verdes rellenas de limón y aliñadas con pimienta Serpis 130g,aceitunas verdes rellenas de limon y alinadas con pimienta serpis 130g,1.99,https://www.ahorramas.com/alimentacion/?pmin=0.01&start=0&sz=140,alimentacion
ahorramas,Sandwich 150g mixto cremoso,sandwich 150g mixto cremoso,1.15,https://www.ahorramas.com/alimentacion/?pmin=0.01&start=0&sz=140,alimentacion
ahorramas,Café descafeinado espresso intensidad 6 Marcilla 20 cápsulas,cafe descafeinado espresso intensidad 6 marcilla 20 capsulas,6.39,https://www.ahorramas.com/alimentacion/?pmin=0.01&start=0&sz=140,alimentacion
ahorramas,Chicle Alipende sin azúcar bote 98g menta,chicle alipende sin azucar bote 98g menta,1.95,https://www.ahorramas.com/alimentacion/?pmin=0.01&start=0&sz=140,alimentacion
ahorramas,Café descafeinado intensidad 6 Origen&Sensations 20 cápsulas,cafe descafeinado intensidad 6 origen&sensations 20 capsulas,3.90,https://www.ahorramas.com/alimentacion/?pmin=0.01&start=0&sz=140,alimentacion
ahorramas,Crema con calabaza zanahoria y guisantes Knorr 500ml,crema con calabaza zanahoria y guisantes knorr 500ml,2.25,https://www.ahorramas.com/alimentacion/?pmin=0.01&start=0&sz=140,alimentacion
ahorramas,Edulcorante stevia liquido Alipende 150 ml,edulcorante stevia liquido alipende 150 ml,2.05,https://www.ahorramas.com/alimentacion/?pmin=0.01&start=0&sz=140,alimentacion
ahorramas,Almejas blancas del norte al natural Tres Gotas 63g 65/100,almejas blancas del norte al natural tres gotas 63g 65/100,1.00,https://www.ahorramas.com/alimentacion/?pmin=0.01&start=0&sz=140,alimentacion
ahorramas,Bicarbonato Alipende 250g,bicarbonato alipende 250g,0.92,https://www.ahorramas.com/alimentacion/?pmin=0.01&start=0&sz=140,alimentacion
ahorramas,Atún bajo en sal Calvo pack 3 en aceite oliva,atun bajo en sal calvo pack 3 en aceite oliva,4.50,https://www.ahorramas.com/alimentacion/?pmin=0.01&start=0&sz=140,alimentacion
ahorramas,Golosina dentaduras smile Fini 90g,golosina dentaduras smile fini 90g,1.00,https://www.ahorramas.com/alimentacion/?pmin=0.01&start=0&sz=140,alimentacion
ahorramas,Tomate frito sin gluten abre fácil Orlando350g,tomate frito sin gluten abre facil orlando350g,0.99,https://www.ahorramas.com/alimentacion/?pmin=0.01&start=0&sz=140,alimentacion
ahorramas,Tortellini Knorr 250g carne,tortellini knorr 250g carne,2.75,https://www.ahorramas.com/alimentacion/?pmin=0.01&start=0&sz=140,alimentacion
ahorramas,Kombucha superglow Komvida 250ml,kombucha superglow komvida 250ml,2.65,https://www.ahorramas.com/alimentacion/?pmin=0.01&start=0&sz=140,alimentacion
ahorramas,Tortitas de avena y arroz Vitalday 82g chocolate,tortitas de avena y arroz vitalday 82g chocolate,1.95,https://www.ahorramas.com/alimentacion/?pmin=0.01&start=0&sz=140,alimentacion
ahorramas,Coliflor Ybarra 390g,coliflor ybarra 390g,1.75,https://www.ahorramas.com/alimentacion/?pmin=0.01&start=0&sz=140,alimentacion
ahorramas,Sardinillas en escabeche Alipende 2 unidades 62g,sardinillas en escabeche alipende 2 unidades 62g,1.89,https://www.ahorramas.com/alimentacion/?pmin=0.01&start=0&sz=140,alimentacion
ahorramas,Garbanzo Alipende 1kg,garbanzo alipende 1kg,2.20,https://www.ahorramas.com/alimentacion/?pmin=0.01&start=0&sz=140,alimentacion
ahorramas,Tallarines a la carbonara Casa Mas 280g,tallarines a la carbonara casa mas 280g,3.46,https://www.ahorramas.com/alimentacion/?pmin=0.01&start=0&sz=140,alimentacion
ahorramas,Patatas fritas Alipende 100g paja,patatas fritas alipende 100g paja,0.75,https://www.ahorramas.com/alimentacion/?pmin=0.01&start=0&sz=140,alimentacion
ahorramas,Barritas de cereales Alipende 6u chocolate,barritas de cereales alipende 6u chocolate,1.55,https://www.ahorramas.com/alimentacion/?pmin=0.01&start=0&sz=140,alimentacion
ahorramas,Alubia blanca cocida Alipende 215g,alubia blanca cocida alipende 215g,0.70,https://www.ahorramas.com/alimentacion/?pmin=0.01&start=0&sz=140,alimentacion
ahorramas,Bizcocho Antojos Dulcinea Hermanos Román Alaminos 125g,bizcocho antojos dulcinea hermanos roman alaminos 125g,1.09,https://www.ahorramas.com/alimentacion/?pmin=0.01&start=0&sz=140,alimentacion
ahorramas,Pizza bianca Casa Tarradellas 400g 4 quesos,pizza bianca casa tarradellas 400g 4 quesos,4.49,https://www.ahorramas.com/alimentacion/?pmin=0.01&start=0&sz=140,alimentacion
ahorramas,Café espresso intenso Dolce Gusto 30 cápsulas,cafe espresso intenso dolce gusto 30 capsulas,8.99,https://www.ahorramas.com/alimentacion/?pmin=0.01&start=0&sz=140,alimentacion
ahorramas,Fideo Alipende 500g entrefino,fideo alipende 500g entrefino,0.80,https://www.ahorramas.com/alimentacion/?pmin=0.01&start=0&sz=140,alimentacion
ahorramas,Fideos nº0 Gallo 400 gr,fideos no0 gallo 400 gr,1.00,https://www.ahorramas.com/alimentacion/?pmin=0.01&start=0&sz=140,alimentacion
ahorramas,Galleta rellena de chocolate con leche Lotus 110g,galleta rellena de chocolate con leche lotus 110g,1.20,https://www.ahorramas.com/alimentacion/?pmin=0.01&start=0&sz=140,alimentacion
ahorramas,Tomate frito sin gluten Helios tarro de cristal 570g,tomate frito sin gluten helios tarro de cristal 570g,1.90,https://www.ahorramas.com/alimentacion/?pmin=0.01&start=0&sz=140,alimentacion
ahorramas,Arándano rojo deshidratado Casa Barberá 200g,arandano rojo deshidratado casa barbera 200g,2.30,https://www.ahorramas.com/alimentacion/?pmin=0.01&start=0&sz=140,alimentacion
ahorramas,Pollo al ajillo con patatas Carretilla 250g,pollo al ajillo con patatas carretilla 250g,3.99,https://www.ahorramas.com/alimentacion/?pmin=0.01&start=0&sz=140,alimentacion
ahorramas,Melva en aceite de oliva Tejero 80g,melva en aceite de oliva tejero 80g,2.99,https://www.ahorramas.com/alimentacion/?pmin=0.01&start=0&sz=140,alimentacion
ahorramas,Alubia blanca cocida ecologica Alta Cocina 600g,alubia blanca cocida ecologica alta cocina 600g,2.25,https://www.ahorramas.com/alimentacion/?pmin=0.01&start=0&sz=140,alimentacion
ahorramas,Masa de pizza familiar Casa Tarradellas 400g,masa de pizza familiar casa tarradellas 400g,1.88,https://www.ahorramas.com/alimentacion/?pmin=0.01&start=0&sz=140,alimentacion
ahorramas,Atún claro Albo pack3 aceite oliva,atun claro albo pack3 aceite oliva,6.99,https://www.ahorramas.com/alimentacion/?pmin=0.01&start=0&sz=140,alimentacion
ahorramas,Pistacho tostado s/sal Frumesa 175g,pistacho tostado s/sal frumesa 175g,2.75,https://www.ahorramas.com/alimentacion/?pmin=0.01&start=0&sz=140,alimentacion
ahorramas,Brotes germinados Alipende tarro de cristal 180g,brotes germinados alipende tarro de cristal 180g,1.89,https://www.ahorramas.com/alimentacion/?pmin=0.01&start=0&sz=140,alimentacion
ahorramas,Mermelada extra Alipende 410g frutos bosque,mermelada extra alipende 410g frutos bosque,1.99,https://www.ahorramas.com/alimentacion/?pmin=0.01&start=0&sz=140,alimentacion
ahorramas,Masa de hojaldre Alipende 230g,masa de hojaldre alipende 230g,1.29,https://www.ahorramas.com/alimentacion/?pmin=0.01&start=0&sz=140,alimentacion
ahorramas,Tortas de aceite Alipende 180g,tortas de aceite alipende 180g,1.50,https://www.ahorramas.com/alimentacion/?pmin=0.01&start=0&sz=140,alimentacion
ahorramas,Pan cristal Realfooding 100% integral 195gr,pan cristal realfooding 100% integral 195gr,2.85,https://www.ahorramas.com/alimentacion/?pmin=0.01&start=0&sz=140,alimentacion
ahorramas,Cereales de miel Estrellas Cerides 450g,cereales de miel estrellas cerides 450g,2.35,https://www.ahorramas.com/alimentacion/?pmin=0.01&start=0&sz=140,alimentacion
ahorramas,Avellana tostada Alipende 200g,avellana tostada alipende 200g,3.00,https://www.ahorramas.com/alimentacion/?pmin=0.01&start=0&sz=140,alimentacion
ahorramas,Pipas tostadas con leña Manzanares 360g,pipas tostadas con lena manzanares 360g,2.75,https://www.ahorramas.com/alimentacion/?pmin=0.01&start=0&sz=140,alimentacion
ahorramas,Café soluble descafeinado Nescafé 10 sobres mezcla,cafe soluble descafeinado nescafe 10 sobres mezcla,1.65,https://www.ahorramas.com/alimentacion/?pmin=0.01&start=0&sz=140,alimentacion
ahorramas,Torreznos Tendilla 125g sabor jamón,torreznos tendilla 125g sabor jamon,3.19,https://www.ahorramas.com/alimentacion/?pmin=0.01&start=0&sz=140,alimentacion
ahorramas,Aceituna rellena de anchoa Serpis 130g,aceituna rellena de anchoa serpis 130g,1.99,https://www.ahorramas.com/alimentacion/?pmin=0.01&start=0&sz=140,alimentacion
ahorramas,Cereales rellenos de leche Alipende 500g,cereales rellenos de leche alipende 500g,2.40,https://www.ahorramas.com/alimentacion/?pmin=0.01&start=0&sz=140,alimentacion
ahorramas,Anacardo frito sin sal Frumesa 200g,anacardo frito sin sal frumesa 200g,2.80,https://www.ahorramas.com/alimentacion/?pmin=0.01&start=0&sz=140,alimentacion
ahorramas,Galletas maría oro de Cuétara 600g + 33%,galletas maria oro de cuetara 600g + 33%,3.39,https://www.ahorramas.com/alimentacion/?pmin=0.01&start=0&sz=140,alimentacion
ahorramas,Aceite de oliva virgen extra picual Oro Bailén 500ml,aceite de oliva virgen extra picual oro bailen 500ml,12.87,https://www.ahorramas.com/alimentacion/?pmin=0.01&start=0&sz=140,alimentacion
ahorramas,Patatas fritas bajo en sal Alipende 150g,patatas fritas bajo en sal alipende 150g,1.25,https://www.ahorramas.com/alimentacion/?pmin=0.01&start=0&sz=140,alimentacion
ahorramas,Galleta de frambuesa Pims Fontaneda 150g,galleta de frambuesa pims fontaneda 150g,2.99,https://www.ahorramas.com/alimentacion/?pmin=0.01&start=0&sz=140,alimentacion
ahorramas,Café con leche Origen&Sensations 16 cápsulas,cafe con leche origen&sensations 16 capsulas,3.55,https://www.ahorramas.com/alimentacion/?pmin=0.01&start=0&sz=140,alimentacion
ahorramas,"Chicles sin azúcar sabor Menta Trident 43,5g","chicles sin azucar sabor menta trident 43,5g",1.45,https://www.ahorramas.com/alimentacion/?pmin=0.01&start=0&sz=140,alimentacion
ahorramas,Pipas de girasol Manzanares,pipas de girasol manzanares,5.20,https://www.ahorramas.com/alimentacion/?pmin=0.01&start=0&sz=140,alimentacion
ahorramas,Galleta rellena Kinder cards 128g,galleta rellena kinder cards 128g,2.50,https://www.ahorramas.com/alimentacion/?pmin=0.01&start=0&sz=140,alimentacion
ahorramas,Cereales classic Special K 335g,cereales classic special k 335g,1.85,https://www.ahorramas.com/alimentacion/?pmin=0.01&start=0&sz=140,alimentacion
ahorramas,Galleta de helado Rume 85g,galleta de helado rume 85g,0.70,https://www.ahorramas.com/alimentacion/?pmin=0.01&start=0&sz=140,alimentacion
ahorramas,Preparado para helado de fresa Dr. Oetker 78g,preparado para helado de fresa dr. oetker 78g,1.70,https://www.ahorramas.com/alimentacion/?pmin=0.01&start=0&sz=140,alimentacion
ahorramas,Mermelada arandanos extra sin gluten Helios 340g,mermelada arandanos extra sin gluten helios 340g,1.99,https://www.ahorramas.com/alimentacion/?pmin=0.01&start=0&sz=140,alimentacion
ahorramas,Bizcocho de marble Inpanasa 240g con chocolate,bizcocho de marble inpanasa 240g con chocolate,1.85,https://www.ahorramas.com/alimentacion/?pmin=0.01&start=0&sz=140,alimentacion
ahorramas,Café soluble descafeinado con magnesio Nescafé 200g,cafe soluble descafeinado con magnesio nescafe 200g,7.95,https://www.ahorramas.com/alimentacion/?pmin=0.01&start=0&sz=140,alimentacion
ahorramas,Mostaza original Prima 265g,mostaza original prima 265g,1.55,https://www.ahorramas.com/alimentacion/?pmin=0.01&start=0&sz=140,alimentacion
ahorramas,Preparado para sorbete de limón Dr. Oetker 108g,preparado para sorbete de limon dr. oetker 108g,1.70,https://www.ahorramas.com/alimentacion/?pmin=0.01&start=0&sz=140,alimentacion
ahorramas,American Donuts 2uds,american donuts 2uds,1.99,https://www.ahorramas.com/alimentacion/?pmin=0.01&start=0&sz=140,alimentacion
ahorramas,Noodles fideos japoneses de trigo Tiger Khan Gold 300g,noodles fideos japoneses de trigo tiger khan gold 300g,1.25,https://www.ahorramas.com/alimentacion/?pmin=0.01&start=0&sz=140,alimentacion
ahorramas,Salmorejo Alvalle 1l,salmorejo alvalle 1l,3.39,https://www.ahorramas.com/alimentacion/?pmin=0.01&start=0&sz=140,alimentacion
ahorramas,Noodles al huevo Soubry 250g,noodles al huevo soubry 250g,1.00,https://www.ahorramas.com/alimentacion/?pmin=0.01&start=0&sz=140,alimentacion
ahorramas,Patatas fritas onduladas sabor jamón Ruffles 243g,patatas fritas onduladas sabor jamon ruffles 243g,2.99,https://www.ahorramas.com/alimentacion/?pmin=0.01&start=0&sz=140,alimentacion
ahorramas,Rolling kebab de pollo y pavo al curry El Pozo 160g,rolling kebab de pollo y pavo al curry el pozo 160g,1.75,https://www.ahorramas.com/alimentacion/?pmin=0.01&start=0&sz=140,alimentacion
ahorramas,Atún claro en aceite de oliva Calvo P4,atun claro en aceite de oliva calvo p4,3.50,https://www.ahorramas.com/alimentacion/?pmin=0.01&start=0&sz=140,alimentacion
ahorramas,Galleta integral Marielu Fontaneda 520g,galleta integral marielu fontaneda 520g,3.00,https://www.ahorramas.com/alimentacion/?pmin=0.01&start=0&sz=140,alimentacion
ahorramas,Galletas sin gluten Mini Dinosaurus 160g,galletas sin gluten mini dinosaurus 160g,2.00,https://www.ahorramas.com/alimentacion/?pmin=0.01&start=0&sz=140,alimentacion
ahorramas,Ketchup sabor original elaborado con tomates españoles Prima 290g,ketchup sabor original elaborado con tomates espanoles prima 290g,1.39,https://www.ahorramas.com/alimentacion/?pmin=0.01&start=0&sz=140,alimentacion
ahorramas,Caldo natural de marisco Gallo 1l,caldo natural de marisco gallo 1l,2.49,https://www.ahorramas.com/alimentacion/?pmin=0.01&start=0&sz=140,alimentacion
ahorramas,Cacahuete frito con miel Eagle 75g +20%,cacahuete frito con miel eagle 75g +20%,1.89,https://www.ahorramas.com/alimentacion/?pmin=0.01&start=0&sz=140,alimentacion
ahorramas,Edulcorante Natreen 50u en sobres,edulcorante natreen 50u en sobres,3.49,https://www.ahorramas.com/alimentacion/?pmin=0.01&start=0&sz=140,alimentacion
ahorramas,Sirope de Agave Azucarera 360 g,sirope de agave azucarera 360 g,2.99,https://www.ahorramas.com/alimentacion/?pmin=0.01&start=0&sz=140,alimentacion
ahorramas,Flautas carne barbacoa con bacon La Broche 260g,flautas carne barbacoa con bacon la broche 260g,2.16,https://www.ahorramas.com/alimentacion/?pmin=0.01&start=0&sz=140,alimentacion
ahorramas,Salsa Salsas Asturianas 295g chimichurri,salsa salsas asturianas 295g chimichurri,2.95,https://www.ahorramas.com/alimentacion/?pmin=0.01&start=0&sz=140,alimentacion
ahorramas,Salsa Chovi 180ml ali-oli,salsa chovi 180ml ali-oli,1.45,https://www.ahorramas.com/alimentacion/?pmin=0.01&start=0&sz=140,alimentacion
ahorramas,Snack de maíz chilli pepper sabor picante Doritos 140g,snack de maiz chilli pepper sabor picante doritos 140g,1.99,https://www.ahorramas.com/alimentacion/?pmin=0.01&start=0&sz=140,alimentacion
ahorramas,Café descafeinado leche nescafé Dolce Gusto 16 cápsulas,cafe descafeinado leche nescafe dolce gusto 16 capsulas,5.20,https://www.ahorramas.com/alimentacion/?pmin=0.01&start=0&sz=140,alimentacion
ahorramas,Aceite de oliva virgen extra Abril spray 200ml,aceite de oliva virgen extra abril spray 200ml,2.80,https://www.ahorramas.com/alimentacion/?pmin=0.01&start=0&sz=140,alimentacion
ahorramas,Chocolate puro almendras s/gluten s/azúcar añadido Alipende 150g,chocolate puro almendras s/gluten s/azucar anadido alipende 150g,2.75,https://www.ahorramas.com/alimentacion/?pmin=0.01&start=0&sz=140,alimentacion
ahorramas,Galleta de chocolate Príncipe pack-3,galleta de chocolate principe pack-3,5.85,https://www.ahorramas.com/alimentacion/?pmin=0.01&start=0&sz=140,alimentacion
ahorramas,Pasta oriental fusian Maggi 71g curry,pasta oriental fusian maggi 71g curry,0.95,https://www.ahorramas.com/alimentacion/?pmin=0.01&start=0&sz=140,alimentacion
ahorramas,Tortilla De Trigo Mission 320G,tortilla de trigo mission 320g,2.45,https://www.ahorramas.com/alimentacion/?pmin=0.01&start=0&sz=140,alimentacion
ahorramas,Snack de maíz sin gluten Triskys Risi 135g,snack de maiz sin gluten triskys risi 135g,1.55,https://www.ahorramas.com/alimentacion/?pmin=0.01&start=0&sz=140,alimentacion
ahorramas,Chocolate puro sin gluten sin azúcar Alipende 125g,chocolate puro sin gluten sin azucar alipende 125g,2.15,https://www.ahorramas.com/alimentacion/?pmin=0.01&start=0&sz=140,alimentacion
ahorramas,Cacao soluble sin gluten Alipende 500g,cacao soluble sin gluten alipende 500g,2.80,https://www.ahorramas.com/alimentacion/?pmin=0.01&start=0&sz=140,alimentacion
ahorramas,Sazonador de hierbas provenzales jugoso al horno de Maggi 34g,sazonador de hierbas provenzales jugoso al horno de maggi 34g,1.19,https://www.ahorramas.com/alimentacion/?pmin=0.01&start=0&sz=140,alimentacion
ahorramas,Tila Alipende 20u,tila alipende 20u,0.85,https://www.ahorramas.com/alimentacion/?pmin=0.01&start=0&sz=140,alimentacion
ahorramas,Habitas baby con aceite de oliva Leyenda 140g,habitas baby con aceite de oliva leyenda 140g,3.99,https://www.ahorramas.com/alimentacion/?pmin=0.01&start=0&sz=140,alimentacion
ahorramas,Macarrones al huevo Gallo 450g,macarrones al huevo gallo 450g,1.75,https://www.ahorramas.com/alimentacion/?pmin=0.01&start=0&sz=140,alimentacion
ahorramas,Galleta de avena fina chocolate con leche Gullón 150g,galleta de avena fina chocolate con leche gullon 150g,1.95,https://www.ahorramas.com/alimentacion/?pmin=0.01&start=0&sz=140,alimentacion
ahorramas,Salmón Dani pack-3 al natural,salmon dani pack-3 al natural,3.65,https://www.ahorramas.com/alimentacion/?pmin=0.01&start=0&sz=140,alimentacion
ahorramas,Cereales Kit Kat Nestlé 330g,cereales kit kat nestle 330g,3.99,https://www.ahorramas.com/alimentacion/?pmin=0.01&start=0&sz=140,alimentacion
ahorramas,Magdalenas redondas La Bella Easo 9uds,magdalenas redondas la bella easo 9uds,2.25,https://www.ahorramas.com/alimentacion/?pmin=0.01&start=0&sz=140,alimentacion
ahorramas,Pan The Rustik Bakery 400g Integral,pan the rustik bakery 400g integral,2.83,https://www.ahorramas.com/alimentacion/?pmin=0.01&start=0&sz=140,alimentacion
ahorramas,Caldo Gourmet de Pescado con bogavante Gallina Blanca 1l,caldo gourmet de pescado con bogavante gallina blanca 1l,2.99,https://www.ahorramas.com/alimentacion/?pmin=0.01&start=0&sz=140,alimentacion
ahorramas,MaÍz dulce muy bajo en sal Alipende 3 unidades,maiz dulce muy bajo en sal alipende 3 unidades,1.85,https://www.ahorramas.com/alimentacion/?pmin=0.01&start=0&sz=140,alimentacion
ahorramas,Salsa Alipende 300ml barbacoa,salsa alipende 300ml barbacoa,1.05,https://www.ahorramas.com/alimentacion/?pmin=0.01&start=0&sz=140,alimentacion
ahorramas,Azúcar blanco Azucarera 800g brick,azucar blanco azucarera 800g brick,1.20,https://www.ahorramas.com/alimentacion/?pmin=0.01&start=0&sz=140,alimentacion
ahorramas,Donuts pack 4 bombón,donuts pack 4 bombon,2.99,https://www.ahorramas.com/alimentacion/?pmin=0.01&start=0&sz=140,alimentacion
ahorramas,Regaliz Fini 125g torcidas rellenas con zumo de fruta,regaliz fini 125g torcidas rellenas con zumo de fruta,0.99,https://www.ahorramas.com/alimentacion/?pmin=0.01&start=0&sz=140,alimentacion
ahorramas,Cereales integrales chocolate con leche nestlé 375g,cereales integrales chocolate con leche nestle 375g,4.25,https://www.ahorramas.com/alimentacion/?pmin=0.01&start=0&sz=140,alimentacion
ahorramas,Mermelada de naranja amarga La Vieja Fábrica 290g,mermelada de naranja amarga la vieja fabrica 290g,2.59,https://www.ahorramas.com/alimentacion/?pmin=0.01&start=0&sz=140,alimentacion
ahorramas,Golosinas Alipende 200g fresas,golosinas alipende 200g fresas,1.15,https://www.ahorramas.com/alimentacion/?pmin=0.01&start=0&sz=140,alimentacion
ahorramas,Cocktail de encurtidos Alipende 370g,cocktail de encurtidos alipende 370g,2.65,https://www.ahorramas.com/alimentacion/?pmin=0.01&start=0&sz=140,alimentacion
ahorramas,Crema de pollo Sopinstant 63g con picatostes,crema de pollo sopinstant 63g con picatostes,1.45,https://www.ahorramas.com/alimentacion/?pmin=0.01&start=0&sz=140,alimentacion
ahorramas,Pimenta blanca Alipende 52g molida,pimenta blanca alipende 52g molida,0.75,https://www.ahorramas.com/alimentacion/?pmin=0.01&start=0&sz=140,alimentacion
ahorramas,Infusión Alipende 20u jengibre,infusion alipende 20u jengibre,1.35,https://www.ahorramas.com/alimentacion/?pmin=0.01&start=0&sz=140,alimentacion
ahorramas,Chía vidasania Sos 200g,chia vidasania sos 200g,1.82,https://www.ahorramas.com/alimentacion/?pmin=0.01&start=0&sz=140,alimentacion
ahorramas,Tomillo Alipende 18g,tomillo alipende 18g,0.75,https://www.ahorramas.com/alimentacion/?pmin=0.01&start=0&sz=140,alimentacion
ahorramas,Café soluble Nescafé gold 250g capuccino,cafe soluble nescafe gold 250g capuccino,4.95,https://www.ahorramas.com/alimentacion/?pmin=0.01&start=0&sz=140,alimentacion
ahorramas,Cereales Froot Loops Kellogg's 375g,cereales froot loops kellogg's 375g,4.69,https://www.ahorramas.com/alimentacion/?pmin=0.01&start=0&sz=140,alimentacion
ahorramas,Nuez pecana cruda Frumesa 175g,nuez pecana cruda frumesa 175g,3.40,https://www.ahorramas.com/alimentacion/?pmin=0.01&start=0&sz=140,alimentacion
ahorramas,Vuna Garden Gourmet 175g,vuna garden gourmet 175g,5.50,https://www.ahorramas.com/alimentacion/?pmin=0.01&start=0&sz=140,alimentacion
ahorramas,Aceite de oliva Alipende 1l 1º,aceite de oliva alipende 1l 1o,3.55,https://www.ahorramas.com/alimentacion/?pmin=0.01&start=0&sz=140,alimentacion
ahorramas,Barra de Espiga Candeal 300g,barra de espiga candeal 300g,1.00,https://www.ahorramas.com/alimentacion/?pmin=0.01&start=0&sz=140,alimentacion
ahorramas,Snack de maíz fritos Alipende 150g sabor barbacoa,snack de maiz fritos alipende 150g sabor barbacoa,0.80,https://www.ahorramas.com/alimentacion/?pmin=0.01&start=0&sz=140,alimentacion
ahorramas,Chocolate puro almendras Valor 250g,chocolate puro almendras valor 250g,5.25,https://www.ahorramas.com/alimentacion/?pmin=0.01&start=0&sz=140,alimentacion
ahorramas,Pepinillos El Faro tarro de cristal 200g en vinagre,pepinillos el faro tarro de cristal 200g en vinagre,2.25,https://www.ahorramas.com/alimentacion/?pmin=0.01&start=0&sz=140,alimentacion
ahorramas,Galletas saladas crackers Gullón 250g sabor cheddar,galletas saladas crackers gullon 250g sabor cheddar,2.15,https://www.ahorramas.com/alimentacion/?pmin=0.01&start=0&sz=140,alimentacion
ahorramas,Galleta fina de avena chocolate negro Gullón 150g,galleta fina de avena chocolate negro gullon 150g,1.95,https://www.ahorramas.com/alimentacion/?pmin=0.01&start=0&sz=140,alimentacion
ahorramas,Cereales corn flakes classic sin azúcar añadido Esgir 300g,cereales corn flakes classic sin azucar anadido esgir 300g,2.10,https://www.ahorramas.com/alimentacion/?pmin=0.01&start=0&sz=140,alimentacion
ahorramas,Infusión Pompadour 20u digestive plus,infusion pompadour 20u digestive plus,2.99,https://www.ahorramas.com/alimentacion/?pmin=0.01&start=0&sz=140,alimentacion
ahorramas,Galleta sin azúcares añadidos sin sal Gullón 600g ligera,galleta sin azucares anadidos sin sal gullon 600g ligera,3.75,https://www.ahorramas.com/alimentacion/?pmin=0.01&start=0&sz=140,alimentacion
ahorramas,Snack de maíz sin gluten match ball Risi 105g cheese,snack de maiz sin gluten match ball risi 105g cheese,1.40,https://www.ahorramas.com/alimentacion/?pmin=0.01&start=0&sz=140,alimentacion
ahorramas,Pasta fresca tortellini relleno de boletus Rana 250g,pasta fresca tortellini relleno de boletus rana 250g,3.98,https://www.ahorramas.com/alimentacion/?pmin=0.01&start=0&sz=140,alimentacion
ahorramas,Salsa ligera Alipende 500ml,salsa ligera alipende 500ml,1.43,https://www.ahorramas.com/alimentacion/?pmin=0.01&start=0&sz=140,alimentacion
ahorramas,Muesli crujiente Alipende 500g con frutos secos,muesli crujiente alipende 500g con frutos secos,2.10,https://www.ahorramas.com/alimentacion/?pmin=0.01&start=0&sz=140,alimentacion
ahorramas,Chucrut Hengstenberg 650g,chucrut hengstenberg 650g,2.20,https://www.ahorramas.com/alimentacion/?pmin=0.01&start=0&sz=140,alimentacion
ahorramas,"Cacao Colacao 1,2kg","cacao colacao 1,2kg",9.99,https://www.ahorramas.com/alimentacion/?pmin=0.01&start=0&sz=140,alimentacion
ahorramas,Elicoidale Garofalo 500g,elicoidale garofalo 500g,1.79,https://www.ahorramas.com/alimentacion/?pmin=0.01&start=0&sz=140,alimentacion
ahorramas,Tomate tumaca con ajo Alipende pack 2,tomate tumaca con ajo alipende pack 2,1.90,https://www.ahorramas.com/alimentacion/?pmin=0.01&start=0&sz=140,alimentacion
ahorramas,Masa de empanadilla La Napolitana 420g,masa de empanadilla la napolitana 420g,2.33,https://www.ahorramas.com/alimentacion/?pmin=0.01&start=0&sz=140,alimentacion
ahorramas,Galletas de chocolate blanco Filipinos 93g+35g,galletas de chocolate blanco filipinos 93g+35g,1.90,https://www.ahorramas.com/alimentacion/?pmin=0.01&start=0&sz=140,alimentacion
ahorramas,Alubia La Cochura 1kg negra,alubia la cochura 1kg negra,2.49,https://www.ahorramas.com/alimentacion/?pmin=0.01&start=0&sz=140,alimentacion
ahorramas,Berlidots chocolate 2 uds,berlidots chocolate 2 uds,2.05,https://www.ahorramas.com/alimentacion/?pmin=0.01&start=0&sz=140,alimentacion
ahorramas,Harina Alipende 1kg especial pizza,harina alipende 1kg especial pizza,1.45,https://www.ahorramas.com/alimentacion/?pmin=0.01&start=0&sz=140,alimentacion
ahorramas,Bolitas de chocolate Maltesers 175g,bolitas de chocolate maltesers 175g,3.99,https://www.ahorramas.com/alimentacion/?pmin=0.01&start=0&sz=140,alimentacion
ahorramas,"Agua Fuente Primavera 1,5l","agua fuente primavera 1,5l",0.25,https://www.ahorramas.com/bebidas/?pmin=0.01&start=0&sz=20,bebidas
ahorramas,"Agua Mineral Monte Pinos 1,5L","agua mineral monte pinos 1,5l",0.64,https://www.ahorramas.com/bebidas/?pmin=0.01&start=0&sz=20,bebidas
ahorramas,Cerveza rubia Adlerbrau lata 33cl,cerveza rubia adlerbrau lata 33cl,0.31,https://www.ahorramas.com/bebidas/?pmin=0.01&start=0&sz=20,bebidas
ahorramas,Refresco cola Coca-Cola lata 33cl pack 12 zero,refresco cola coca-cola lata 33cl pack 12 zero,10.80,https://www.ahorramas.com/bebidas/?pmin=0.01&start=0&sz=20,bebidas
ahorramas,Cerveza rubia Mahou Clásica pack 12 latas 33cl,cerveza rubia mahou clasica pack 12 latas 33cl,6.96,https://www.ahorramas.com/bebidas/?pmin=0.01&start=0&sz=20,bebidas
ahorramas,Agua Fuente Primavera 5l,agua fuente primavera 5l,0.70,https://www.ahorramas.com/bebidas/?pmin=0.01&start=0&sz=20,bebidas
ahorramas,Cerveza rubia Mahou Clásica pack 24 latas 33cl,cerveza rubia mahou clasica pack 24 latas 33cl,14.88,https://www.ahorramas.com/bebidas/?pmin=0.01&start=0&sz=20,bebidas
ahorramas,"Agua Solán de Cabras 1,5l azul","agua solan de cabras 1,5l azul",0.92,https://www.ahorramas.com/bebidas/?pmin=0.01&start=0&sz=20,bebidas
ahorramas,"Agua Font Vella 1,5l","agua font vella 1,5l",0.67,https://www.ahorramas.com/bebidas/?pmin=0.01&start=0&sz=20,bebidas
ahorramas,"Limonada light Don Simón botella 1,5l","limonada light don simon botella 1,5l",1.10,https://www.ahorramas.com/bebidas/?pmin=0.01&start=0&sz=20,bebidas
ahorramas,Agua Fuente Primavera 2l,agua fuente primavera 2l,0.39,https://www.ahorramas.com/bebidas/?pmin=0.01&start=0&sz=20,bebidas
ahorramas,Refresco cola Coca-Cola 33cl pack 12 zero zero sin cafeína,refresco cola coca-cola 33cl pack 12 zero zero sin cafeina,10.80,https://www.ahorramas.com/bebidas/?pmin=0.01&start=0&sz=20,bebidas
ahorramas,"Bebida isotónica zero Aquarius 1,5l limón","bebida isotonica zero aquarius 1,5l limon",1.80,https://www.ahorramas.com/bebidas/?pmin=0.01&start=0&sz=20,bebidas
ahorramas,Refresco cola Coca-Cola botella 2l pack 2 zero,refresco cola coca-cola botella 2l pack 2 zero,3.72,https://www.ahorramas.com/bebidas/?pmin=0.01&start=0&sz=20,bebidas
ahorramas,Refresco cola Coca-Cola 2l pack 2 zero zero sin cafeína,refresco cola coca-cola 2l pack 2 zero zero sin cafeina,3.72,https://www.ahorramas.com/bebidas/?pmin=0.01&start=0&sz=20,bebidas
ahorramas,Refresco cola Coca-Cola lata pack 12 33cl,refresco cola coca-cola lata pack 12 33cl,10.80,https://www.ahorramas.com/bebidas/?pmin=0.01&start=0&sz=20,bebidas
ahorramas,Cerveza sin alcohol Mahou 00 Tostada lata 33cl,cerveza sin alcohol mahou 00 tostada lata 33cl,0.67,https://www.ahorramas.com/bebidas/?pmin=0.01&start=0&sz=20,bebidas
ahorramas,Refresco naranja Fanta lata 33cl zero,refresco naranja fanta lata 33cl zero,0.80,https://www.ahorramas.com/bebidas/?pmin=0.01&start=0&sz=20,bebidas
ahorramas,"Agua Bezoya 1,5l","agua bezoya 1,5l",0.69,https://www.ahorramas.com/bebidas/?pmin=0.01&start=0&sz=20,bebidas
ahorramas,"Agua Bezoya 0,5l pack 6","agua bezoya 0,5l pack 6",3.36,https://www.ahorramas.com/bebidas/?pmin=0.01&start=0&sz=20,bebidas
ahorramas,Refresco cola Coca-Cola lata 33cl,refresco cola coca-cola lata 33cl,0.92,https://www.ahorramas.com/bebidas/?pmin=0.01&start=0&sz=20,bebidas
ahorramas,Bebida isotónica zero Aquarius 33cl limón,bebida isotonica zero aquarius 33cl limon,0.95,https://www.ahorramas.com/bebidas/?pmin=0.01&start=0&sz=20,bebidas
ahorramas,Cerveza rubia especial Mahou 5 Estrellas pack 12 latas 33cl,cerveza rubia especial mahou 5 estrellas pack 12 latas 33cl,9.96,https://www.ahorramas.com/bebidas/?pmin=0.01&start=0&sz=20,bebidas
ahorramas,Refresco cola Coca-Cola 2l pack 2,refresco cola coca-cola 2l pack 2,3.72,https://www.ahorramas.com/bebidas/?pmin=0.01&start=0&sz=20,bebidas
ahorramas,Cerveza sin alcohol Mahou 00 Tostada pack 12 latas 33cl,cerveza sin alcohol mahou 00 tostada pack 12 latas 33cl,7.32,https://www.ahorramas.com/bebidas/?pmin=0.01&start=0&sz=20,bebidas
ahorramas,"Agua Aquarel Nestlé 1,5l","agua aquarel nestle 1,5l",0.62,https://www.ahorramas.com/bebidas/?pmin=0.01&start=0&sz=20,bebidas
ahorramas,Refresco limón Fanta lata 33cl zero,refresco limon fanta lata 33cl zero,0.80,https://www.ahorramas.com/bebidas/?pmin=0.01&start=0&sz=20,bebidas
ahorramas,Zumo de naranja 100% exprimida sin pulpa Alipende 1L,zumo de naranja 100% exprimida sin pulpa alipende 1l,1.75,https://www.ahorramas.com/bebidas/?pmin=0.01&start=0&sz=20,bebidas
ahorramas,"Cerveza sin alcohol con limón Amstel Radler 0,0% lata 33cl","cerveza sin alcohol con limon amstel radler 0,0% lata 33cl",0.62,https://www.ahorramas.com/bebidas/?pmin=0.01&start=0&sz=20,bebidas
ahorramas,"Refresco cola Pepsi zero botella 1,75l pack 2","refresco cola pepsi zero botella 1,75l pack 2",2.50,https://www.ahorramas.com/bebidas/?pmin=0.01&start=0&sz=20,bebidas
ahorramas,"Gaseosa Alipende 1,5l","gaseosa alipende 1,5l",0.55,https://www.ahorramas.com/bebidas/?pmin=0.01&start=0&sz=20,bebidas
ahorramas,Refresco cola Coca-Cola lata 33cl zero zero sin cafeína,refresco cola coca-cola lata 33cl zero zero sin cafeina,0.92,https://www.ahorramas.com/bebidas/?pmin=0.01&start=0&sz=20,bebidas
ahorramas,Zumo de naranja 100% exprimida con pulpa Alipende 1L,zumo de naranja 100% exprimida con pulpa alipende 1l,1.75,https://www.ahorramas.com/bebidas/?pmin=0.01&start=0&sz=20,bebidas
ahorramas,Refresco naranja Fanta botella 2l pack 2,refresco naranja fanta botella 2l pack 2,3.00,https://www.ahorramas.com/bebidas/?pmin=0.01&start=0&sz=20,bebidas
ahorramas,"Tinto de verano La Casera 1,5l limón","tinto de verano la casera 1,5l limon",2.37,https://www.ahorramas.com/bebidas/?pmin=0.01&start=0&sz=20,bebidas
ahorramas,Refresco de naranja Trina lata 33cl,refresco de naranja trina lata 33cl,0.50,https://www.ahorramas.com/bebidas/?pmin=0.01&start=0&sz=20,bebidas
ahorramas,Cerveza rubia Victoria lata 33cl,cerveza rubia victoria lata 33cl,0.59,https://www.ahorramas.com/bebidas/?pmin=0.01&start=0&sz=20,bebidas
ahorramas,Refresco cola Alipende lata 33cl zero,refresco cola alipende lata 33cl zero,0.33,https://www.ahorramas.com/bebidas/?pmin=0.01&start=0&sz=20,bebidas
ahorramas,Agua Fuente Primavera 50cl pack 6,agua fuente primavera 50cl pack 6,1.44,https://www.ahorramas.com/bebidas/?pmin=0.01&start=0&sz=20,bebidas
ahorramas,"Agua con gas Fuente Primavera 1,5l","agua con gas fuente primavera 1,5l",0.43,https://www.ahorramas.com/bebidas/?pmin=0.01&start=0&sz=20,bebidas
ahorramas,"Agua Font Vella 0,5l","agua font vella 0,5l",0.67,https://www.ahorramas.com/bebidas/?pmin=0.01&start=0&sz=20,bebidas
ahorramas,"Refresco té Alipende sin azúcar botella 1,5l limón","refresco te alipende sin azucar botella 1,5l limon",1.00,https://www.ahorramas.com/bebidas/?pmin=0.01&start=0&sz=20,bebidas
ahorramas,"Gaseosa La Casera 1,5l pack 2","gaseosa la casera 1,5l pack 2",1.88,https://www.ahorramas.com/bebidas/?pmin=0.01&start=0&sz=20,bebidas
ahorramas,Cerveza rubia especial Mahou 5 Estrellas pack 12 botellas 25cl,cerveza rubia especial mahou 5 estrellas pack 12 botellas 25cl,6.84,https://www.ahorramas.com/bebidas/?pmin=0.01&start=0&sz=20,bebidas
ahorramas,"Agua con gas Vichy Catalán 1,2L","agua con gas vichy catalan 1,2l",1.49,https://www.ahorramas.com/bebidas/?pmin=0.01&start=0&sz=20,bebidas
ahorramas,Agua con gas botella de cristal Vichy Catalán 1L,agua con gas botella de cristal vichy catalan 1l,1.49,https://www.ahorramas.com/bebidas/?pmin=0.01&start=0&sz=20,bebidas
ahorramas,Tónica Schweppes lata 25cl original,tonica schweppes lata 25cl original,0.89,https://www.ahorramas.com/bebidas/?pmin=0.01&start=0&sz=20,bebidas
ahorramas,"Cerveza 0,0 Estrella Galicia 33cl","cerveza 0,0 estrella galicia 33cl",0.70,https://www.ahorramas.com/bebidas/?pmin=0.01&start=0&sz=20,bebidas
ahorramas,Refresco cola Pepsi zero lata 33cl lima,refresco cola pepsi zero lata 33cl lima,0.75,https://www.ahorramas.com/bebidas/?pmin=0.01&start=0&sz=20,bebidas
ahorramas,Cerveza rubia especial Estrella Galicia pack 10 latas 33cl,cerveza rubia especial estrella galicia pack 10 latas 33cl,7.50,https://www.ahorramas.com/bebidas/?pmin=0.01&start=0&sz=20,bebidas
ahorramas,Cerveza tostada Amstel Oro lata 33cl,cerveza tostada amstel oro lata 33cl,0.65,https://www.ahorramas.com/bebidas/?pmin=0.01&start=0&sz=20,bebidas
ahorramas,Refresco cola Coca-Cola botella 2l pack 4,refresco cola coca-cola botella 2l pack 4,7.36,https://www.ahorramas.com/bebidas/?pmin=0.01&start=0&sz=20,bebidas
ahorramas,Refresco cola Coca-Cola botella 2l pack 4 zero,refresco cola coca-cola botella 2l pack 4 zero,7.36,https://www.ahorramas.com/bebidas/?pmin=0.01&start=0&sz=20,bebidas
ahorramas,Tónica zero Schweppes lata 33cl,tonica zero schweppes lata 33cl,0.99,https://www.ahorramas.com/bebidas/?pmin=0.01&start=0&sz=20,bebidas
ahorramas,Cerveza sin alcohol con limón Adlerbrau lata 33cl,cerveza sin alcohol con limon adlerbrau lata 33cl,0.35,https://www.ahorramas.com/bebidas/?pmin=0.01&start=0&sz=20,bebidas
ahorramas,Vino blanco Don García brik 1l,vino blanco don garcia brik 1l,0.90,https://www.ahorramas.com/bebidas/?pmin=0.01&start=0&sz=20,bebidas
ahorramas,Refresco naranja Fanta lata 33cl pack 9,refresco naranja fanta lata 33cl pack 9,6.93,https://www.ahorramas.com/bebidas/?pmin=0.01&start=0&sz=20,bebidas
ahorramas,Refresco cola Coca-Cola mini lata 20cl pack 6 zero,refresco cola coca-cola mini lata 20cl pack 6 zero,3.50,https://www.ahorramas.com/bebidas/?pmin=0.01&start=0&sz=20,bebidas
ahorramas,Agua con gas San Pellegrino 1l,agua con gas san pellegrino 1l,1.39,https://www.ahorramas.com/bebidas/?pmin=0.01&start=0&sz=20,bebidas
ahorramas,Zumo de piña y uva Alipende brik 1l,zumo de pina y uva alipende brik 1l,1.00,https://www.ahorramas.com/bebidas/?pmin=0.01&start=0&sz=20,bebidas
ahorramas,Refresco lima-limón 7Up lata 33cl zero,refresco lima-limon 7up lata 33cl zero,0.59,https://www.ahorramas.com/bebidas/?pmin=0.01&start=0&sz=20,bebidas
ahorramas,Refresco de cola Alipende botella 2l,refresco de cola alipende botella 2l,0.75,https://www.ahorramas.com/bebidas/?pmin=0.01&start=0&sz=20,bebidas
ahorramas,Refresco limón Fanta botella 2l pack 2,refresco limon fanta botella 2l pack 2,3.00,https://www.ahorramas.com/bebidas/?pmin=0.01&start=0&sz=20,bebidas
ahorramas,"Agua mineral Solan de Cabras 0,5l pack 6 unidades","agua mineral solan de cabras 0,5l pack 6 unidades",4.62,https://www.ahorramas.com/bebidas/?pmin=0.01&start=0&sz=20,bebidas
ahorramas,Refresco de cola sin azúcar Alipende 2l zero,refresco de cola sin azucar alipende 2l zero,0.75,https://www.ahorramas.com/bebidas/?pmin=0.01&start=0&sz=20,bebidas
ahorramas,Zumo multivitaminas Don Simón 2l,zumo multivitaminas don simon 2l,1.40,https://www.ahorramas.com/bebidas/?pmin=0.01&start=0&sz=20,bebidas
ahorramas,"Agua essenzia San Benedetto 1,5l limón","agua essenzia san benedetto 1,5l limon",0.99,https://www.ahorramas.com/bebidas/?pmin=0.01&start=0&sz=20,bebidas
ahorramas,Refresco naranja Alipende botella 2l zero,refresco naranja alipende botella 2l zero,0.90,https://www.ahorramas.com/bebidas/?pmin=0.01&start=0&sz=20,bebidas
ahorramas,Refresco S/azucar Nestea 33CL Limón,refresco s/azucar nestea 33cl limon,0.99,https://www.ahorramas.com/bebidas/?pmin=0.01&start=0&sz=20,bebidas
ahorramas,Cerveza sin alcohol Mahou pack 6 botellas 25cl,cerveza sin alcohol mahou pack 6 botellas 25cl,3.36,https://www.ahorramas.com/bebidas/?pmin=0.01&start=0&sz=20,bebidas
ahorramas,"Refresco de té al limón sin azúcar Fuze Tea 1,5l","refresco de te al limon sin azucar fuze tea 1,5l",1.99,https://www.ahorramas.com/bebidas/?pmin=0.01&start=0&sz=20,bebidas
ahorramas,Cerveza sin alcohol Mahou 00 Tostada pack 6 botellas 25cl,cerveza sin alcohol mahou 00 tostada pack 6 botellas 25cl,3.60,https://www.ahorramas.com/bebidas/?pmin=0.01&start=0&sz=20,bebidas
ahorramas,Refresco limón Fanta botella 2l zero,refresco limon fanta botella 2l zero,1.65,https://www.ahorramas.com/bebidas/?pmin=0.01&start=0&sz=20,bebidas
ahorramas,Tónica Schweppes lata 33cl original,tonica schweppes lata 33cl original,0.99,https://www.ahorramas.com/bebidas/?pmin=0.01&start=0&sz=20,bebidas
ahorramas,Refresco cola Coca-Cola botella 2l pack 2 light,refresco cola coca-cola botella 2l pack 2 light,3.72,https://www.ahorramas.com/bebidas/?pmin=0.01&start=0&sz=20,bebidas
ahorramas,"Bebida isotónica Aquarius botella 1,5l pack 2 limón","bebida isotonica aquarius botella 1,5l pack 2 limon",3.80,https://www.ahorramas.com/bebidas/?pmin=0.01&start=0&sz=20,bebidas
ahorramas,Refresco cola Coca-Cola mini lata 20cl pack 6 zero zero,refresco cola coca-cola mini lata 20cl pack 6 zero zero,3.50,https://www.ahorramas.com/bebidas/?pmin=0.01&start=0&sz=20,bebidas
ahorramas,Zumo de manzana Alipende pack 6,zumo de manzana alipende pack 6,1.30,https://www.ahorramas.com/bebidas/?pmin=0.01&start=0&sz=20,bebidas
ahorramas,Cerveza tostada Voll Damm lata 33cl,cerveza tostada voll damm lata 33cl,0.79,https://www.ahorramas.com/bebidas/?pmin=0.01&start=0&sz=20,bebidas
ahorramas,"Agua mineral natural Teleno 1,5l","agua mineral natural teleno 1,5l",0.39,https://www.ahorramas.com/bebidas/?pmin=0.01&start=0&sz=20,bebidas
ahorramas,Cerveza Victoria Málaga pack 12 33cl,cerveza victoria malaga pack 12 33cl,6.00,https://www.ahorramas.com/bebidas/?pmin=0.01&start=0&sz=20,bebidas
ahorramas,Vino blanco Don Simón brik pack 3,vino blanco don simon brik pack 3,1.60,https://www.ahorramas.com/bebidas/?pmin=0.01&start=0&sz=20,bebidas
ahorramas,Cerveza sin alcohol Adlerbrau lata 33cl,cerveza sin alcohol adlerbrau lata 33cl,0.36,https://www.ahorramas.com/bebidas/?pmin=0.01&start=0&sz=20,bebidas
ahorramas,"Tinto de verano Alipende 1,5l limón","tinto de verano alipende 1,5l limon",1.00,https://www.ahorramas.com/bebidas/?pmin=0.01&start=0&sz=20,bebidas
ahorramas,"Agua con gas Perrier 0,5l","agua con gas perrier 0,5l",0.89,https://www.ahorramas.com/bebidas/?pmin=0.01&start=0&sz=20,bebidas
ahorramas,Vino tinto DO Rioja Antaño crianza,vino tinto do rioja antano crianza,2.99,https://www.ahorramas.com/bebidas/?pmin=0.01&start=0&sz=20,bebidas
ahorramas,Refresco cola light Coca-Cola lata 33cl pack 9,refresco cola light coca-cola lata 33cl pack 9,8.10,https://www.ahorramas.com/bebidas/?pmin=0.01&start=0&sz=20,bebidas
ahorramas,Agua Solán de Cabras 5l azul,agua solan de cabras 5l azul,2.69,https://www.ahorramas.com/bebidas/?pmin=0.01&start=0&sz=20,bebidas
ahorramas,"Cerveza rubia sin filtrar 0,0 El Águila 33cl","cerveza rubia sin filtrar 0,0 el aguila 33cl",0.65,https://www.ahorramas.com/bebidas/?pmin=0.01&start=0&sz=20,bebidas
ahorramas,Refresco naranja Fanta botella 2l zero,refresco naranja fanta botella 2l zero,1.65,https://www.ahorramas.com/bebidas/?pmin=0.01&start=0&sz=20,bebidas
ahorramas,Cerveza rubia Mahou Clásica pack 12 botellas 25cl,cerveza rubia mahou clasica pack 12 botellas 25cl,5.52,https://www.ahorramas.com/bebidas/?pmin=0.01&start=0&sz=20,bebidas
ahorramas,"Tinto de verano sin alcohol Don Simón 1,5l limón","tinto de verano sin alcohol don simon 1,5l limon",1.40,https://www.ahorramas.com/bebidas/?pmin=0.01&start=0&sz=20,bebidas
ahorramas,"Refresco té Alipende sin azúcar añadido botella 1,5l melocotón","refresco te alipende sin azucar anadido botella 1,5l melocoton",1.00,https://www.ahorramas.com/bebidas/?pmin=0.01&start=0&sz=20,bebidas
ahorramas,Refresco Nestea 33 CL Limón,refresco nestea 33 cl limon,0.99,https://www.ahorramas.com/bebidas/?pmin=0.01&start=0&sz=20,bebidas
ahorramas,"Néctar de piña Alipende 1,5l","nectar de pina alipende 1,5l",1.50,https://www.ahorramas.com/bebidas/?pmin=0.01&start=0&sz=20,bebidas
ahorramas,Refresco cola Alipende botella 2l zero sin cafeína,refresco cola alipende botella 2l zero sin cafeina,0.75,https://www.ahorramas.com/bebidas/?pmin=0.01&start=0&sz=20,bebidas
ahorramas,Vino blanco DO Montilla Moriles El guiso,vino blanco do montilla moriles el guiso,2.99,https://www.ahorramas.com/bebidas/?pmin=0.01&start=0&sz=20,bebidas
ahorramas,"Cerveza sin alcohol Heineken 0,0% lata 33cl","cerveza sin alcohol heineken 0,0% lata 33cl",0.65,https://www.ahorramas.com/bebidas/?pmin=0.01&start=0&sz=20,bebidas
ahorramas,Refresco cola Pepsi zero lata 33cl,refresco cola pepsi zero lata 33cl,0.75,https://www.ahorramas.com/bebidas/?pmin=0.01&start=0&sz=20,bebidas
ahorramas,Refresco limón Fanta lata 33cl,refresco limon fanta lata 33cl,0.80,https://www.ahorramas.com/bebidas/?pmin=0.01&start=0&sz=20,bebidas
ahorramas,"Tinto de verano clásico La Casera 1,5l","tinto de verano clasico la casera 1,5l",2.37,https://www.ahorramas.com/bebidas/?pmin=0.01&start=0&sz=20,bebidas
ahorramas,"Tinto de verano sin alcohol Alipende 1,5l limón","tinto de verano sin alcohol alipende 1,5l limon",0.90,https://www.ahorramas.com/bebidas/?pmin=0.01&start=0&sz=20,bebidas
ahorramas,Vino blanco DO Rueda Saga verdejo,vino blanco do rueda saga verdejo,2.00,https://www.ahorramas.com/bebidas/?pmin=0.01&start=0&sz=20,bebidas
ahorramas,Refresco naranja Fanta lata 33cl,refresco naranja fanta lata 33cl,0.80,https://www.ahorramas.com/bebidas/?pmin=0.01&start=0&sz=20,bebidas
ahorramas,Agua Fuente Primavera 330ml tapon clik,agua fuente primavera 330ml tapon clik,0.26,https://www.ahorramas.com/bebidas/?pmin=0.01&start=0&sz=20,bebidas
ahorramas,"Agua Font Vella 6,25l","agua font vella 6,25l",2.29,https://www.ahorramas.com/bebidas/?pmin=0.01&start=0&sz=20,bebidas
ahorramas,Limonada de lima Don Simon 33cl,limonada de lima don simon 33cl,0.75,https://www.ahorramas.com/bebidas/?pmin=0.01&start=0&sz=20,bebidas
ahorramas,Whisky DYC 1l Doble Destilado origen nacional+ 2 miniaturas DYC 8,whisky dyc 1l doble destilado origen nacional+ 2 miniaturas dyc 8,12.95,https://www.ahorramas.com/bebidas/?pmin=0.01&start=0&sz=20,bebidas
ahorramas,"Refresco de té nestea 1,5L Limón","refresco de te nestea 1,5l limon",1.99,https://www.ahorramas.com/bebidas/?pmin=0.01&start=0&sz=20,bebidas
ahorramas,Zumo de tomate Alipende brik 1l,zumo de tomate alipende brik 1l,1.05,https://www.ahorramas.com/bebidas/?pmin=0.01&start=0&sz=20,bebidas
ahorramas,Bebida energética Contact 25cl,bebida energetica contact 25cl,0.40,https://www.ahorramas.com/bebidas/?pmin=0.01&start=0&sz=20,bebidas
ahorramas,Vino tinto tempranillo Tamarón 75cl,vino tinto tempranillo tamaron 75cl,3.49,https://www.ahorramas.com/bebidas/?pmin=0.01&start=0&sz=20,bebidas
ahorramas,"Refresco cola Coca-Cola botella 1,25l","refresco cola coca-cola botella 1,25l",1.35,https://www.ahorramas.com/bebidas/?pmin=0.01&start=0&sz=20,bebidas
ahorramas,Vino tinto DO Ribera del Duero Vega Cubillas,vino tinto do ribera del duero vega cubillas,3.99,https://www.ahorramas.com/bebidas/?pmin=0.01&start=0&sz=20,bebidas
ahorramas,Zumo tropical con leche Bifrutas Pascual pack 6,zumo tropical con leche bifrutas pascual pack 6,2.52,https://www.ahorramas.com/bebidas/?pmin=0.01&start=0&sz=20,bebidas
ahorramas,Fruta con leche mediterráneo Alipende 1l,fruta con leche mediterraneo alipende 1l,0.95,https://www.ahorramas.com/bebidas/?pmin=0.01&start=0&sz=20,bebidas
ahorramas,"Cerveza sin alcohol San Miguel 0,0% lata 33cl","cerveza sin alcohol san miguel 0,0% lata 33cl",0.72,https://www.ahorramas.com/bebidas/?pmin=0.01&start=0&sz=20,bebidas
ahorramas,Vino tinto DO Valdepeñas Señorío los Llanos crianza,vino tinto do valdepenas senorio los llanos crianza,1.75,https://www.ahorramas.com/bebidas/?pmin=0.01&start=0&sz=20,bebidas
ahorramas,Refresco naranja Fanta mini lata 20cl pack 6,refresco naranja fanta mini lata 20cl pack 6,2.88,https://www.ahorramas.com/bebidas/?pmin=0.01&start=0&sz=20,bebidas
ahorramas,Vermouth rojo Maestroni 1l,vermouth rojo maestroni 1l,2.80,https://www.ahorramas.com/bebidas/?pmin=0.01&start=0&sz=20,bebidas
ahorramas,Flash sabores 12 uds,flash sabores 12 uds,1.25,https://www.ahorramas.com/bebidas/?pmin=0.01&start=0&sz=20,bebidas
ahorramas,"Bebida de piña y coco Alipende 1,5l","bebida de pina y coco alipende 1,5l",1.50,https://www.ahorramas.com/bebidas/?pmin=0.01&start=0&sz=20,bebidas
ahorramas,"Refresco sin gas naranja Alipende botella 1,5l","refresco sin gas naranja alipende botella 1,5l",1.20,https://www.ahorramas.com/bebidas/?pmin=0.01&start=0&sz=20,bebidas
ahorramas,Refresco de té verde Maracuyá Fuze tea 33cl,refresco de te verde maracuya fuze tea 33cl,0.99,https://www.ahorramas.com/bebidas/?pmin=0.01&start=0&sz=20,bebidas
ahorramas,Gaseosa Alipende 50cl,gaseosa alipende 50cl,0.34,https://www.ahorramas.com/bebidas/?pmin=0.01&start=0&sz=20,bebidas
ahorramas,Agua Fuente Primavera 8l,agua fuente primavera 8l,0.92,https://www.ahorramas.com/bebidas/?pmin=0.01&start=0&sz=20,bebidas
ahorramas,Refresco tónica Alipende lata 33cl con quinina,refresco tonica alipende lata 33cl con quinina,0.37,https://www.ahorramas.com/bebidas/?pmin=0.01&start=0&sz=20,bebidas
ahorramas,Bebida isotónica Aquarius lata 33cl limón,bebida isotonica aquarius lata 33cl limon,0.85,https://www.ahorramas.com/bebidas/?pmin=0.01&start=0&sz=20,bebidas
ahorramas,Refresco cola Coca-Cola lata 33cl zero,refresco cola coca-cola lata 33cl zero,0.92,https://www.ahorramas.com/bebidas/?pmin=0.01&start=0&sz=20,bebidas
ahorramas,Tónica zero Schweppes botella 1l,tonica zero schweppes botella 1l,1.99,https://www.ahorramas.com/bebidas/?pmin=0.01&start=0&sz=20,bebidas
ahorramas,Agua Aquarel Nestlé 5l,agua aquarel nestle 5l,1.79,https://www.ahorramas.com/bebidas/?pmin=0.01&start=0&sz=20,bebidas
ahorramas,Tónica Schweppes lata 33cl limón,tonica schweppes lata 33cl limon,0.99,https://www.ahorramas.com/bebidas/?pmin=0.01&start=0&sz=20,bebidas
ahorramas,"Refresco té verde Alipende sin azúcar botella 1,5l","refresco te verde alipende sin azucar botella 1,5l",1.00,https://www.ahorramas.com/bebidas/?pmin=0.01&start=0&sz=20,bebidas
ahorramas,Agua Teleno 5l,agua teleno 5l,1.12,https://www.ahorramas.com/bebidas/?pmin=0.01&start=0&sz=20,bebidas
ahorramas,Refresco de lima-limón Sprite lata 33cl,refresco de lima-limon sprite lata 33cl,0.65,https://www.ahorramas.com/bebidas/?pmin=0.01&start=0&sz=20,bebidas
ahorramas,Vino Tinto Castillo Lagomar 75CL,vino tinto castillo lagomar 75cl,1.00,https://www.ahorramas.com/bebidas/?pmin=0.01&start=0&sz=20,bebidas
ahorramas,"Refresco de té al limón Fuze Tea 1,5l","refresco de te al limon fuze tea 1,5l",1.99,https://www.ahorramas.com/bebidas/?pmin=0.01&start=0&sz=20,bebidas
ahorramas,"Bebida isotónica de melocotón rojo Aquarius 1,5l","bebida isotonica de melocoton rojo aquarius 1,5l",1.80,https://www.ahorramas.com/bebidas/?pmin=0.01&start=0&sz=20,bebidas
ahorramas,"Cerveza rubia Corona botella 35,5cl","cerveza rubia corona botella 35,5cl",1.19,https://www.ahorramas.com/bebidas/?pmin=0.01&start=0&sz=20,bebidas
ahorramas,Zumo de naranja sin pulpa exprimido Don Simón 1l,zumo de naranja sin pulpa exprimido don simon 1l,1.99,https://www.ahorramas.com/bebidas/?pmin=0.01&start=0&sz=20,bebidas
ahorramas,Néctar de naranja Disfruta 2l,nectar de naranja disfruta 2l,3.60,https://www.ahorramas.com/bebidas/?pmin=0.01&start=0&sz=20,bebidas
ahorramas,"Refresco cola Coca-Cola botella 1,25l zero zero sin cafeína","refresco cola coca-cola botella 1,25l zero zero sin cafeina",1.49,https://www.ahorramas.com/bebidas/?pmin=0.01&start=0&sz=20,bebidas
ahorramas,"Refresco Sunny delight 1,25l Florida","refresco sunny delight 1,25l florida",1.50,https://www.ahorramas.com/bebidas/?pmin=0.01&start=0&sz=20,bebidas
ahorramas,Ginebra Beefeater 70cl,ginebra beefeater 70cl,13.25,https://www.ahorramas.com/bebidas/?pmin=0.01&start=0&sz=20,bebidas
ahorramas,"Tinto de verano Alipende 1,5l clásico","tinto de verano alipende 1,5l clasico",1.00,https://www.ahorramas.com/bebidas/?pmin=0.01&start=0&sz=20,bebidas
ahorramas,Bebida isotónica Aquarius botella 50cl limón,bebida isotonica aquarius botella 50cl limon,1.70,https://www.ahorramas.com/bebidas/?pmin=0.01&start=0&sz=20,bebidas
ahorramas,"Fuze Tea Té Verde Maracuyá 1,5L Botella","fuze tea te verde maracuya 1,5l botella",1.99,https://www.ahorramas.com/bebidas/?pmin=0.01&start=0&sz=20,bebidas
ahorramas,Vino tinto DO Valdepeñas Viña Albali reserva,vino tinto do valdepenas vina albali reserva,3.69,https://www.ahorramas.com/bebidas/?pmin=0.01&start=0&sz=20,bebidas
ahorramas,Zumo de naranja sin pulpa 100% natural de la huerta Don Simon 1l,zumo de naranja sin pulpa 100% natural de la huerta don simon 1l,2.95,https://www.ahorramas.com/bebidas/?pmin=0.01&start=0&sz=20,bebidas
ahorramas,Bebida de naranja Don Simón 2l sin azúcar,bebida de naranja don simon 2l sin azucar,1.40,https://www.ahorramas.com/bebidas/?pmin=0.01&start=0&sz=20,bebidas
ahorramas,"Agua con gas Fuente Primavera 0,5l pack 6","agua con gas fuente primavera 0,5l pack 6",1.74,https://www.ahorramas.com/bebidas/?pmin=0.01&start=0&sz=20,bebidas
ahorramas,Whisky Ballantine's 70cl,whisky ballantine's 70cl,12.70,https://www.ahorramas.com/bebidas/?pmin=0.01&start=0&sz=20,bebidas
ahorramas,Refresco cola Coca-Cola mini lata 20cl pack 6,refresco cola coca-cola mini lata 20cl pack 6,3.50,https://www.ahorramas.com/bebidas/?pmin=0.01&start=0&sz=20,bebidas
ahorramas,Cerveza rubia especial Estrella Galicia pack 6 botellas 20cl,cerveza rubia especial estrella galicia pack 6 botellas 20cl,3.50,https://www.ahorramas.com/bebidas/?pmin=0.01&start=0&sz=20,bebidas
ahorramas,Ginebra Larios 1L,ginebra larios 1l,11.05,https://www.ahorramas.com/bebidas/?pmin=0.01&start=0&sz=20,bebidas
ahorramas,"Bebida isotónica Aquarius botella 1,5l pack 2 naranja","bebida isotonica aquarius botella 1,5l pack 2 naranja",3.80,https://www.ahorramas.com/bebidas/?pmin=0.01&start=0&sz=20,bebidas
ahorramas,"Refresco sin gas naranja Trina botella 1,5l zero","refresco sin gas naranja trina botella 1,5l zero",1.69,https://www.ahorramas.com/bebidas/?pmin=0.01&start=0&sz=20,bebidas
ahorramas,Cerveza Radler Amstel 33 cl Limón P12,cerveza radler amstel 33 cl limon p12,6.48,https://www.ahorramas.com/bebidas/?pmin=0.01&start=0&sz=20,bebidas
ahorramas,"Refresco Limón Zero Schweppes 1,5l","refresco limon zero schweppes 1,5l",1.50,https://www.ahorramas.com/bebidas/?pmin=0.01&start=0&sz=20,bebidas
ahorramas,Zumo de mandarina 100% exprimido Don Simón 1l,zumo de mandarina 100% exprimido don simon 1l,1.99,https://www.ahorramas.com/bebidas/?pmin=0.01&start=0&sz=20,bebidas
ahorramas,Zumo de piña y uva Alipende pack 6,zumo de pina y uva alipende pack 6,1.50,https://www.ahorramas.com/bebidas/?pmin=0.01&start=0&sz=20,bebidas
ahorramas,Zumo de melocotón y uva Alipende pack 6,zumo de melocoton y uva alipende pack 6,1.50,https://www.ahorramas.com/bebidas/?pmin=0.01&start=0&sz=20,bebidas
ahorramas,Zumo de manzana Alipende brik 1l,zumo de manzana alipende brik 1l,0.80,https://www.ahorramas.com/bebidas/?pmin=0.01&start=0&sz=20,bebidas
ahorramas,"Refresco de naranja Trina botella 1,5l","refresco de naranja trina botella 1,5l",1.69,https://www.ahorramas.com/bebidas/?pmin=0.01&start=0&sz=20,bebidas
ahorramas,Refresco tónica Nordic Mist lata 25cl original,refresco tonica nordic mist lata 25cl original,0.55,https://www.ahorramas.com/bebidas/?pmin=0.01&start=0&sz=20,bebidas
ahorramas,Refresco limón Schweppes lata 33 cl,refresco limon schweppes lata 33 cl,0.97,https://www.ahorramas.com/bebidas/?pmin=0.01&start=0&sz=20,bebidas
ahorramas,Vino blanco de mesa Don Simón 1l,vino blanco de mesa don simon 1l,1.50,https://www.ahorramas.com/bebidas/?pmin=0.01&start=0&sz=20,bebidas
ahorramas,Néctar de melocotón Alipende pack 6,nectar de melocoton alipende pack 6,1.50,https://www.ahorramas.com/bebidas/?pmin=0.01&start=0&sz=20,bebidas
ahorramas,Cerveza dorada 1906 pack 6 botellas 33cl,cerveza dorada 1906 pack 6 botellas 33cl,7.41,https://www.ahorramas.com/bebidas/?pmin=0.01&start=0&sz=20,bebidas
ahorramas,Cerveza sin gluten Mahou 5 estrellas lata 33cl,cerveza sin gluten mahou 5 estrellas lata 33cl,0.85,https://www.ahorramas.com/bebidas/?pmin=0.01&start=0&sz=20,bebidas
ahorramas,Bebida energética zero Contact 25cl piña coco,bebida energetica zero contact 25cl pina coco,0.45,https://www.ahorramas.com/bebidas/?pmin=0.01&start=0&sz=20,bebidas
ahorramas,Refresco de té limón zero Lipton. 33cl,refresco de te limon zero lipton. 33cl,0.50,https://www.ahorramas.com/bebidas/?pmin=0.01&start=0&sz=20,bebidas
ahorramas,Refresco bitter Kas lata 33cl,refresco bitter kas lata 33cl,0.99,https://www.ahorramas.com/bebidas/?pmin=0.01&start=0&sz=20,bebidas
ahorramas,Limonada light sabor limón Don Simon 33cl,limonada light sabor limon don simon 33cl,0.75,https://www.ahorramas.com/bebidas/?pmin=0.01&start=0&sz=20,bebidas
ahorramas,"Agua Mineral Monte Pinos 1,5L","agua mineral monte pinos 1,5l",0.64,https://www.ahorramas.com/bebidas/?pmin=0.01&start=0&sz=20,bebidas
ahorramas,Bebida isotónica zero Aquarius 33cl naranja,bebida isotonica zero aquarius 33cl naranja,0.95,https://www.ahorramas.com/bebidas/?pmin=0.01&start=0&sz=20,bebidas
ahorramas,Agua de coco 0% azúcar añadido Tesoro Natural 1l,agua de coco 0% azucar anadido tesoro natural 1l,2.60,https://www.ahorramas.com/bebidas/?pmin=0.01&start=0&sz=20,bebidas
ahorramas,Cerveza rubia Inedit Damm botella 33cl,cerveza rubia inedit damm botella 33cl,1.66,https://www.ahorramas.com/bebidas/?pmin=0.01&start=0&sz=20,bebidas
ahorramas,Vino blanco DO Rueda Cuatro Rayas verdejo,vino blanco do rueda cuatro rayas verdejo,4.50,https://www.ahorramas.com/bebidas/?pmin=0.01&start=0&sz=20,bebidas
ahorramas,Refresco en polvo Tang sobre 30g naranja,refresco en polvo tang sobre 30g naranja,0.75,https://www.ahorramas.com/bebidas/?pmin=0.01&start=0&sz=20,bebidas
ahorramas,Sidra natural Manuel Busto 70cl,sidra natural manuel busto 70cl,2.10,https://www.ahorramas.com/bebidas/?pmin=0.01&start=0&sz=20,bebidas
ahorramas,Cerveza sin alcohol Mahou pack 12 latas 33cl,cerveza sin alcohol mahou pack 12 latas 33cl,5.64,https://www.ahorramas.com/bebidas/?pmin=0.01&start=0&sz=20,bebidas
ahorramas,Vino blanco DO Valdepeñas Señorío de los Llanos roble,vino blanco do valdepenas senorio de los llanos roble,1.95,https://www.ahorramas.com/bebidas/?pmin=0.01&start=0&sz=20,bebidas
ahorramas,Refresco en polvo Tang sobre 30g limón,refresco en polvo tang sobre 30g limon,0.75,https://www.ahorramas.com/bebidas/?pmin=0.01&start=0&sz=20,bebidas
ahorramas,"Bebida isotónica zero Aquarius 1,5l naranja","bebida isotonica zero aquarius 1,5l naranja",1.80,https://www.ahorramas.com/bebidas/?pmin=0.01&start=0&sz=20,bebidas
ahorramas,Zumo tropical con leche Bifrutas Pascual pack 6 sin azúcar,zumo tropical con leche bifrutas pascual pack 6 sin azucar,2.52,https://www.ahorramas.com/bebidas/?pmin=0.01&start=0&sz=20,bebidas
ahorramas,"Agua con gas Revoltosa sifón 1,5l","agua con gas revoltosa sifon 1,5l",1.60,https://www.ahorramas.com/bebidas/?pmin=0.01&start=0&sz=20,bebidas
ahorramas,"Refresco Simon Life 1,5l naranja","refresco simon life 1,5l naranja",1.70,https://www.ahorramas.com/bebidas/?pmin=0.01&start=0&sz=20,bebidas
ahorramas,Vino blanco DO Rueda Protos verdejo,vino blanco do rueda protos verdejo,6.95,https://www.ahorramas.com/bebidas/?pmin=0.01&start=0&sz=20,bebidas
ahorramas,Vermouth rojo Artesano Vidal 1l,vermouth rojo artesano vidal 1l,3.60,https://www.ahorramas.com/bebidas/?pmin=0.01&start=0&sz=20,bebidas
ahorramas,Kombucha Komvida 250ml jengibre y limón,kombucha komvida 250ml jengibre y limon,2.65,https://www.ahorramas.com/bebidas/?pmin=0.01&start=0&sz=20,bebidas
ahorramas,Bebida isotónica de melocotón Aquarius 33cl,bebida isotonica de melocoton aquarius 33cl,0.95,https://www.ahorramas.com/bebidas/?pmin=0.01&start=0&sz=20,bebidas
ahorramas,Bebida energética Red Bull 25cl Pack 6,bebida energetica red bull 25cl pack 6,6.00,https://www.ahorramas.com/bebidas/?pmin=0.01&start=0&sz=20,bebidas
ahorramas,Zumo de manzana 100% exprimido Don Simón 1l,zumo de manzana 100% exprimido don simon 1l,1.99,https://www.ahorramas.com/bebidas/?pmin=0.01&start=0&sz=20,bebidas
ahorramas,Ron añejo Negrita 70cl,ron anejo negrita 70cl,8.95,https://www.ahorramas.com/bebidas/?pmin=0.01&start=0&sz=20,bebidas
ahorramas,Refresco limón Alipende botella 2l zero,refresco limon alipende botella 2l zero,0.95,https://www.ahorramas.com/bebidas/?pmin=0.01&start=0&sz=20,bebidas
ahorramas,"Bebida Refrescante Iso-Activ Alipende 1,5L Naranja","bebida refrescante iso-activ alipende 1,5l naranja",1.00,https://www.ahorramas.com/bebidas/?pmin=0.01&start=0&sz=20,bebidas
ahorramas,Gaseosa La Casera 50cl,gaseosa la casera 50cl,0.84,https://www.ahorramas.com/bebidas/?pmin=0.01&start=0&sz=20,bebidas
ahorramas,Fruta con leche tropical Alipende 1l,fruta con leche tropical alipende 1l,0.95,https://www.ahorramas.com/bebidas/?pmin=0.01&start=0&sz=20,bebidas
ahorramas,"Limonada Enjoy 1,5L","limonada enjoy 1,5l",0.99,https://www.ahorramas.com/bebidas/?pmin=0.01&start=0&sz=20,bebidas
ahorramas,Bebida energética sin azúcar Red Bull 25cl pack 4,bebida energetica sin azucar red bull 25cl pack 4,4.20,https://www.ahorramas.com/bebidas/?pmin=0.01&start=0&sz=20,bebidas
ahorramas,Whisky J&B 70cl origen Escocia,whisky j&b 70cl origen escocia,11.45,https://www.ahorramas.com/bebidas/?pmin=0.01&start=0&sz=20,bebidas
ahorramas,Vino tinto Don García brik 1l,vino tinto don garcia brik 1l,1.00,https://www.ahorramas.com/bebidas/?pmin=0.01&start=0&sz=20,bebidas
ahorramas,Kombucha Komvida 250ml frutos rojos,kombucha komvida 250ml frutos rojos,2.65,https://www.ahorramas.com/bebidas/?pmin=0.01&start=0&sz=20,bebidas
ahorramas,Refresco bitter Kas botella 20cl pack 6,refresco bitter kas botella 20cl pack 6,5.49,https://www.ahorramas.com/bebidas/?pmin=0.01&start=0&sz=20,bebidas
ahorramas,Sidra sin alcohol Mayador 25cl pack 6,sidra sin alcohol mayador 25cl pack 6,3.60,https://www.ahorramas.com/bebidas/?pmin=0.01&start=0&sz=20,bebidas
ahorramas,Vino tinto DO Ribera del Duero Prado Rey roble,vino tinto do ribera del duero prado rey roble,6.65,https://www.ahorramas.com/bebidas/?pmin=0.01&start=0&sz=20,bebidas
ahorramas,"Bebida de granada y uva Don Simón 1,5l sin azúcar","bebida de granada y uva don simon 1,5l sin azucar",1.95,https://www.ahorramas.com/bebidas/?pmin=0.01&start=0&sz=20,bebidas
ahorramas,Néctar de piña Alipende pack 6,nectar de pina alipende pack 6,1.50,https://www.ahorramas.com/bebidas/?pmin=0.01&start=0&sz=20,bebidas
ahorramas,Bebida antioxidante arándanos y uva Granini 1l,bebida antioxidante arandanos y uva granini 1l,2.99,https://www.ahorramas.com/bebidas/?pmin=0.01&start=0&sz=20,bebidas
ahorramas,Agua mineral natural Bezoya Botella Sport 33cl,agua mineral natural bezoya botella sport 33cl,0.55,https://www.ahorramas.com/bebidas/?pmin=0.01&start=0&sz=20,bebidas
ahorramas,Bebida isotónica Aquarius lata 33cl naranja,bebida isotonica aquarius lata 33cl naranja,0.85,https://www.ahorramas.com/bebidas/?pmin=0.01&start=0&sz=20,bebidas
ahorramas,Cerveza rubia especial Alhambra Lager Singular lata 33cl,cerveza rubia especial alhambra lager singular lata 33cl,0.71,https://www.ahorramas.com/bebidas/?pmin=0.01&start=0&sz=20,bebidas
ahorramas,"Agua Font Vella sensacion 1,25l limón","agua font vella sensacion 1,25l limon",1.79,https://www.ahorramas.com/bebidas/?pmin=0.01&start=0&sz=20,bebidas
ahorramas,Tónica Schweppes botella 20cl,tonica schweppes botella 20cl,0.99,https://www.ahorramas.com/bebidas/?pmin=0.01&start=0&sz=20,bebidas
ahorramas,Cerveza rubia especial Mahou 5 Estrellas lata 33cl,cerveza rubia especial mahou 5 estrellas lata 33cl,0.85,https://www.ahorramas.com/bebidas/?pmin=0.01&start=0&sz=20,bebidas
ahorramas,Vino tinto DO Rioja Ramon Bilbao crianza,vino tinto do rioja ramon bilbao crianza,10.15,https://www.ahorramas.com/bebidas/?pmin=0.01&start=0&sz=20,bebidas
ahorramas,Cerveza Mahou Botella 33cl reserva,cerveza mahou botella 33cl reserva,1.00,https://www.ahorramas.com/bebidas/?pmin=0.01&start=0&sz=20,bebidas
ahorramas,Cerveza doble malta Voll-Damm 50cl,cerveza doble malta voll-damm 50cl,0.95,https://www.ahorramas.com/bebidas/?pmin=0.01&start=0&sz=20,bebidas
ahorramas,Agua Font Vella 33cl sport,agua font vella 33cl sport,0.54,https://www.ahorramas.com/bebidas/?pmin=0.01&start=0&sz=20,bebidas
ahorramas,Refresco lima-limón Sprite lata 33cl zero,refresco lima-limon sprite lata 33cl zero,0.65,https://www.ahorramas.com/bebidas/?pmin=0.01&start=0&sz=20,bebidas
ahorramas,Refresco cola Coca-Cola lata 33cl light,refresco cola coca-cola lata 33cl light,0.92,https://www.ahorramas.com/bebidas/?pmin=0.01&start=0&sz=20,bebidas
ahorramas,Cerveza rubia Mahou Clásica lata 33cl,cerveza rubia mahou clasica lata 33cl,0.77,https://www.ahorramas.com/bebidas/?pmin=0.01&start=0&sz=20,bebidas
ahorramas,"Bebida isotónica Aquarius botella 1,5l naranja","bebida isotonica aquarius botella 1,5l naranja",1.99,https://www.ahorramas.com/bebidas/?pmin=0.01&start=0&sz=20,bebidas
ahorramas,Refresco de hierbabuena La Casera 330cl,refresco de hierbabuena la casera 330cl,0.64,https://www.ahorramas.com/bebidas/?pmin=0.01&start=0&sz=20,bebidas
ahorramas,Refresco cola Pepsi lata 33cl,refresco cola pepsi lata 33cl,0.75,https://www.ahorramas.com/bebidas/?pmin=0.01&start=0&sz=20,bebidas
ahorramas,Refresco cola Coca-Cola lata 33cl sin cafeína,refresco cola coca-cola lata 33cl sin cafeina,0.92,https://www.ahorramas.com/bebidas/?pmin=0.01&start=0&sz=20,bebidas
ahorramas,Cerveza reserva Alhambra 1925 lata 33cl,cerveza reserva alhambra 1925 lata 33cl,0.95,https://www.ahorramas.com/bebidas/?pmin=0.01&start=0&sz=20,bebidas
ahorramas,Bebida energética Monster 50cl rehab,bebida energetica monster 50cl rehab,1.45,https://www.ahorramas.com/bebidas/?pmin=0.01&start=0&sz=20,bebidas
ahorramas,Refresco zero pink Schweppes 33cl,refresco zero pink schweppes 33cl,0.99,https://www.ahorramas.com/bebidas/?pmin=0.01&start=0&sz=20,bebidas
ahorramas,Refresco naranja Alipende lata 33cl zero,refresco naranja alipende lata 33cl zero,0.37,https://www.ahorramas.com/bebidas/?pmin=0.01&start=0&sz=20,bebidas
ahorramas,Refresco de té con limón sin azúcar Fuze Tea 33cl,refresco de te con limon sin azucar fuze tea 33cl,0.99,https://www.ahorramas.com/bebidas/?pmin=0.01&start=0&sz=20,bebidas
ahorramas,Refresco cola Pepsi zero lata 33cl sin cafeína,refresco cola pepsi zero lata 33cl sin cafeina,0.75,https://www.ahorramas.com/bebidas/?pmin=0.01&start=0&sz=20,bebidas
ahorramas,Refresco zero de lima y cola Coca Cola 33cl,refresco zero de lima y cola coca cola 33cl,0.89,https://www.ahorramas.com/bebidas/?pmin=0.01&start=0&sz=20,bebidas
ahorramas,Refresco de cola Pepsi Zero 1l,refresco de cola pepsi zero 1l,1.00,https://www.ahorramas.com/bebidas/?pmin=0.01&start=0&sz=20,bebidas
ahorramas,Agua mineral con gas Fonter 1l,agua mineral con gas fonter 1l,1.14,https://www.ahorramas.com/bebidas/?pmin=0.01&start=0&sz=20,bebidas
ahorramas,Limonada Light Don Simon Lata 33cl,limonada light don simon lata 33cl,0.65,https://www.ahorramas.com/bebidas/?pmin=0.01&start=0&sz=20,bebidas
ahorramas,"Refresco Sunny delight 1,25L California","refresco sunny delight 1,25l california",1.50,https://www.ahorramas.com/bebidas/?pmin=0.01&start=0&sz=20,bebidas
ahorramas,Vino blanco de aguja Blanc Pescador,vino blanco de aguja blanc pescador,3.95,https://www.ahorramas.com/bebidas/?pmin=0.01&start=0&sz=20,bebidas
ahorramas,Vino tinto DO Rioja Cune Crianza 75cl,vino tinto do rioja cune crianza 75cl,6.95,https://www.ahorramas.com/bebidas/?pmin=0.01&start=0&sz=20,bebidas
ahorramas,Sidra sin alcohol El Gaitero 75cl,sidra sin alcohol el gaitero 75cl,2.90,https://www.ahorramas.com/bebidas/?pmin=0.01&start=0&sz=20,bebidas
ahorramas,"Néctar de mango Alipende 1,5l","nectar de mango alipende 1,5l",1.35,https://www.ahorramas.com/bebidas/?pmin=0.01&start=0&sz=20,bebidas
ahorramas,Tinto de verano sin alcohol La Casera 33cl lata limón,tinto de verano sin alcohol la casera 33cl lata limon,0.92,https://www.ahorramas.com/bebidas/?pmin=0.01&start=0&sz=20,bebidas
ahorramas,Ron añejo Brugal 70cl,ron anejo brugal 70cl,13.50,https://www.ahorramas.com/bebidas/?pmin=0.01&start=0&sz=20,bebidas
ahorramas,"Refresco cola Pepsi zero botella 1,75l lima","refresco cola pepsi zero botella 1,75l lima",1.29,https://www.ahorramas.com/bebidas/?pmin=0.01&start=0&sz=20,bebidas
ahorramas,Zumo de naranja 100% exprimida con pulpa Aipende 1L,zumo de naranja 100% exprimida con pulpa aipende 1l,2.00,https://www.ahorramas.com/bebidas/?pmin=0.01&start=0&sz=20,bebidas
ahorramas,Refresco lima-limón Sprite botella 2l zero,refresco lima-limon sprite botella 2l zero,1.65,https://www.ahorramas.com/bebidas/?pmin=0.01&start=0&sz=20,bebidas
ahorramas,Licor de hierbas Ruavieja 70cl,licor de hierbas ruavieja 70cl,9.20,https://www.ahorramas.com/bebidas/?pmin=0.01&start=0&sz=20,bebidas
ahorramas,Cerveza checa Pilsner Urquell botella 33cl,cerveza checa pilsner urquell botella 33cl,1.30,https://www.ahorramas.com/bebidas/?pmin=0.01&start=0&sz=20,bebidas
ahorramas,Cerveza sin alcohol Mahou lata 33cl,cerveza sin alcohol mahou lata 33cl,0.59,https://www.ahorramas.com/bebidas/?pmin=0.01&start=0&sz=20,bebidas
ahorramas,"Tinto de verano Sandevid 1,5l vermut","tinto de verano sandevid 1,5l vermut",1.79,https://www.ahorramas.com/bebidas/?pmin=0.01&start=0&sz=20,bebidas
ahorramas,Vino blanco DO Rueda Pata Negra verdejo,vino blanco do rueda pata negra verdejo,5.00,https://www.ahorramas.com/bebidas/?pmin=0.01&start=0&sz=20,bebidas
ahorramas,Refresco Seven Up 2L Lima Limón,refresco seven up 2l lima limon,1.29,https://www.ahorramas.com/bebidas/?pmin=0.01&start=0&sz=20,bebidas
ahorramas,"Néctar tropical sin azúcar añadido Don Simon 1,5l","nectar tropical sin azucar anadido don simon 1,5l",1.95,https://www.ahorramas.com/bebidas/?pmin=0.01&start=0&sz=20,bebidas
ahorramas,Whisky Capitán Jack 70cl,whisky capitan jack 70cl,6.15,https://www.ahorramas.com/bebidas/?pmin=0.01&start=0&sz=20,bebidas
ahorramas,"Bebida Refrescante Iso-Activ Alipende 1,5L Cítrico","bebida refrescante iso-activ alipende 1,5l citrico",1.00,https://www.ahorramas.com/bebidas/?pmin=0.01&start=0&sz=20,bebidas
ahorramas,Cerveza rubia Mahou Clásica botella 1l,cerveza rubia mahou clasica botella 1l,1.82,https://www.ahorramas.com/bebidas/?pmin=0.01&start=0&sz=20,bebidas
ahorramas,Cerveza japonesa rubia l,cerveza japonesa rubia l,1.25,https://www.ahorramas.com/bebidas/?pmin=0.01&start=0&sz=20,bebidas
ahorramas,Cerveza rubia Estrella Galicia pack 16 x 33cl,cerveza rubia estrella galicia pack 16 x 33cl,10.40,https://www.ahorramas.com/bebidas/?pmin=0.01&start=0&sz=20,bebidas
ahorramas,Cerveza rubia San Miguel Especial pack 12 latas 33cl,cerveza rubia san miguel especial pack 12 latas 33cl,5.40,https://www.ahorramas.com/bebidas/?pmin=0.01&start=0&sz=20,bebidas
ahorramas,Whisky bourbon Jim Beam 70cl,whisky bourbon jim beam 70cl,13.60,https://www.ahorramas.com/bebidas/?pmin=0.01&start=0&sz=20,bebidas
ahorramas,Vodka Eristoff 70cl,vodka eristoff 70cl,9.99,https://www.ahorramas.com/bebidas/?pmin=0.01&start=0&sz=20,bebidas
ahorramas,Whisky Jack Daniel's 70cl nº7,whisky jack daniel's 70cl no7,18.95,https://www.ahorramas.com/bebidas/?pmin=0.01&start=0&sz=20,bebidas
ahorramas,Refresco lima-limón 7Up 2l zero,refresco lima-limon 7up 2l zero,1.29,https://www.ahorramas.com/bebidas/?pmin=0.01&start=0&sz=20,bebidas
ahorramas,Vino blanco DO Madrid Alma de Valdeguerra,vino blanco do madrid alma de valdeguerra,4.25,https://www.ahorramas.com/bebidas/?pmin=0.01&start=0&sz=20,bebidas
ahorramas,Kombucha superglow Komvida 250ml,kombucha superglow komvida 250ml,2.65,https://www.ahorramas.com/bebidas/?pmin=0.01&start=0&sz=20,bebidas
ahorramas,Agua Font Vella 1l,agua font vella 1l,0.69,https://www.ahorramas.com/bebidas/?pmin=0.01&start=0&sz=20,bebidas
ahorramas,Zumo de naranja 100% exprimida sin pulpa Alipende 1L,zumo de naranja 100% exprimida sin pulpa alipende 1l,2.00,https://www.ahorramas.com/bebidas/?pmin=0.01&start=0&sz=20,bebidas
ahorramas,Licor de hierbas El Artesano 70cl,licor de hierbas el artesano 70cl,6.10,https://www.ahorramas.com/bebidas/?pmin=0.01&start=0&sz=20,bebidas
ahorramas,"Néctar de naranja, mango y zanahoria Don Simón 1,5l","nectar de naranja, mango y zanahoria don simon 1,5l",1.95,https://www.ahorramas.com/bebidas/?pmin=0.01&start=0&sz=20,bebidas
ahorramas,Zumo tropical con leche Don Simón pack 6 zero,zumo tropical con leche don simon pack 6 zero,1.50,https://www.ahorramas.com/bebidas/?pmin=0.01&start=0&sz=20,bebidas
ahorramas,Zumo caribe con leche Don Simón pack 6 zero,zumo caribe con leche don simon pack 6 zero,1.50,https://www.ahorramas.com/bebidas/?pmin=0.01&start=0&sz=20,bebidas
ahorramas,Zumo Concentrado Alipende 1L Naranja-Mandarina,zumo concentrado alipende 1l naranja-mandarina,1.29,https://www.ahorramas.com/bebidas/?pmin=0.01&start=0&sz=20,bebidas
ahorramas,Kombucha de mango Komvida 250ml,kombucha de mango komvida 250ml,2.65,https://www.ahorramas.com/bebidas/?pmin=0.01&start=0&sz=20,bebidas
ahorramas,Limonada light Don Simon 33cl,limonada light don simon 33cl,0.60,https://www.ahorramas.com/bebidas/?pmin=0.01&start=0&sz=20,bebidas
ahorramas,Agua mineral con gas Cabreiroá. Botella rPET 1L,agua mineral con gas cabreiroa. botella rpet 1l,1.35,https://www.ahorramas.com/bebidas/?pmin=0.01&start=0&sz=20,bebidas
ahorramas,Fruta con leche tropical Alipende pack 6,fruta con leche tropical alipende pack 6,1.20,https://www.ahorramas.com/bebidas/?pmin=0.01&start=0&sz=20,bebidas
ahorramas,Néctar de piña Granini 1l,nectar de pina granini 1l,2.89,https://www.ahorramas.com/bebidas/?pmin=0.01&start=0&sz=20,bebidas
ahorramas,Vino blanco DO Rioja Diamante semidulce,vino blanco do rioja diamante semidulce,4.20,https://www.ahorramas.com/bebidas/?pmin=0.01&start=0&sz=20,bebidas
ahorramas,Cerveza rubia especial Alhambra pack 6 botellas 25cl,cerveza rubia especial alhambra pack 6 botellas 25cl,3.31,https://www.ahorramas.com/bebidas/?pmin=0.01&start=0&sz=20,bebidas
ahorramas,Cerveza con limón Mahou Mixta pack 12 latas 33cl,cerveza con limon mahou mixta pack 12 latas 33cl,8.28,https://www.ahorramas.com/bebidas/?pmin=0.01&start=0&sz=20,bebidas
ahorramas,Vermouth Rojo Martini 1L,vermouth rojo martini 1l,10.00,https://www.ahorramas.com/bebidas/?pmin=0.01&start=0&sz=20,bebidas
ahorramas,Bebida Monster sin azúcar añadido 50cl x 4 taurina ginseng,bebida monster sin azucar anadido 50cl x 4 taurina ginseng,5.36,https://www.ahorramas.com/bebidas/?pmin=0.01&start=0&sz=20,bebidas
ahorramas,Cerveza Rubia Mahou 5* 33CL P16,cerveza rubia mahou 5* 33cl p16,10.40,https://www.ahorramas.com/bebidas/?pmin=0.01&start=0&sz=20,bebidas
ahorramas,Refresco limón Fanta botella 2l,refresco limon fanta botella 2l,1.65,https://www.ahorramas.com/bebidas/?pmin=0.01&start=0&sz=20,bebidas
ahorramas,Vino DO Moriles Pedro Ximenez romería,vino do moriles pedro ximenez romeria,5.95,https://www.ahorramas.com/bebidas/?pmin=0.01&start=0&sz=20,bebidas
ahorramas,Vino blanco Castillo de Gredos 2l,vino blanco castillo de gredos 2l,2.60,https://www.ahorramas.com/bebidas/?pmin=0.01&start=0&sz=20,bebidas
ahorramas,Cerveza Corona pack 6 botellas 21cl,cerveza corona pack 6 botellas 21cl,5.63,https://www.ahorramas.com/bebidas/?pmin=0.01&start=0&sz=20,bebidas
ahorramas,Cerveza rubia especial Estrella Galicia pack 12 botellas 25cl,cerveza rubia especial estrella galicia pack 12 botellas 25cl,8.08,https://www.ahorramas.com/bebidas/?pmin=0.01&start=0&sz=20,bebidas
ahorramas,Fruta con leche mediterráneo Alipende pack 6,fruta con leche mediterraneo alipende pack 6,1.20,https://www.ahorramas.com/bebidas/?pmin=0.01&start=0&sz=20,bebidas
ahorramas,Vino blanco Albariño DO R.Baixas Villa Dauga 75cl,vino blanco albarino do r.baixas villa dauga 75cl,6.50,https://www.ahorramas.com/bebidas/?pmin=0.01&start=0&sz=20,bebidas
ahorramas,Vino tinto DO Rioja Tejar Viejo crianza,vino tinto do rioja tejar viejo crianza,3.00,https://www.ahorramas.com/bebidas/?pmin=0.01&start=0&sz=20,bebidas
ahorramas,Refresco de té al limón Fuze Tea 33cl,refresco de te al limon fuze tea 33cl,0.99,https://www.ahorramas.com/bebidas/?pmin=0.01&start=0&sz=20,bebidas
ahorramas,Cerveza rubia especial Estrella Damm lata 33cl,cerveza rubia especial estrella damm lata 33cl,0.87,https://www.ahorramas.com/bebidas/?pmin=0.01&start=0&sz=20,bebidas
ahorramas,"Refresco cola Pepsi botella 1,75l pack 2","refresco cola pepsi botella 1,75l pack 2",2.50,https://www.ahorramas.com/bebidas/?pmin=0.01&start=0&sz=20,bebidas
ahorramas,Cerveza rubia especial Mahou 5 Estrellas lata 50cl,cerveza rubia especial mahou 5 estrellas lata 50cl,1.27,https://www.ahorramas.com/bebidas/?pmin=0.01&start=0&sz=20,bebidas
ahorramas,Cerveza tostada Turia lata 33cl,cerveza tostada turia lata 33cl,0.63,https://www.ahorramas.com/bebidas/?pmin=0.01&start=0&sz=20,bebidas
ahorramas,Cerveza Dorada El Aguila Lata 33cl,cerveza dorada el aguila lata 33cl,0.59,https://www.ahorramas.com/bebidas/?pmin=0.01&start=0&sz=20,bebidas
ahorramas,Cerveza tostada Adlerbrau lata 33cl,cerveza tostada adlerbrau lata 33cl,0.50,https://www.ahorramas.com/bebidas/?pmin=0.01&start=0&sz=20,bebidas
ahorramas,"Agua mineral Teleno 2,5l","agua mineral teleno 2,5l",0.69,https://www.ahorramas.com/bebidas/?pmin=0.01&start=0&sz=20,bebidas
ahorramas,Bebida Refrescante Iso-Activ Alipende 50Cl Blue,bebida refrescante iso-activ alipende 50cl blue,0.70,https://www.ahorramas.com/bebidas/?pmin=0.01&start=0&sz=20,bebidas
ahorramas,"Cerveza 0,0% Estrella Galicia tostada 33cl","cerveza 0,0% estrella galicia tostada 33cl",0.70,https://www.ahorramas.com/bebidas/?pmin=0.01&start=0&sz=20,bebidas
ahorramas,Ginger ale Schweppes lata 33cl,ginger ale schweppes lata 33cl,0.99,https://www.ahorramas.com/bebidas/?pmin=0.01&start=0&sz=20,bebidas
ahorramas,Bebida energética Monster zero azúcar 50cl,bebida energetica monster zero azucar 50cl,1.45,https://www.ahorramas.com/bebidas/?pmin=0.01&start=0&sz=20,bebidas
ahorramas,Cerveza rubia especial Budweiser lata 33cl,cerveza rubia especial budweiser lata 33cl,0.69,https://www.ahorramas.com/bebidas/?pmin=0.01&start=0&sz=20,bebidas
ahorramas,Bebida energética Parkour Original 50cl,bebida energetica parkour original 50cl,0.99,https://www.ahorramas.com/bebidas/?pmin=0.01&start=0&sz=20,bebidas
ahorramas,Tónica Schweppes botella 1l original,tonica schweppes botella 1l original,1.93,https://www.ahorramas.com/bebidas/?pmin=0.01&start=0&sz=20,bebidas
ahorramas,Cerveza dorada Alhambra Reserva 1925 pack 6 botellas 33cl,cerveza dorada alhambra reserva 1925 pack 6 botellas 33cl,7.98,https://www.ahorramas.com/bebidas/?pmin=0.01&start=0&sz=20,bebidas
ahorramas,Tinto de verano con limón Don Simón 33cl,tinto de verano con limon don simon 33cl,0.75,https://www.ahorramas.com/bebidas/?pmin=0.01&start=0&sz=20,bebidas
ahorramas,Tinto de verano La Casera 33cl lata limón,tinto de verano la casera 33cl lata limon,0.92,https://www.ahorramas.com/bebidas/?pmin=0.01&start=0&sz=20,bebidas
ahorramas,"Tinto de verano con limón sin azúcar 0,0% Don Simon 33cl","tinto de verano con limon sin azucar 0,0% don simon 33cl",0.75,https://www.ahorramas.com/bebidas/?pmin=0.01&start=0&sz=20,bebidas
ahorramas,Vino Blanco Castillo Lagomar 75CL,vino blanco castillo lagomar 75cl,1.00,https://www.ahorramas.com/bebidas/?pmin=0.01&start=0&sz=20,bebidas
ahorramas,"Cerveza rubia sin filtrar 0,0 El Águila 33cl","cerveza rubia sin filtrar 0,0 el aguila 33cl",0.79,https://www.ahorramas.com/bebidas/?pmin=0.01&start=0&sz=20,bebidas
ahorramas,Bebida energética zero Red Bull 25cl,bebida energetica zero red bull 25cl,1.59,https://www.ahorramas.com/bebidas/?pmin=0.01&start=0&sz=20,bebidas
ahorramas,Cerveza rubia artesana de Japón super dry Asahi 33cl,cerveza rubia artesana de japon super dry asahi 33cl,1.50,https://www.ahorramas.com/bebidas/?pmin=0.01&start=0&sz=20,bebidas
ahorramas,Refresco Schweppes 33cl Pomelo,refresco schweppes 33cl pomelo,0.97,https://www.ahorramas.com/bebidas/?pmin=0.01&start=0&sz=20,bebidas
ahorramas,cerveza Rubia 1969 lata 33cl Rva Especial,cerveza rubia 1969 lata 33cl rva especial,1.09,https://www.ahorramas.com/bebidas/?pmin=0.01&start=0&sz=20,bebidas
ahorramas,Zumo de tomate Don Simón 200ml,zumo de tomate don simon 200ml,0.60,https://www.ahorramas.com/bebidas/?pmin=0.01&start=0&sz=20,bebidas
ahorramas,"Tinto de verano sin alcohol clásico Don Simón 1,5l","tinto de verano sin alcohol clasico don simon 1,5l",1.40,https://www.ahorramas.com/bebidas/?pmin=0.01&start=0&sz=20,bebidas
ahorramas,"Cerveza sin alcohol San Miguel 0,0% pack 6 botellas 25cl","cerveza sin alcohol san miguel 0,0% pack 6 botellas 25cl",3.36,https://www.ahorramas.com/bebidas/?pmin=0.01&start=0&sz=20,bebidas
ahorramas,Cerveza tostada 00 radler Amstel lata 33cl,cerveza tostada 00 radler amstel lata 33cl,0.78,https://www.ahorramas.com/bebidas/?pmin=0.01&start=0&sz=20,bebidas
ahorramas,Cerveza rubia 18/70 lata 33cl,cerveza rubia 18/70 lata 33cl,0.76,https://www.ahorramas.com/bebidas/?pmin=0.01&start=0&sz=20,bebidas
ahorramas,Bebida energética Burn 50cl,bebida energetica burn 50cl,1.00,https://www.ahorramas.com/bebidas/?pmin=0.01&start=0&sz=20,bebidas
ahorramas,Cava brut nature Jaume Serra 75cl,cava brut nature jaume serra 75cl,3.95,https://www.ahorramas.com/bebidas/?pmin=0.01&start=0&sz=20,bebidas
ahorramas,Refresco cola Coca-Cola botella 2l light,refresco cola coca-cola botella 2l light,1.99,https://www.ahorramas.com/bebidas/?pmin=0.01&start=0&sz=20,bebidas
ahorramas,Refresco cola sin cafeína Coca-Cola botella 2l,refresco cola sin cafeina coca-cola botella 2l,1.99,https://www.ahorramas.com/bebidas/?pmin=0.01&start=0&sz=20,bebidas
ahorramas,Mosto Blanco Faustino Rivero Ulecia Verdejo-Frizzante 750 ml,mosto blanco faustino rivero ulecia verdejo-frizzante 750 ml,3.99,https://www.ahorramas.com/bebidas/?pmin=0.01&start=0&sz=20,bebidas
ahorramas,"Refresco fresa Alipende botella 1,5l zero","refresco fresa alipende botella 1,5l zero",1.20,https://www.ahorramas.com/bebidas/?pmin=0.01&start=0&sz=20,bebidas
ahorramas,Vino blanco DO Moriles Romería fino,vino blanco do moriles romeria fino,3.10,https://www.ahorramas.com/bebidas/?pmin=0.01&start=0&sz=20,bebidas
ahorramas,Cerveza Mahou 5 rosé lata 33cl,cerveza mahou 5 rose lata 33cl,0.95,https://www.ahorramas.com/bebidas/?pmin=0.01&start=0&sz=20,bebidas
ahorramas,"Cerveza Tostada 0,0% Mahou 25cl","cerveza tostada 0,0% mahou 25cl",0.64,https://www.ahorramas.com/bebidas/?pmin=0.01&start=0&sz=20,bebidas
ahorramas,Vino tinto DO Madrid Puerta de Alcalá crianza,vino tinto do madrid puerta de alcala crianza,4.55,https://www.ahorramas.com/bebidas/?pmin=0.01&start=0&sz=20,bebidas
ahorramas,Refresco Té s/azucar Nestea 1.5L Limón,refresco te s/azucar nestea 1.5l limon,1.99,https://www.ahorramas.com/bebidas/?pmin=0.01&start=0&sz=20,bebidas
ahorramas,Agua con gas Solán de Cabras 750ml,agua con gas solan de cabras 750ml,1.65,https://www.ahorramas.com/bebidas/?pmin=0.01&start=0&sz=20,bebidas
ahorramas,Cava brut gran livenza 75cl,cava brut gran livenza 75cl,3.20,https://www.ahorramas.com/bebidas/?pmin=0.01&start=0&sz=20,bebidas
ahorramas,"VICTORIA 0,0 Tostada - Lata 33cl","victoria 0,0 tostada - lata 33cl",0.71,https://www.ahorramas.com/bebidas/?pmin=0.01&start=0&sz=20,bebidas
ahorramas,Vino tinto Castillo de Gredos 2l,vino tinto castillo de gredos 2l,2.70,https://www.ahorramas.com/bebidas/?pmin=0.01&start=0&sz=20,bebidas
ahorramas,Agua Nestlé Aquarel 750ml,agua nestle aquarel 750ml,0.73,https://www.ahorramas.com/bebidas/?pmin=0.01&start=0&sz=20,bebidas
ahorramas,Sidra Asturiana Mayador 75cl,sidra asturiana mayador 75cl,1.60,https://www.ahorramas.com/bebidas/?pmin=0.01&start=0&sz=20,bebidas
ahorramas,"Refresco Cola Zero Pepsi 1,75L","refresco cola zero pepsi 1,75l",1.29,https://www.ahorramas.com/bebidas/?pmin=0.01&start=0&sz=20,bebidas
ahorramas,Vino tinto DO La Mancha Pata Negra Red Blend roble,vino tinto do la mancha pata negra red blend roble,2.99,https://www.ahorramas.com/bebidas/?pmin=0.01&start=0&sz=20,bebidas
ahorramas,Refresco de limonada y fresa Don Simon 33cl,refresco de limonada y fresa don simon 33cl,0.75,https://www.ahorramas.com/bebidas/?pmin=0.01&start=0&sz=20,bebidas
ahorramas,Refresco Sunny delight 33cl Cancún,refresco sunny delight 33cl cancun,0.90,https://www.ahorramas.com/bebidas/?pmin=0.01&start=0&sz=20,bebidas
ahorramas,Vino rosado espumoso Fizzy moscato,vino rosado espumoso fizzy moscato,2.70,https://www.ahorramas.com/bebidas/?pmin=0.01&start=0&sz=20,bebidas
ahorramas,Zumo de naranja con pulpa exprimido Don Simón 1l,zumo de naranja con pulpa exprimido don simon 1l,1.99,https://www.ahorramas.com/bebidas/?pmin=0.01&start=0&sz=20,bebidas
ahorramas,Cava semi-seco Freixenet Carta Nevada 75cl,cava semi-seco freixenet carta nevada 75cl,6.95,https://www.ahorramas.com/bebidas/?pmin=0.01&start=0&sz=20,bebidas
ahorramas,Zumo mediterráneo con leche Bifrutas Pascual pack 6,zumo mediterraneo con leche bifrutas pascual pack 6,2.10,https://www.ahorramas.com/bebidas/?pmin=0.01&start=0&sz=20,bebidas
ahorramas,Bebida energética Monster 50cl mango loco taurina ginseng,bebida energetica monster 50cl mango loco taurina ginseng,1.45,https://www.ahorramas.com/bebidas/?pmin=0.01&start=0&sz=20,bebidas
ahorramas,Vino tinto DO Valdepeñas Viña Albali crianza,vino tinto do valdepenas vina albali crianza,2.69,https://www.ahorramas.com/bebidas/?pmin=0.01&start=0&sz=20,bebidas
ahorramas,Bebida energética Monster 50cl pack 4 green taurina ginseng,bebida energetica monster 50cl pack 4 green taurina ginseng,5.36,https://www.ahorramas.com/bebidas/?pmin=0.01&start=0&sz=20,bebidas
ahorramas,Vino blanco espumoso Fizzy verdejo,vino blanco espumoso fizzy verdejo,2.70,https://www.ahorramas.com/bebidas/?pmin=0.01&start=0&sz=20,bebidas
ahorramas,Vino blanco DO Rueda Mayor de Castilla verdejo,vino blanco do rueda mayor de castilla verdejo,2.80,https://www.ahorramas.com/bebidas/?pmin=0.01&start=0&sz=20,bebidas
ahorramas,Vino tinto DO Cariñena Monasterio Viñas crianza,vino tinto do carinena monasterio vinas crianza,2.95,https://www.ahorramas.com/bebidas/?pmin=0.01&start=0&sz=20,bebidas
ahorramas,Cerveza Dorada El Aguila 200ml P6,cerveza dorada el aguila 200ml p6,2.85,https://www.ahorramas.com/bebidas/?pmin=0.01&start=0&sz=20,bebidas
ahorramas,Royal Bliss Signature Tonic Water 250ml Lata,royal bliss signature tonic water 250ml lata,0.75,https://www.ahorramas.com/bebidas/?pmin=0.01&start=0&sz=20,bebidas
ahorramas,Cerveza Madrí botella 33cl excepcional,cerveza madri botella 33cl excepcional,1.33,https://www.ahorramas.com/bebidas/?pmin=0.01&start=0&sz=20,bebidas
ahorramas,Refresco de cola Pepsi 1l,refresco de cola pepsi 1l,1.00,https://www.ahorramas.com/bebidas/?pmin=0.01&start=0&sz=20,bebidas
ahorramas,Bebida energética Monster 50cl zero taurina ginseng,bebida energetica monster 50cl zero taurina ginseng,1.79,https://www.ahorramas.com/bebidas/?pmin=0.01&start=0&sz=20,bebidas
ahorramas,Vino blanco DO Rueda José Pariente verdejo,vino blanco do rueda jose pariente verdejo,11.49,https://www.ahorramas.com/bebidas/?pmin=0.01&start=0&sz=20,bebidas
ahorramas,Vermouth rojo Yzaguirre 1l,vermouth rojo yzaguirre 1l,8.35,https://www.ahorramas.com/bebidas/?pmin=0.01&start=0&sz=20,bebidas
ahorramas,Zumo de piña y uva Don Simón 1l,zumo de pina y uva don simon 1l,1.50,https://www.ahorramas.com/bebidas/?pmin=0.01&start=0&sz=20,bebidas
ahorramas,Zumo de melocotón y uva Alipende brik 1l,zumo de melocoton y uva alipende brik 1l,1.00,https://www.ahorramas.com/bebidas/?pmin=0.01&start=0&sz=20,bebidas
ahorramas,"Refresco sin gas Alipende sin azúcar añadido 1,5l tropical","refresco sin gas alipende sin azucar anadido 1,5l tropical",1.20,https://www.ahorramas.com/bebidas/?pmin=0.01&start=0&sz=20,bebidas
ahorramas,Cerveza de trigo Franziskaner botella 50cl,cerveza de trigo franziskaner botella 50cl,1.73,https://www.ahorramas.com/bebidas/?pmin=0.01&start=0&sz=20,bebidas
ahorramas,"Agua con gas Vichy Catalán 0,5L","agua con gas vichy catalan 0,5l",1.25,https://www.ahorramas.com/bebidas/?pmin=0.01&start=0&sz=20,bebidas
ahorramas,"Sangría Don Simón 1,5l","sangria don simon 1,5l",1.95,https://www.ahorramas.com/bebidas/?pmin=0.01&start=0&sz=20,bebidas
ahorramas,Refresco de lima-limón Sprite botella 2l,refresco de lima-limon sprite botella 2l,1.65,https://www.ahorramas.com/bebidas/?pmin=0.01&start=0&sz=20,bebidas
ahorramas,Bebida energética energy Ultra Peachy Keen Monster 500ml,bebida energetica energy ultra peachy keen monster 500ml,1.79,https://www.ahorramas.com/bebidas/?pmin=0.01&start=0&sz=20,bebidas
ahorramas,Refresco Coca-Cola 33cl P6,refresco coca-cola 33cl p6,5.52,https://www.ahorramas.com/bebidas/?pmin=0.01&start=0&sz=20,bebidas
ahorramas,Zumo tropical con leche Bifrutas Pascual pack 3,zumo tropical con leche bifrutas pascual pack 3,2.52,https://www.ahorramas.com/bebidas/?pmin=0.01&start=0&sz=20,bebidas
ahorramas,Néctar de frutas del bosque Alipende pack 6,nectar de frutas del bosque alipende pack 6,1.50,https://www.ahorramas.com/bebidas/?pmin=0.01&start=0&sz=20,bebidas
ahorramas,Naranja Komvida 250ml,naranja komvida 250ml,2.65,https://www.ahorramas.com/bebidas/?pmin=0.01&start=0&sz=20,bebidas
ahorramas,Tequila José Cuervo 70cl,tequila jose cuervo 70cl,16.90,https://www.ahorramas.com/bebidas/?pmin=0.01&start=0&sz=20,bebidas
ahorramas,Pacharán El Artesano 1l,pacharan el artesano 1l,6.90,https://www.ahorramas.com/bebidas/?pmin=0.01&start=0&sz=20,bebidas
ahorramas,Whisky J&B 1l,whisky j&b 1l,18.49,https://www.ahorramas.com/bebidas/?pmin=0.01&start=0&sz=20,bebidas
ahorramas,Vino blanco DO Ribeiro Pazo,vino blanco do ribeiro pazo,4.50,https://www.ahorramas.com/bebidas/?pmin=0.01&start=0&sz=20,bebidas
ahorramas,Cerveza rubia mini Mahou 5* 20cl pack 6,cerveza rubia mini mahou 5* 20cl pack 6,2.99,https://www.ahorramas.com/bebidas/?pmin=0.01&start=0&sz=20,bebidas
ahorramas,Néctar de naranja Granini 1l,nectar de naranja granini 1l,2.99,https://www.ahorramas.com/bebidas/?pmin=0.01&start=0&sz=20,bebidas
ahorramas,Ron añejo Barceló 70cl + regalo 4 vasos,ron anejo barcelo 70cl + regalo 4 vasos,15.45,https://www.ahorramas.com/bebidas/?pmin=0.01&start=0&sz=20,bebidas
ahorramas,Whisky de malta Cardhu 70cl,whisky de malta cardhu 70cl,30.99,https://www.ahorramas.com/bebidas/?pmin=0.01&start=0&sz=20,bebidas
ahorramas,Cerveza Rubia Alhambra 1925,cerveza rubia alhambra 1925,7.50,https://www.ahorramas.com/bebidas/?pmin=0.01&start=0&sz=20,bebidas
ahorramas,Cerveza Rubia Mahou 33cl,cerveza rubia mahou 33cl,3.48,https://www.ahorramas.com/bebidas/?pmin=0.01&start=0&sz=20,bebidas
ahorramas,Ginebra Tanqueray 70cl + lata,ginebra tanqueray 70cl + lata,13.95,https://www.ahorramas.com/bebidas/?pmin=0.01&start=0&sz=20,bebidas
ahorramas,Anís dulce Chinchón 1l,anis dulce chinchon 1l,11.79,https://www.ahorramas.com/bebidas/?pmin=0.01&start=0&sz=20,bebidas
ahorramas,Bebida energética Red Bull 25cl albaricoque fresa,bebida energetica red bull 25cl albaricoque fresa,1.59,https://www.ahorramas.com/bebidas/?pmin=0.01&start=0&sz=20,bebidas
ahorramas,Whisky escocés Etiqueta Roja Johnnie Walker 70cl + mini black label,whisky escoces etiqueta roja johnnie walker 70cl + mini black label,13.95,https://www.ahorramas.com/bebidas/?pmin=0.01&start=0&sz=20,bebidas
ahorramas,"Refresco cola Coca-Cola botella 1,25l zero","refresco cola coca-cola botella 1,25l zero",1.35,https://www.ahorramas.com/bebidas/?pmin=0.01&start=0&sz=20,bebidas
ahorramas,Cava semi-seco Freixenet Mininevada 20cl pack 3,cava semi-seco freixenet mininevada 20cl pack 3,7.45,https://www.ahorramas.com/bebidas/?pmin=0.01&start=0&sz=20,bebidas
ahorramas,Bebida La Casera 33cl Blanco Verano Limón,bebida la casera 33cl blanco verano limon,0.92,https://www.ahorramas.com/bebidas/?pmin=0.01&start=0&sz=20,bebidas
ahorramas,Cerveza rubia especial Heineken lata 33cl,cerveza rubia especial heineken lata 33cl,0.65,https://www.ahorramas.com/bebidas/?pmin=0.01&start=0&sz=20,bebidas
ahorramas,Vino tinto D.O.R. Duero Protos 10 meses. 75cl,vino tinto d.o.r. duero protos 10 meses. 75cl,10.95,https://www.ahorramas.com/bebidas/?pmin=0.01&start=0&sz=20,bebidas
ahorramas,Bebida Monster Energy Ultra Strawberry Dreams 500ml,bebida monster energy ultra strawberry dreams 500ml,1.45,https://www.ahorramas.com/bebidas/?pmin=0.01&start=0&sz=20,bebidas
ahorramas,Vino tinto DO Rioja Coto de Imaz reserva,vino tinto do rioja coto de imaz reserva,7.95,https://www.ahorramas.com/bebidas/?pmin=0.01&start=0&sz=20,bebidas
ahorramas,Vino tinto Rioja El Coto 75cl Crianza,vino tinto rioja el coto 75cl crianza,5.95,https://www.ahorramas.com/bebidas/?pmin=0.01&start=0&sz=20,bebidas
ahorramas,Licor de crema de whisky baileys 70cl,licor de crema de whisky baileys 70cl,13.49,https://www.ahorramas.com/bebidas/?pmin=0.01&start=0&sz=20,bebidas
ahorramas,Bebida energética Red Bull 25cl pack 4,bebida energetica red bull 25cl pack 4,4.20,https://www.ahorramas.com/bebidas/?pmin=0.01&start=0&sz=20,bebidas
ahorramas,"Refresco naranka Schweppes 1,5l","refresco naranka schweppes 1,5l",1.50,https://www.ahorramas.com/bebidas/?pmin=0.01&start=0&sz=20,bebidas
ahorramas,Vino tinto DO Rioja Campo Viejo tempranillo,vino tinto do rioja campo viejo tempranillo,3.99,https://www.ahorramas.com/bebidas/?pmin=0.01&start=0&sz=20,bebidas
ahorramas,"Refresco de cola sin cafeína Pepsi zero botella 1,75l","refresco de cola sin cafeina pepsi zero botella 1,75l",1.29,https://www.ahorramas.com/bebidas/?pmin=0.01&start=0&sz=20,bebidas
ahorramas,Agua mineral natural Teleno petaca infantil 33cl,agua mineral natural teleno petaca infantil 33cl,0.49,https://www.ahorramas.com/bebidas/?pmin=0.01&start=0&sz=20,bebidas
ahorramas,Bebida energética de coco Red Bull 25cl,bebida energetica de coco red bull 25cl,1.59,https://www.ahorramas.com/bebidas/?pmin=0.01&start=0&sz=20,bebidas
ahorramas,Vino blanco verdejo DO Rueda Molongo 75cl,vino blanco verdejo do rueda molongo 75cl,2.99,https://www.ahorramas.com/bebidas/?pmin=0.01&start=0&sz=20,bebidas
ahorramas,"Refresco sin gas limón Trina botella 1,5l zero","refresco sin gas limon trina botella 1,5l zero",1.69,https://www.ahorramas.com/bebidas/?pmin=0.01&start=0&sz=20,bebidas
ahorramas,Vino tinto DO Ribera del Duero Arzuaga crianza,vino tinto do ribera del duero arzuaga crianza,23.99,https://www.ahorramas.com/bebidas/?pmin=0.01&start=0&sz=20,bebidas
ahorramas,Vino tinto DO Ribera del Duero Emilio Moro,vino tinto do ribera del duero emilio moro,22.50,https://www.ahorramas.com/bebidas/?pmin=0.01&start=0&sz=20,bebidas
ahorramas,Zumo 100% de tomate Granini 1l,zumo 100% de tomate granini 1l,3.09,https://www.ahorramas.com/bebidas/?pmin=0.01&start=0&sz=20,bebidas
ahorramas,Mosto tinto Don Simon 1l,mosto tinto don simon 1l,1.30,https://www.ahorramas.com/bebidas/?pmin=0.01&start=0&sz=20,bebidas
ahorramas,Zumo 100% Exprimido refrigerado Summun 750ml Frutos Rojos,zumo 100% exprimido refrigerado summun 750ml frutos rojos,1.70,https://www.ahorramas.com/bebidas/?pmin=0.01&start=0&sz=20,bebidas
ahorramas,Néctar de melocotón Disfruta 2l,nectar de melocoton disfruta 2l,2.70,https://www.ahorramas.com/bebidas/?pmin=0.01&start=0&sz=20,bebidas
ahorramas,Zumo de naranja Don Simón pack 6,zumo de naranja don simon pack 6,2.65,https://www.ahorramas.com/bebidas/?pmin=0.01&start=0&sz=20,bebidas
ahorramas,Fuze Tea Mango Piña 1.5L Botella,fuze tea mango pina 1.5l botella,1.99,https://www.ahorramas.com/bebidas/?pmin=0.01&start=0&sz=20,bebidas
ahorramas,"Refresco naranja Don Simón 1,5L","refresco naranja don simon 1,5l",1.15,https://www.ahorramas.com/bebidas/?pmin=0.01&start=0&sz=20,bebidas
ahorramas,Néctar de naranja Alipende pack 6,nectar de naranja alipende pack 6,1.85,https://www.ahorramas.com/bebidas/?pmin=0.01&start=0&sz=20,bebidas
ahorramas,Cava brut rosé Gran Livenza 75cl,cava brut rose gran livenza 75cl,3.75,https://www.ahorramas.com/bebidas/?pmin=0.01&start=0&sz=20,bebidas
ahorramas,Vino tinto DO Valdepeñas Los Molinos tempranillo,vino tinto do valdepenas los molinos tempranillo,2.35,https://www.ahorramas.com/bebidas/?pmin=0.01&start=0&sz=20,bebidas
ahorramas,Vodka Volkoff 70cl,vodka volkoff 70cl,4.95,https://www.ahorramas.com/bebidas/?pmin=0.01&start=0&sz=20,bebidas
ahorramas,Licor aperitivo Aperol 70cl Italia,licor aperitivo aperol 70cl italia,13.65,https://www.ahorramas.com/bebidas/?pmin=0.01&start=0&sz=20,bebidas
ahorramas,"Néctar de naranja Alipende 1,5l","nectar de naranja alipende 1,5l",1.58,https://www.ahorramas.com/bebidas/?pmin=0.01&start=0&sz=20,bebidas
ahorramas,"Vermouth rojo Zarro 1,5l","vermouth rojo zarro 1,5l",8.19,https://www.ahorramas.com/bebidas/?pmin=0.01&start=0&sz=20,bebidas
ahorramas,Cerveza rubia Adlerbrau Especial lata 33cl,cerveza rubia adlerbrau especial lata 33cl,0.34,https://www.ahorramas.com/bebidas/?pmin=0.01&start=0&sz=20,bebidas
ahorramas,Vino tinto DO La Mancha Torneo crianza,vino tinto do la mancha torneo crianza,1.70,https://www.ahorramas.com/bebidas/?pmin=0.01&start=0&sz=20,bebidas
ahorramas,Agua Mineral sin gas Cabreiroá botella 50cl,agua mineral sin gas cabreiroa botella 50cl,0.66,https://www.ahorramas.com/bebidas/?pmin=0.01&start=0&sz=20,bebidas
ahorramas,Cerveza de trigo Paulaner botella 50cl,cerveza de trigo paulaner botella 50cl,1.99,https://www.ahorramas.com/bebidas/?pmin=0.01&start=0&sz=20,bebidas
ahorramas,Vino tinto DO La Mancha Estola reserva,vino tinto do la mancha estola reserva,3.99,https://www.ahorramas.com/bebidas/?pmin=0.01&start=0&sz=20,bebidas
ahorramas,Vino tinto DO Ribera del Duero Portia roble,vino tinto do ribera del duero portia roble,8.75,https://www.ahorramas.com/bebidas/?pmin=0.01&start=0&sz=20,bebidas
ahorramas,Zumo de naranja refrigerado La Huerta 330ml,zumo de naranja refrigerado la huerta 330ml,1.50,https://www.ahorramas.com/bebidas/?pmin=0.01&start=0&sz=20,bebidas
ahorramas,"Tinto de verano 0,0% Don Simon 1,5L P2 Limón","tinto de verano 0,0% don simon 1,5l p2 limon",2.65,https://www.ahorramas.com/bebidas/?pmin=0.01&start=0&sz=20,bebidas
ahorramas,"Néctar de melocotón Don Simon 1,5l","nectar de melocoton don simon 1,5l",2.45,https://www.ahorramas.com/bebidas/?pmin=0.01&start=0&sz=20,bebidas
ahorramas,Zumo de fruta + leche zero sabor melón y sandía Don Simon Pack 6,zumo de fruta + leche zero sabor melon y sandia don simon pack 6,1.50,https://www.ahorramas.com/bebidas/?pmin=0.01&start=0&sz=20,bebidas
ahorramas,Vino blanco DO Rias Baixas Terras Gauda 75cl,vino blanco do rias baixas terras gauda 75cl,14.95,https://www.ahorramas.com/bebidas/?pmin=0.01&start=0&sz=20,bebidas
ahorramas,Vino tinto de mesa Viñas Bajas garrafa 5l,vino tinto de mesa vinas bajas garrafa 5l,5.45,https://www.ahorramas.com/bebidas/?pmin=0.01&start=0&sz=20,bebidas
ahorramas,Cerveza negra Draught Guinness 44cl,cerveza negra draught guinness 44cl,2.89,https://www.ahorramas.com/bebidas/?pmin=0.01&start=0&sz=20,bebidas
ahorramas,"Refresco de frambuesa zero azúcar Fanta 1,25l","refresco de frambuesa zero azucar fanta 1,25l",1.49,https://www.ahorramas.com/bebidas/?pmin=0.01&start=0&sz=20,bebidas
ahorramas,Licor de crema de orujo El Artesano 70cl,licor de crema de orujo el artesano 70cl,6.35,https://www.ahorramas.com/bebidas/?pmin=0.01&start=0&sz=20,bebidas
ahorramas,"Bebida de avena, plátano y coco Vianature 750ml","bebida de avena, platano y coco vianature 750ml",2.49,https://www.ahorramas.com/bebidas/?pmin=0.01&start=0&sz=20,bebidas
ahorramas,Refresco cola Coca-Cola botella 50cl,refresco cola coca-cola botella 50cl,1.70,https://www.ahorramas.com/bebidas/?pmin=0.01&start=0&sz=20,bebidas
ahorramas,Vino tinto DO Ribera del Duero Resalso joven,vino tinto do ribera del duero resalso joven,10.50,https://www.ahorramas.com/bebidas/?pmin=0.01&start=0&sz=20,bebidas
ahorramas,"Refresco tónica Alipende botella 1,5l con quinina","refresco tonica alipende botella 1,5l con quinina",0.90,https://www.ahorramas.com/bebidas/?pmin=0.01&start=0&sz=20,bebidas
ahorramas,Sidra El Gaitero 75cl,sidra el gaitero 75cl,2.70,https://www.ahorramas.com/bebidas/?pmin=0.01&start=0&sz=20,bebidas
ahorramas,Whisky William Lawson 70cl Escocia,whisky william lawson 70cl escocia,10.99,https://www.ahorramas.com/bebidas/?pmin=0.01&start=0&sz=20,bebidas
ahorramas,Zumo fruta con leche Don Simon pack 6,zumo fruta con leche don simon pack 6,1.50,https://www.ahorramas.com/bebidas/?pmin=0.01&start=0&sz=20,bebidas
ahorramas,Gasificante para repostería El Tigre 8 sobres,gasificante para reposteria el tigre 8 sobres,0.94,https://www.ahorramas.com/bebidas/?pmin=0.01&start=0&sz=20,bebidas
ahorramas,Néctar sin azúcar multifrutas Disfruta pack 6,nectar sin azucar multifrutas disfruta pack 6,2.00,https://www.ahorramas.com/bebidas/?pmin=0.01&start=0&sz=20,bebidas
ahorramas,Ron añejo Maracaibo 70cl clásico,ron anejo maracaibo 70cl clasico,6.05,https://www.ahorramas.com/bebidas/?pmin=0.01&start=0&sz=20,bebidas
ahorramas,Néctar Don Simón Mango. 1`5l,nectar don simon mango. 1`5l,2.45,https://www.ahorramas.com/bebidas/?pmin=0.01&start=0&sz=20,bebidas
ahorramas,Cerveza tostada Alhambra Reserva Roja pack 4 botellas 33cl,cerveza tostada alhambra reserva roja pack 4 botellas 33cl,5.99,https://www.ahorramas.com/bebidas/?pmin=0.01&start=0&sz=20,bebidas
ahorramas,"Refresco sin gas limón Trina botella 1,5l","refresco sin gas limon trina botella 1,5l",1.69,https://www.ahorramas.com/bebidas/?pmin=0.01&start=0&sz=20,bebidas
ahorramas,Vermouth blanco Maestroni 1l,vermouth blanco maestroni 1l,2.90,https://www.ahorramas.com/bebidas/?pmin=0.01&start=0&sz=20,bebidas
ahorramas,Bebida energética Red Bull 25cl juneberry,bebida energetica red bull 25cl juneberry,1.59,https://www.ahorramas.com/bebidas/?pmin=0.01&start=0&sz=20,bebidas
ahorramas,Vino tinto DO Somontano Enate merlot,vino tinto do somontano enate merlot,7.59,https://www.ahorramas.com/bebidas/?pmin=0.01&start=0&sz=20,bebidas
ahorramas,Néctar de piña Disfruta 2l,nectar de pina disfruta 2l,2.70,https://www.ahorramas.com/bebidas/?pmin=0.01&start=0&sz=20,bebidas
ahorramas,Vino tinto DO Rioja Muga crianza,vino tinto do rioja muga crianza,19.25,https://www.ahorramas.com/bebidas/?pmin=0.01&start=0&sz=20,bebidas
ahorramas,Cerveza rubia Amstel clásica pack 12 latas 33cl,cerveza rubia amstel clasica pack 12 latas 33cl,5.52,https://www.ahorramas.com/bebidas/?pmin=0.01&start=0&sz=20,bebidas
ahorramas,Cerveza rubia Mahou Clásica pack 24 botellas 25cl,cerveza rubia mahou clasica pack 24 botellas 25cl,13.44,https://www.ahorramas.com/bebidas/?pmin=0.01&start=0&sz=20,bebidas
ahorramas,Ginebra Tanqueray 70cl + copa,ginebra tanqueray 70cl + copa,13.95,https://www.ahorramas.com/bebidas/?pmin=0.01&start=0&sz=20,bebidas
ahorramas,Cerveza rubia 1906 Botella 50cl Especial,cerveza rubia 1906 botella 50cl especial,1.50,https://www.ahorramas.com/bebidas/?pmin=0.01&start=0&sz=20,bebidas
ahorramas,Bebida energética sin azúcar Red Bull 25cl,bebida energetica sin azucar red bull 25cl,1.59,https://www.ahorramas.com/bebidas/?pmin=0.01&start=0&sz=20,bebidas
ahorramas,Vino tinto DO Ribera del Duero Mayor de Castilla crianza,vino tinto do ribera del duero mayor de castilla crianza,5.25,https://www.ahorramas.com/bebidas/?pmin=0.01&start=0&sz=20,bebidas
ahorramas,Whisky Johnnie Walker 70cl etiqueta negra,whisky johnnie walker 70cl etiqueta negra,26.95,https://www.ahorramas.com/bebidas/?pmin=0.01&start=0&sz=20,bebidas
ahorramas,Bebida energética Red Bull 25cl,bebida energetica red bull 25cl,1.59,https://www.ahorramas.com/bebidas/?pmin=0.01&start=0&sz=20,bebidas
ahorramas,Anís dulce Castellana 70cl,anis dulce castellana 70cl,7.50,https://www.ahorramas.com/bebidas/?pmin=0.01&start=0&sz=20,bebidas
ahorramas,Vino blanco barbadillo castillo San Diego Palomino Fino Cádiz,vino blanco barbadillo castillo san diego palomino fino cadiz,3.95,https://www.ahorramas.com/bebidas/?pmin=0.01&start=0&sz=20,bebidas
ahorramas,Vino tinto de Castilla Aljibes crianza,vino tinto de castilla aljibes crianza,4.95,https://www.ahorramas.com/bebidas/?pmin=0.01&start=0&sz=20,bebidas
ahorramas,Whisky de malta 200 aniversario Cardhu 70cl,whisky de malta 200 aniversario cardhu 70cl,30.99,https://www.ahorramas.com/bebidas/?pmin=0.01&start=0&sz=20,bebidas
ahorramas,Licor crema limoncello Brisamare 70cl,licor crema limoncello brisamare 70cl,5.95,https://www.ahorramas.com/bebidas/?pmin=0.01&start=0&sz=20,bebidas
ahorramas,Ron añejo Cacique 70cl,ron anejo cacique 70cl,13.49,https://www.ahorramas.com/bebidas/?pmin=0.01&start=0&sz=20,bebidas
ahorramas,Vino tinto de Castilla Berberana Selección Oro,vino tinto de castilla berberana seleccion oro,2.99,https://www.ahorramas.com/bebidas/?pmin=0.01&start=0&sz=20,bebidas
ahorramas,Cerveza rubia especial Estrella Galicia pack 20 mini 20cl,cerveza rubia especial estrella galicia pack 20 mini 20cl,10.15,https://www.ahorramas.com/bebidas/?pmin=0.01&start=0&sz=20,bebidas
ahorramas,Vodka raspberri&lemonade Absolut 250ml,vodka raspberri&lemonade absolut 250ml,2.19,https://www.ahorramas.com/bebidas/?pmin=0.01&start=0&sz=20,bebidas
ahorramas,Bebida isotónica Prime Juventus 500mL C/12,bebida isotonica prime juventus 500ml c/12,2.30,https://www.ahorramas.com/bebidas/?pmin=0.01&start=0&sz=20,bebidas
ahorramas,Vino tinto Roja Otoñal 75CL Reserva,vino tinto roja otonal 75cl reserva,4.99,https://www.ahorramas.com/bebidas/?pmin=0.01&start=0&sz=20,bebidas
ahorramas,Havana Club Rum and Cola 250ml,havana club rum and cola 250ml,2.19,https://www.ahorramas.com/bebidas/?pmin=0.01&start=0&sz=20,bebidas
ahorramas,"Tinto de verano con limón Sandevid 1,5l","tinto de verano con limon sandevid 1,5l",1.85,https://www.ahorramas.com/bebidas/?pmin=0.01&start=0&sz=20,bebidas
ahorramas,Cerveza Rubia Desperados botella 33cl Lime,cerveza rubia desperados botella 33cl lime,1.05,https://www.ahorramas.com/bebidas/?pmin=0.01&start=0&sz=20,bebidas
ahorramas,Vino blanco Godello D.O. Rías Baixas. 75cl,vino blanco godello d.o. rias baixas. 75cl,8.99,https://www.ahorramas.com/bebidas/?pmin=0.01&start=0&sz=20,bebidas
ahorramas,Zumo Nutribebida Hohes C Zumo Plus Hierro Pet 1L,zumo nutribebida hohes c zumo plus hierro pet 1l,2.49,https://www.ahorramas.com/bebidas/?pmin=0.01&start=0&sz=20,bebidas
ahorramas,Vino tinto Garnacha 2022 Honoro Vera botella 75cl,vino tinto garnacha 2022 honoro vera botella 75cl,5.95,https://www.ahorramas.com/bebidas/?pmin=0.01&start=0&sz=20,bebidas
ahorramas,Ron Blanco Carta Blanca Bacardi 70cl + Botella Coca Cola Zero,ron blanco carta blanca bacardi 70cl + botella coca cola zero,12.79,https://www.ahorramas.com/bebidas/?pmin=0.01&start=0&sz=20,bebidas
ahorramas,Dulce María DO Madrid 75cl,dulce maria do madrid 75cl,3.29,https://www.ahorramas.com/bebidas/?pmin=0.01&start=0&sz=20,bebidas
ahorramas,Cerveza rubia Desperados Lima botella 33cl,cerveza rubia desperados lima botella 33cl,1.05,https://www.ahorramas.com/bebidas/?pmin=0.01&start=0&sz=20,bebidas
ahorramas,Ginebra Larios 70cl rosé aroma a fresas,ginebra larios 70cl rose aroma a fresas,13.45,https://www.ahorramas.com/bebidas/?pmin=0.01&start=0&sz=20,bebidas
ahorramas,Vino tinto DO Ribera del Duero Melior tempranillo,vino tinto do ribera del duero melior tempranillo,8.35,https://www.ahorramas.com/bebidas/?pmin=0.01&start=0&sz=20,bebidas
ahorramas,Whisky Johnnie Walker 70cl etiqueta roja,whisky johnnie walker 70cl etiqueta roja,13.95,https://www.ahorramas.com/bebidas/?pmin=0.01&start=0&sz=20,bebidas
ahorramas,Bebida espirituosa de Jerez Soberano 70cl,bebida espirituosa de jerez soberano 70cl,7.35,https://www.ahorramas.com/bebidas/?pmin=0.01&start=0&sz=20,bebidas
ahorramas,Whisky White Label 70cl Escocia,whisky white label 70cl escocia,12.69,https://www.ahorramas.com/bebidas/?pmin=0.01&start=0&sz=20,bebidas
ahorramas,Champagne Brut G.H. Martel 75cl + 2 copas,champagne brut g.h. martel 75cl + 2 copas,19.99,https://www.ahorramas.com/bebidas/?pmin=0.01&start=0&sz=20,bebidas
ahorramas,Vino tinto Tagonius tempranillo,vino tinto tagonius tempranillo,3.90,https://www.ahorramas.com/bebidas/?pmin=0.01&start=0&sz=20,bebidas
ahorramas,Refresco cola Coca-Cola botella 2l zero,refresco cola coca-cola botella 2l zero,1.99,https://www.ahorramas.com/bebidas/?pmin=0.01&start=0&sz=20,bebidas
ahorramas,Estuche Aperol Spritz + Cinzano,estuche aperol spritz + cinzano,16.80,https://www.ahorramas.com/bebidas/?pmin=0.01&start=0&sz=20,bebidas
ahorramas,Bebida isotónica Prime BENFICA 500mL C/12,bebida isotonica prime benfica 500ml c/12,2.30,https://www.ahorramas.com/bebidas/?pmin=0.01&start=0&sz=20,bebidas
ahorramas,Ballantines 70CL +1 Miniatura Ballantines 5CL,ballantines 70cl +1 miniatura ballantines 5cl,12.95,https://www.ahorramas.com/bebidas/?pmin=0.01&start=0&sz=20,bebidas
ahorramas,Sidra con Fresa-Yuzu Maeloc Lata 33cl,sidra con fresa-yuzu maeloc lata 33cl,1.00,https://www.ahorramas.com/bebidas/?pmin=0.01&start=0&sz=20,bebidas
ahorramas,Vino tinto DO Madrid Tagonius Crianza 75cl,vino tinto do madrid tagonius crianza 75cl,8.95,https://www.ahorramas.com/bebidas/?pmin=0.01&start=0&sz=20,bebidas
ahorramas,Brandy Terry Centenario botella 700ml,brandy terry centenario botella 700ml,7.10,https://www.ahorramas.com/bebidas/?pmin=0.01&start=0&sz=20,bebidas
ahorramas,Crema Tarta de Limón Ruavieja 70cl,crema tarta de limon ruavieja 70cl,10.99,https://www.ahorramas.com/bebidas/?pmin=0.01&start=0&sz=20,bebidas
ahorramas,Bebida isotónica Upgrade Pink 50cl,bebida isotonica upgrade pink 50cl,0.49,https://www.ahorramas.com/bebidas/?pmin=0.01&start=0&sz=20,bebidas
ahorramas,Vino blanco albariño Mar de Frades 75cl,vino blanco albarino mar de frades 75cl,17.49,https://www.ahorramas.com/bebidas/?pmin=0.01&start=0&sz=20,bebidas
ahorramas,Vino blanco Rincón del Mar semidulce,vino blanco rincon del mar semidulce,2.49,https://www.ahorramas.com/bebidas/?pmin=0.01&start=0&sz=20,bebidas
ahorramas,Whisky Cutty Sark 1l,whisky cutty sark 1l,15.95,https://www.ahorramas.com/bebidas/?pmin=0.01&start=0&sz=20,bebidas
ahorramas,Refresco Sunny delight 330ml Florida,refresco sunny delight 330ml florida,0.90,https://www.ahorramas.com/bebidas/?pmin=0.01&start=0&sz=20,bebidas
ahorramas,Ginebra Roku 70cl Japón + vaso,ginebra roku 70cl japon + vaso,20.95,https://www.ahorramas.com/bebidas/?pmin=0.01&start=0&sz=20,bebidas
ahorramas,Whisky Ballantine´s 70cl 10 años,whisky ballantine's 70cl 10 anos,18.99,https://www.ahorramas.com/bebidas/?pmin=0.01&start=0&sz=20,bebidas
ahorramas,Bebida energética Monster 50cl green taurina ginseng,bebida energetica monster 50cl green taurina ginseng,1.45,https://www.ahorramas.com/bebidas/?pmin=0.01&start=0&sz=20,bebidas
ahorramas,Smoothie antioxidante Innocent 30cl,smoothie antioxidante innocent 30cl,1.90,https://www.ahorramas.com/bebidas/?pmin=0.01&start=0&sz=20,bebidas
ahorramas,Vino blanco Marqués de Vizhoja albariño,vino blanco marques de vizhoja albarino,4.39,https://www.ahorramas.com/bebidas/?pmin=0.01&start=0&sz=20,bebidas
ahorramas,Ginebra Nordés 70cl origen Galicia,ginebra nordes 70cl origen galicia,22.50,https://www.ahorramas.com/bebidas/?pmin=0.01&start=0&sz=20,bebidas
ahorramas,Ginebra Bombay Sapphire 70cl Reino Unido,ginebra bombay sapphire 70cl reino unido,16.99,https://www.ahorramas.com/bebidas/?pmin=0.01&start=0&sz=20,bebidas
ahorramas,Zumo de piña 100% exprimido Don Simón 1l,zumo de pina 100% exprimido don simon 1l,2.25,https://www.ahorramas.com/bebidas/?pmin=0.01&start=0&sz=20,bebidas
ahorramas,Cerveza rubia especial El Águila Sin filtrar botella 33cl,cerveza rubia especial el aguila sin filtrar botella 33cl,0.79,https://www.ahorramas.com/bebidas/?pmin=0.01&start=0&sz=20,bebidas
ahorramas,Whisky Jameson estuche metálico 70cl,whisky jameson estuche metalico 70cl,16.99,https://www.ahorramas.com/bebidas/?pmin=0.01&start=0&sz=20,bebidas
ahorramas,Vermouth Blanco Martini 1L,vermouth blanco martini 1l,10.00,https://www.ahorramas.com/bebidas/?pmin=0.01&start=0&sz=20,bebidas
ahorramas,Ginebra Bombay Sapphire 70cl+lata,ginebra bombay sapphire 70cl+lata,16.99,https://www.ahorramas.com/bebidas/?pmin=0.01&start=0&sz=20,bebidas
ahorramas,Whisky Johnie Walker 70cl Etiqueta negra,whisky johnie walker 70cl etiqueta negra,26.95,https://www.ahorramas.com/bebidas/?pmin=0.01&start=0&sz=20,bebidas
ahorramas,Vino blanco Maestrante barbadillo 75cl Semidulce,vino blanco maestrante barbadillo 75cl semidulce,3.95,https://www.ahorramas.com/bebidas/?pmin=0.01&start=0&sz=20,bebidas
ahorramas,Ron blanco Bacardi 70cl superior,ron blanco bacardi 70cl superior,12.79,https://www.ahorramas.com/bebidas/?pmin=0.01&start=0&sz=20,bebidas
ahorramas,Malibú con piña colada 25cl,malibu con pina colada 25cl,2.19,https://www.ahorramas.com/bebidas/?pmin=0.01&start=0&sz=20,bebidas
ahorramas,Whisky DYC 8 años 70cl,whisky dyc 8 anos 70cl,12.69,https://www.ahorramas.com/bebidas/?pmin=0.01&start=0&sz=20,bebidas
ahorramas,Whisky DYC 1l doble destilado,whisky dyc 1l doble destilado,12.95,https://www.ahorramas.com/bebidas/?pmin=0.01&start=0&sz=20,bebidas
ahorramas,Licor de crema Ruavieja Oro 70cl,licor de crema ruavieja oro 70cl,10.99,https://www.ahorramas.com/bebidas/?pmin=0.01&start=0&sz=20,bebidas
ahorramas,Vino tinto DO Ribera del Duero Pata Negra roble,vino tinto do ribera del duero pata negra roble,3.99,https://www.ahorramas.com/bebidas/?pmin=0.01&start=0&sz=20,bebidas
ahorramas,Ginebra Tanqueray 70cl,ginebra tanqueray 70cl,13.95,https://www.ahorramas.com/bebidas/?pmin=0.01&start=0&sz=20,bebidas
ahorramas,Bebida energética Red Bull 25cl sandía,bebida energetica red bull 25cl sandia,1.59,https://www.ahorramas.com/bebidas/?pmin=0.01&start=0&sz=20,bebidas
ahorramas,Champagne Lavoisier 75CL,champagne lavoisier 75cl,17.95,https://www.ahorramas.com/bebidas/?pmin=0.01&start=0&sz=20,bebidas
ahorramas,Licor limoncello Brisamare 70cl,licor limoncello brisamare 70cl,6.50,https://www.ahorramas.com/bebidas/?pmin=0.01&start=0&sz=20,bebidas
ahorramas,Vino tinto DO Jumilla Castillo San Simón crianza,vino tinto do jumilla castillo san simon crianza,1.99,https://www.ahorramas.com/bebidas/?pmin=0.01&start=0&sz=20,bebidas
ahorramas,Vino tinto DO Rioja Campo Viejo crianza,vino tinto do rioja campo viejo crianza,4.85,https://www.ahorramas.com/bebidas/?pmin=0.01&start=0&sz=20,bebidas
ahorramas,Vino tinto Don Simón 1l tempranillo,vino tinto don simon 1l tempranillo,1.35,https://www.ahorramas.com/bebidas/?pmin=0.01&start=0&sz=20,bebidas
ahorramas,Refresco cola Coca-Cola botella 2l zero zero sin cafeína,refresco cola coca-cola botella 2l zero zero sin cafeina,1.99,https://www.ahorramas.com/bebidas/?pmin=0.01&start=0&sz=20,bebidas
ahorramas,Ginebra Larios 12 70cl,ginebra larios 12 70cl,13.45,https://www.ahorramas.com/bebidas/?pmin=0.01&start=0&sz=20,bebidas
ahorramas,Vino Blanco Godellos Aljibes 75cl,vino blanco godellos aljibes 75cl,4.95,https://www.ahorramas.com/bebidas/?pmin=0.01&start=0&sz=20,bebidas
ahorramas,Bebida energética sin azucar Red Bull 25cl vainilla berry,bebida energetica sin azucar red bull 25cl vainilla berry,1.59,https://www.ahorramas.com/bebidas/?pmin=0.01&start=0&sz=20,bebidas
ahorramas,Cerveza Victoria Málaga - Pack 6x20cl,cerveza victoria malaga - pack 6x20cl,2.75,https://www.ahorramas.com/bebidas/?pmin=0.01&start=0&sz=20,bebidas
ahorramas,"Ginebra Tanqueray 70cl+Lat.Tan 0,0","ginebra tanqueray 70cl+lat.tan 0,0",13.95,https://www.ahorramas.com/bebidas/?pmin=0.01&start=0&sz=20,bebidas
ahorramas,Tinto de verano Ladron Verano 33cl cítricos,tinto de verano ladron verano 33cl citricos,1.00,https://www.ahorramas.com/bebidas/?pmin=0.01&start=0&sz=20,bebidas
ahorramas,Red Bull Bebida enérgetica melcotón,red bull bebida energetica melcoton,1.59,https://www.ahorramas.com/bebidas/?pmin=0.01&start=0&sz=20,bebidas
ahorramas,Zumo refrigerado Escudo Tropical 750ml,zumo refrigerado escudo tropical 750ml,2.60,https://www.ahorramas.com/bebidas/?pmin=0.01&start=0&sz=20,bebidas
ahorramas,Vino Freixenet Rosado Joven Botella 75 Cl (D.O. Catalunya),vino freixenet rosado joven botella 75 cl (d.o. catalunya),5.35,https://www.ahorramas.com/bebidas/?pmin=0.01&start=0&sz=20,bebidas
ahorramas,"Whisky White Label 70cl + Coca Cola Zero 1,25l","whisky white label 70cl + coca cola zero 1,25l",12.69,https://www.ahorramas.com/bebidas/?pmin=0.01&start=0&sz=20,bebidas
ahorramas,Licor de hierbas Jägermeister 70 cl,licor de hierbas jagermeister 70 cl,13.80,https://www.ahorramas.com/bebidas/?pmin=0.01&start=0&sz=20,bebidas
ahorramas,Cerveza dorada Cruzcampo Gran Reserva botella 33cl,cerveza dorada cruzcampo gran reserva botella 33cl,1.00,https://www.ahorramas.com/bebidas/?pmin=0.01&start=0&sz=20,bebidas
ahorramas,Vino tinto DO Valdepeñas Pata Negra reserva,vino tinto do valdepenas pata negra reserva,2.70,https://www.ahorramas.com/bebidas/?pmin=0.01&start=0&sz=20,bebidas
ahorramas,Cerveza lata Corona 33cl,cerveza lata corona 33cl,0.83,https://www.ahorramas.com/bebidas/?pmin=0.01&start=0&sz=20,bebidas
ahorramas,Vino tinto DO Valdepeñas Señorío los Llanos reserva,vino tinto do valdepenas senorio los llanos reserva,2.50,https://www.ahorramas.com/bebidas/?pmin=0.01&start=0&sz=20,bebidas
ahorramas,Whisky Chivas Regal 70cl,whisky chivas regal 70cl,27.99,https://www.ahorramas.com/bebidas/?pmin=0.01&start=0&sz=20,bebidas
ahorramas,Vino tinto DO Rioja Beronia crianza,vino tinto do rioja beronia crianza,7.35,https://www.ahorramas.com/bebidas/?pmin=0.01&start=0&sz=20,bebidas
ahorramas,Vino tinto DO Valdepeñas Pata Negra reservado,vino tinto do valdepenas pata negra reservado,6.00,https://www.ahorramas.com/bebidas/?pmin=0.01&start=0&sz=20,bebidas
ahorramas,Bebida espirituosa Veterano 1l,bebida espirituosa veterano 1l,8.50,https://www.ahorramas.com/bebidas/?pmin=0.01&start=0&sz=20,bebidas
ahorramas,Brandy Magno 70cl,brandy magno 70cl,11.25,https://www.ahorramas.com/bebidas/?pmin=0.01&start=0&sz=20,bebidas
ahorramas,Ginebra Nordés 70cl + vaso,ginebra nordes 70cl + vaso,22.50,https://www.ahorramas.com/bebidas/?pmin=0.01&start=0&sz=20,bebidas
ahorramas,Cava brut Anna Codorniu 75cl,cava brut anna codorniu 75cl,9.15,https://www.ahorramas.com/bebidas/?pmin=0.01&start=0&sz=20,bebidas
ahorramas,Ginebra Seagram's 70cl,ginebra seagram's 70cl,15.95,https://www.ahorramas.com/bebidas/?pmin=0.01&start=0&sz=20,bebidas
ahorramas,Vino blanco verdejo Don Simón 1l,vino blanco verdejo don simon 1l,1.35,https://www.ahorramas.com/bebidas/?pmin=0.01&start=0&sz=20,bebidas
ahorramas,Cerveza tostada Mahou Maestra lata 33cl,cerveza tostada mahou maestra lata 33cl,0.87,https://www.ahorramas.com/bebidas/?pmin=0.01&start=0&sz=20,bebidas
ahorramas,Vino tinto DO Rioja Viña Pomal crianza,vino tinto do rioja vina pomal crianza,6.99,https://www.ahorramas.com/bebidas/?pmin=0.01&start=0&sz=20,bebidas
ahorramas,Vino blanco DO Rioja El Coto 75cl,vino blanco do rioja el coto 75cl,3.95,https://www.ahorramas.com/bebidas/?pmin=0.01&start=0&sz=20,bebidas
ahorramas,Refresco cola Coca-Cola 2l,refresco cola coca-cola 2l,1.99,https://www.ahorramas.com/bebidas/?pmin=0.01&start=0&sz=20,bebidas
ahorramas,Vino tinto Valdepeñas Cepas Viejas 75cl,vino tinto valdepenas cepas viejas 75cl,2.99,https://www.ahorramas.com/bebidas/?pmin=0.01&start=0&sz=20,bebidas
ahorramas,Cerveza rubia San Miguel Especial lata 33cl,cerveza rubia san miguel especial lata 33cl,0.56,https://www.ahorramas.com/bebidas/?pmin=0.01&start=0&sz=20,bebidas
ahorramas,Ginebra Roku 70cl + Vaso,ginebra roku 70cl + vaso,20.95,https://www.ahorramas.com/bebidas/?pmin=0.01&start=0&sz=20,bebidas
ahorramas,Whisky Ballantines 70cl + Coca-Cola Zero,whisky ballantines 70cl + coca-cola zero,12.70,https://www.ahorramas.com/bebidas/?pmin=0.01&start=0&sz=20,bebidas
ahorramas,Vino tinto Tierra de Cádiz Finca Moncloa 75cl,vino tinto tierra de cadiz finca moncloa 75cl,13.99,https://www.ahorramas.com/bebidas/?pmin=0.01&start=0&sz=20,bebidas
ahorramas,Whisky Jack Daniel's Tennessee Edición Limitada McLaren 70cl,whisky jack daniel's tennessee edicion limitada mclaren 70cl,18.95,https://www.ahorramas.com/bebidas/?pmin=0.01&start=0&sz=20,bebidas
ahorramas,Cava Brut G.Cuvee Elyssia Freix 75cl,cava brut g.cuvee elyssia freix 75cl,7.99,https://www.ahorramas.com/bebidas/?pmin=0.01&start=0&sz=20,bebidas
ahorramas,Ginebra Beefeater 70cl+Sweepes Limón,ginebra beefeater 70cl+sweepes limon,13.25,https://www.ahorramas.com/bebidas/?pmin=0.01&start=0&sz=20,bebidas
ahorramas,Mosto Blanco Canto 5 75cl Frizze Verdejo,mosto blanco canto 5 75cl frizze verdejo,4.99,https://www.ahorramas.com/bebidas/?pmin=0.01&start=0&sz=20,bebidas
ahorramas,Cerveza rubia Amstel pack 6 botellas 25cl,cerveza rubia amstel pack 6 botellas 25cl,2.75,https://www.ahorramas.com/bebidas/?pmin=0.01&start=0&sz=20,bebidas
ahorramas,Zumo de naranja 100% exprimido Don Simón pack 3,zumo de naranja 100% exprimido don simon pack 3,1.65,https://www.ahorramas.com/bebidas/?pmin=0.01&start=0&sz=20,bebidas
ahorramas,Tinto de verano clásico Don Simón 1.5l,tinto de verano clasico don simon 1.5l,1.50,https://www.ahorramas.com/bebidas/?pmin=0.01&start=0&sz=20,bebidas
ahorramas,Limonada Via Nature 750ml,limonada via nature 750ml,1.99,https://www.ahorramas.com/bebidas/?pmin=0.01&start=0&sz=20,bebidas
ahorramas,Powerade Golden Mango 1L Botella,powerade golden mango 1l botella,2.00,https://www.ahorramas.com/bebidas/?pmin=0.01&start=0&sz=20,bebidas
ahorramas,Bebida Energética Sin azucar Red Bull Pomelo 25cl,bebida energetica sin azucar red bull pomelo 25cl,1.59,https://www.ahorramas.com/bebidas/?pmin=0.01&start=0&sz=20,bebidas
ahorramas,Ron añejo Gran Reserva Santa Teresa 70cl,ron anejo gran reserva santa teresa 70cl,14.39,https://www.ahorramas.com/bebidas/?pmin=0.01&start=0&sz=20,bebidas
ahorramas,Cava Brut Nature Juve&Camps 75cl,cava brut nature juve&camps 75cl,17.99,https://www.ahorramas.com/bebidas/?pmin=0.01&start=0&sz=20,bebidas
ahorramas,Beefeater 25cl Gin&Lemon,beefeater 25cl gin&lemon,2.19,https://www.ahorramas.com/bebidas/?pmin=0.01&start=0&sz=20,bebidas
ahorramas,Ginebra Bombay Sapphire 70cl+Tónica,ginebra bombay sapphire 70cl+tonica,16.99,https://www.ahorramas.com/bebidas/?pmin=0.01&start=0&sz=20,bebidas
ahorramas,Vino blanco Portocelo botella 75 cl,vino blanco portocelo botella 75 cl,2.99,https://www.ahorramas.com/bebidas/?pmin=0.01&start=0&sz=20,bebidas
ahorramas,Vino TORRE ORIA Chardonnay,vino torre oria chardonnay,2.59,https://www.ahorramas.com/bebidas/?pmin=0.01&start=0&sz=20,bebidas
ahorramas,Licor de crema de mango con tequila Mex 70cl,licor de crema de mango con tequila mex 70cl,10.50,https://www.ahorramas.com/bebidas/?pmin=0.01&start=0&sz=20,bebidas
ahorramas,Smoothie energía Innocent 30cl,smoothie energia innocent 30cl,1.90,https://www.ahorramas.com/bebidas/?pmin=0.01&start=0&sz=20,bebidas
ahorramas,Licor de ron con coco Malibú 70cl,licor de ron con coco malibu 70cl,11.95,https://www.ahorramas.com/bebidas/?pmin=0.01&start=0&sz=20,bebidas
ahorramas,"Tinto de verano Don Simón 1,5l limón","tinto de verano don simon 1,5l limon",1.50,https://www.ahorramas.com/bebidas/?pmin=0.01&start=0&sz=20,bebidas
ahorramas,Cerveza rubia Desperados Mojito botella 33cl,cerveza rubia desperados mojito botella 33cl,1.05,https://www.ahorramas.com/bebidas/?pmin=0.01&start=0&sz=20,bebidas
ahorramas,Vino blanco DO Rueda Pata Negra Sauvignon Verdejo,vino blanco do rueda pata negra sauvignon verdejo,6.00,https://www.ahorramas.com/bebidas/?pmin=0.01&start=0&sz=20,bebidas
ahorramas,Zumo tropical con leche Bifrutas Pascual 1l,zumo tropical con leche bifrutas pascual 1l,2.10,https://www.ahorramas.com/bebidas/?pmin=0.01&start=0&sz=20,bebidas
ahorramas,"Bebida sin acohol Tanqueray 0,00% 70cl","bebida sin acohol tanqueray 0,00% 70cl",13.65,https://www.ahorramas.com/bebidas/?pmin=0.01&start=0&sz=20,bebidas
ahorramas,Vino tinto de mesa Don Simon 1l,vino tinto de mesa don simon 1l,1.50,https://www.ahorramas.com/bebidas/?pmin=0.01&start=0&sz=20,bebidas
ahorramas,Vino tinto DO Castilla Berberana Carta de Plata tempranillo,vino tinto do castilla berberana carta de plata tempranillo,2.99,https://www.ahorramas.com/bebidas/?pmin=0.01&start=0&sz=20,bebidas
ahorramas,Vino tinto DO Valdepeñas Señorío los Llanos tempranillo,vino tinto do valdepenas senorio los llanos tempranillo,1.75,https://www.ahorramas.com/bebidas/?pmin=0.01&start=0&sz=20,bebidas
ahorramas,Vodka Absolut 70cl,vodka absolut 70cl,13.95,https://www.ahorramas.com/bebidas/?pmin=0.01&start=0&sz=20,bebidas
ahorramas,Vino blanco DO Jerez Tío Pepe fino,vino blanco do jerez tio pepe fino,6.79,https://www.ahorramas.com/bebidas/?pmin=0.01&start=0&sz=20,bebidas
ahorramas,Cava brut nature Juve&Camps Gran Reserva,cava brut nature juve&camps gran reserva,19.90,https://www.ahorramas.com/bebidas/?pmin=0.01&start=0&sz=20,bebidas
ahorramas,Vino tinto DO Rioja Marqués de Cáceres crianza,vino tinto do rioja marques de caceres crianza,7.25,https://www.ahorramas.com/bebidas/?pmin=0.01&start=0&sz=20,bebidas
ahorramas,Vino tinto DO Rioja Coto,vino tinto do rioja coto,3.95,https://www.ahorramas.com/bebidas/?pmin=0.01&start=0&sz=20,bebidas
ahorramas,Zumo de melocotón y uva 100% exprimido Don Simón 1l,zumo de melocoton y uva 100% exprimido don simon 1l,1.99,https://www.ahorramas.com/bebidas/?pmin=0.01&start=0&sz=20,bebidas
ahorramas,Cerveza con limón Amstel Radler pack 6 botellas 25cl,cerveza con limon amstel radler pack 6 botellas 25cl,3.59,https://www.ahorramas.com/bebidas/?pmin=0.01&start=0&sz=20,bebidas
ahorramas,Bebida con gas Vichy Cupra 330ml Jeng-lima,bebida con gas vichy cupra 330ml jeng-lima,1.19,https://www.ahorramas.com/bebidas/?pmin=0.01&start=0&sz=20,bebidas
ahorramas,Bebida isotónica Prime Bayern Munich 500mL C/12,bebida isotonica prime bayern munich 500ml c/12,2.30,https://www.ahorramas.com/bebidas/?pmin=0.01&start=0&sz=20,bebidas
ahorramas,Bebida energética Monster Energy Juiced Rio Punch 50cl,bebida energetica monster energy juiced rio punch 50cl,1.45,https://www.ahorramas.com/bebidas/?pmin=0.01&start=0&sz=20,bebidas
ahorramas,Vino tinto DO Toro Bajoz tempranillo,vino tinto do toro bajoz tempranillo,2.99,https://www.ahorramas.com/bebidas/?pmin=0.01&start=0&sz=20,bebidas
ahorramas,Cerveza Radler Ambar 33cl Triple Zero,cerveza radler ambar 33cl triple zero,0.62,https://www.ahorramas.com/bebidas/?pmin=0.01&start=0&sz=20,bebidas
ahorramas,"Tinto de verano 0,0 Ladron Verano 3cl cítricos","tinto de verano 0,0 ladron verano 3cl citricos",1.00,https://www.ahorramas.com/bebidas/?pmin=0.01&start=0&sz=20,bebidas
ahorramas,Ginebra Beefeater 70cl+ 2 Mini Black,ginebra beefeater 70cl+ 2 mini black,13.25,https://www.ahorramas.com/bebidas/?pmin=0.01&start=0&sz=20,bebidas
ahorramas,Smoothie mango y maracuyá Don Simón 330ml,smoothie mango y maracuya don simon 330ml,0.99,https://www.ahorramas.com/bebidas/?pmin=0.01&start=0&sz=20,bebidas
ahorramas,"Refresco Simon Life 1,5l mandarina","refresco simon life 1,5l mandarina",1.70,https://www.ahorramas.com/bebidas/?pmin=0.01&start=0&sz=20,bebidas
ahorramas,Ron añejo Barceló 70cl,ron anejo barcelo 70cl,15.45,https://www.ahorramas.com/bebidas/?pmin=0.01&start=0&sz=20,bebidas
ahorramas,Ginebra Beefeater Black 70cl,ginebra beefeater black 70cl,14.99,https://www.ahorramas.com/bebidas/?pmin=0.01&start=0&sz=20,bebidas
ahorramas,Ginebra Larios 1L + miniatura Larios 12,ginebra larios 1l + miniatura larios 12,11.05,https://www.ahorramas.com/bebidas/?pmin=0.01&start=0&sz=20,bebidas
ahorramas,Vino tinto DO Uclés Finca Estacada tempranillo,vino tinto do ucles finca estacada tempranillo,3.85,https://www.ahorramas.com/bebidas/?pmin=0.01&start=0&sz=20,bebidas
ahorramas,Vino tinto DO La Mancha Torre de Gazate crianza,vino tinto do la mancha torre de gazate crianza,5.45,https://www.ahorramas.com/bebidas/?pmin=0.01&start=0&sz=20,bebidas
ahorramas,Vino blanco DO Valdeorras Verdes Castros Godello 75cl,vino blanco do valdeorras verdes castros godello 75cl,7.45,https://www.ahorramas.com/bebidas/?pmin=0.01&start=0&sz=20,bebidas
ahorramas,Vino blanco DO Rueda Sanz verdejo,vino blanco do rueda sanz verdejo,6.65,https://www.ahorramas.com/bebidas/?pmin=0.01&start=0&sz=20,bebidas
ahorramas,Refresco sandía Fanta lata 33cl sin azúcar,refresco sandia fanta lata 33cl sin azucar,0.75,https://www.ahorramas.com/bebidas/?pmin=0.01&start=0&sz=20,bebidas
ahorramas,Cerveza rubia Desperados Original botella 33cl,cerveza rubia desperados original botella 33cl,1.05,https://www.ahorramas.com/bebidas/?pmin=0.01&start=0&sz=20,bebidas
ahorramas,Bebida isotónica Prime BORUSSIA DORTMUND 500mL C/12,bebida isotonica prime borussia dortmund 500ml c/12,2.30,https://www.ahorramas.com/bebidas/?pmin=0.01&start=0&sz=20,bebidas
ahorramas,Viña Albali Vino Tinto Tempranillo bot. 75 cl D.O.P. Valdepeñas,vina albali vino tinto tempranillo bot. 75 cl d.o.p. valdepenas,2.59,https://www.ahorramas.com/bebidas/?pmin=0.01&start=0&sz=20,bebidas
ahorramas,Vino Blanco Ecum 75cl Chardonnay,vino blanco ecum 75cl chardonnay,3.99,https://www.ahorramas.com/bebidas/?pmin=0.01&start=0&sz=20,bebidas
ahorramas,Bebida aperitivo fino spritz Crof Twist 75cl,bebida aperitivo fino spritz crof twist 75cl,6.99,https://www.ahorramas.com/bebidas/?pmin=0.01&start=0&sz=20,bebidas
ahorramas,Whisky Jameson 70cl Irlanda,whisky jameson 70cl irlanda,16.99,https://www.ahorramas.com/bebidas/?pmin=0.01&start=0&sz=20,bebidas
ahorramas,"Refresco de cola Pepsi 1,75l","refresco de cola pepsi 1,75l",1.29,https://www.ahorramas.com/bebidas/?pmin=0.01&start=0&sz=20,bebidas
ahorramas,Vino espumoso Mimosa Ópera Prima 33cl,vino espumoso mimosa opera prima 33cl,1.25,https://www.ahorramas.com/bebidas/?pmin=0.01&start=0&sz=20,bebidas
ahorramas,Vino blanco Seis Cuerdas 75cl Riesling,vino blanco seis cuerdas 75cl riesling,4.99,https://www.ahorramas.com/bebidas/?pmin=0.01&start=0&sz=20,bebidas
ahorramas,Sidra con Mora Maeloc Lata 33cl,sidra con mora maeloc lata 33cl,1.00,https://www.ahorramas.com/bebidas/?pmin=0.01&start=0&sz=20,bebidas
ahorramas,Vino blanco DO La Mancha Añil fresh joven,vino blanco do la mancha anil fresh joven,4.95,https://www.ahorramas.com/bebidas/?pmin=0.01&start=0&sz=20,bebidas
ahorramas,Zumo Nutribebida Hohes C Zumo Plus Vitamina D Pet 1L,zumo nutribebida hohes c zumo plus vitamina d pet 1l,2.49,https://www.ahorramas.com/bebidas/?pmin=0.01&start=0&sz=20,bebidas
ahorramas,Cerveza Radler Amstel 50Cl Limón,cerveza radler amstel 50cl limon,0.98,https://www.ahorramas.com/bebidas/?pmin=0.01&start=0&sz=20,bebidas
ahorramas,Vermouth La Copa 75cl,vermouth la copa 75cl,9.99,https://www.ahorramas.com/bebidas/?pmin=0.01&start=0&sz=20,bebidas
ahorramas,Cerveza sin filtrar Águila bot. 33cl,cerveza sin filtrar aguila bot. 33cl,0.79,https://www.ahorramas.com/bebidas/?pmin=0.01&start=0&sz=20,bebidas
ahorramas,"Font Vella Naranja - botella 1,15L.","font vella naranja - botella 1,15l.",1.50,https://www.ahorramas.com/bebidas/?pmin=0.01&start=0&sz=20,bebidas
ahorramas,Bebida Refrescante Iso-Activ Alipende 50Cl Cítrico,bebida refrescante iso-activ alipende 50cl citrico,0.70,https://www.ahorramas.com/bebidas/?pmin=0.01&start=0&sz=20,bebidas
ahorramas,Cerveza rubia Adlerbrau lata 50cl,cerveza rubia adlerbrau lata 50cl,0.49,https://www.ahorramas.com/bebidas/?pmin=0.01&start=0&sz=20,bebidas
ahorramas,Cerveza rubia especial Estrella Galicia lata 33cl,cerveza rubia especial estrella galicia lata 33cl,0.89,https://www.ahorramas.com/bebidas/?pmin=0.01&start=0&sz=20,bebidas
ahorramas,Cerveza tostada 1906 Red Vintage pack 6 botellas 33cl,cerveza tostada 1906 red vintage pack 6 botellas 33cl,7.67,https://www.ahorramas.com/bebidas/?pmin=0.01&start=0&sz=20,bebidas
ahorramas,"Néctar de maracuyá Don Simón 1,5l","nectar de maracuya don simon 1,5l",2.45,https://www.ahorramas.com/bebidas/?pmin=0.01&start=0&sz=20,bebidas
ahorramas,Vino tinto DO Rioja Lagunilla crianza,vino tinto do rioja lagunilla crianza,6.95,https://www.ahorramas.com/bebidas/?pmin=0.01&start=0&sz=20,bebidas
ahorramas,Cerveza IPA Mahou 5 Estrellas lata 33cl,cerveza ipa mahou 5 estrellas lata 33cl,1.12,https://www.ahorramas.com/bebidas/?pmin=0.01&start=0&sz=20,bebidas
ahorramas,Tónica Schweppes lata 33cl pink,tonica schweppes lata 33cl pink,0.95,https://www.ahorramas.com/bebidas/?pmin=0.01&start=0&sz=20,bebidas
ahorramas,Vino rosado DO Navarra Gran Feudo,vino rosado do navarra gran feudo,4.95,https://www.ahorramas.com/bebidas/?pmin=0.01&start=0&sz=20,bebidas
ahorramas,Vino rosado Lambrusco Emilia Caldirola 75cl,vino rosado lambrusco emilia caldirola 75cl,3.75,https://www.ahorramas.com/bebidas/?pmin=0.01&start=0&sz=20,bebidas
ahorramas,Vino blanco DO Valdepeñas Los Molinos verdejo,vino blanco do valdepenas los molinos verdejo,2.35,https://www.ahorramas.com/bebidas/?pmin=0.01&start=0&sz=20,bebidas
ahorramas,Bebida energética sin azúcar Zero Monster Green 50cl,bebida energetica sin azucar zero monster green 50cl,1.79,https://www.ahorramas.com/bebidas/?pmin=0.01&start=0&sz=20,bebidas
ahorramas,Vino blanco Turbio,vino blanco turbio,1.69,https://www.ahorramas.com/bebidas/?pmin=0.01&start=0&sz=20,bebidas
ahorramas,Cerveza abadía Grimbergen Double Ambrée botella 33cl,cerveza abadia grimbergen double ambree botella 33cl,1.98,https://www.ahorramas.com/bebidas/?pmin=0.01&start=0&sz=20,bebidas
ahorramas,Refresco limón La Casera 33cl,refresco limon la casera 33cl,0.64,https://www.ahorramas.com/bebidas/?pmin=0.01&start=0&sz=20,bebidas
ahorramas,Refresco naranja Fanta botella 50cl,refresco naranja fanta botella 50cl,1.70,https://www.ahorramas.com/bebidas/?pmin=0.01&start=0&sz=20,bebidas
ahorramas,Vino tinto D.O. Rioja Glorioso crianza,vino tinto d.o. rioja glorioso crianza,7.95,https://www.ahorramas.com/bebidas/?pmin=0.01&start=0&sz=20,bebidas
ahorramas,Vino blanco albariño DO Rias Baixas Torre de Ermelo,vino blanco albarino do rias baixas torre de ermelo,8.99,https://www.ahorramas.com/bebidas/?pmin=0.01&start=0&sz=20,bebidas
ahorramas,Vino blanco Pragustus 75cl,vino blanco pragustus 75cl,3.50,https://www.ahorramas.com/bebidas/?pmin=0.01&start=0&sz=20,bebidas
ahorramas,Cerveza rubia alemana Paulaner Oktoberfest 50cl,cerveza rubia alemana paulaner oktoberfest 50cl,1.99,https://www.ahorramas.com/bebidas/?pmin=0.01&start=0&sz=20,bebidas
ahorramas,Vino tinto Extremadura Habla del Silencio crianza,vino tinto extremadura habla del silencio crianza,12.15,https://www.ahorramas.com/bebidas/?pmin=0.01&start=0&sz=20,bebidas
ahorramas,Comida para beber sabor chocolate Yfood 500ml,comida para beber sabor chocolate yfood 500ml,3.99,https://www.ahorramas.com/bebidas/?pmin=0.01&start=0&sz=20,bebidas
ahorramas,Vino tinto Mucho Más,vino tinto mucho mas,5.95,https://www.ahorramas.com/bebidas/?pmin=0.01&start=0&sz=20,bebidas
ahorramas,Refresco sin gas de mandarina Simon Life. 33cl,refresco sin gas de mandarina simon life. 33cl,0.75,https://www.ahorramas.com/bebidas/?pmin=0.01&start=0&sz=20,bebidas
ahorramas,Bebida de zumo multivitaminas a partir de concentrado sin azúcares añadidos pack 3 briks 200 ml,bebida de zumo multivitaminas a partir de concentrado sin azucares anadidos pack 3 briks 200 ml,0.81,https://www.ahorramas.com/bebidas/?pmin=0.01&start=0&sz=20,bebidas
ahorramas,Licor Plata o Plomo 70cl,licor plata o plomo 70cl,15.95,https://www.ahorramas.com/bebidas/?pmin=0.01&start=0&sz=20,bebidas
ahorramas,Licor Choco Mozart 150ml,licor choco mozart 150ml,12.06,https://www.ahorramas.com/bebidas/?pmin=0.01&start=0&sz=20,bebidas
ahorramas,Agua con gas Maison Perrier Forever Limón 33cl,agua con gas maison perrier forever limon 33cl,1.00,https://www.ahorramas.com/bebidas/?pmin=0.01&start=0&sz=20,bebidas
ahorramas,Vino Tinto elegido 1L Tempranillo Elegido intenso y afrutado,vino tinto elegido 1l tempranillo elegido intenso y afrutado,2.20,https://www.ahorramas.com/bebidas/?pmin=0.01&start=0&sz=20,bebidas
ahorramas,Bebida Multifrutas Brik Bahamas 2L,bebida multifrutas brik bahamas 2l,1.40,https://www.ahorramas.com/bebidas/?pmin=0.01&start=0&sz=20,bebidas
ahorramas,Refresco sin alcohol Maylink 75cl manzana,refresco sin alcohol maylink 75cl manzana,2.10,https://www.ahorramas.com/bebidas/?pmin=0.01&start=0&sz=20,bebidas
ahorramas,Refresco San Benedetto 400ml con zumo fruta mix,refresco san benedetto 400ml con zumo fruta mix,0.99,https://www.ahorramas.com/bebidas/?pmin=0.01&start=0&sz=20,bebidas
ahorramas,Vino blanco DO Rueda Marqués Riscal verdejo,vino blanco do rueda marques riscal verdejo,9.35,https://www.ahorramas.com/bebidas/?pmin=0.01&start=0&sz=20,bebidas
ahorramas,Sidra Asturiana Mayador 25cl pack 6,sidra asturiana mayador 25cl pack 6,3.60,https://www.ahorramas.com/bebidas/?pmin=0.01&start=0&sz=20,bebidas
ahorramas,Mosto Blanco Greip 1L,mosto blanco greip 1l,2.59,https://www.ahorramas.com/bebidas/?pmin=0.01&start=0&sz=20,bebidas
ahorramas,Vino tinto DO Rioja Lopez de Haro crianza,vino tinto do rioja lopez de haro crianza,8.15,https://www.ahorramas.com/bebidas/?pmin=0.01&start=0&sz=20,bebidas
ahorramas,Bebida energética Monster 50cl ultra paradise,bebida energetica monster 50cl ultra paradise,1.79,https://www.ahorramas.com/bebidas/?pmin=0.01&start=0&sz=20,bebidas
ahorramas,Vino tinto DO Almansa Laya,vino tinto do almansa laya,6.65,https://www.ahorramas.com/bebidas/?pmin=0.01&start=0&sz=20,bebidas
ahorramas,Bebida extracto de malta Pony 33cl,bebida extracto de malta pony 33cl,1.74,https://www.ahorramas.com/bebidas/?pmin=0.01&start=0&sz=20,bebidas
ahorramas,Ginebra Hendricks 70cl,ginebra hendricks 70cl,34.80,https://www.ahorramas.com/bebidas/?pmin=0.01&start=0&sz=20,bebidas
ahorramas,Whisky Old King 70cl,whisky old king 70cl,6.19,https://www.ahorramas.com/bebidas/?pmin=0.01&start=0&sz=20,bebidas
ahorramas,Vino tinto DO Jumilla Juan Gil,vino tinto do jumilla juan gil,12.80,https://www.ahorramas.com/bebidas/?pmin=0.01&start=0&sz=20,bebidas
ahorramas,Kombucha Komvida 750ml jengibre y limón,kombucha komvida 750ml jengibre y limon,7.49,https://www.ahorramas.com/bebidas/?pmin=0.01&start=0&sz=20,bebidas
ahorramas,Cerveza sin filtrar Mahou 5 estrellas lata 33cl,cerveza sin filtrar mahou 5 estrellas lata 33cl,0.95,https://www.ahorramas.com/bebidas/?pmin=0.01&start=0&sz=20,bebidas
ahorramas,Vino tinto DO Ribera del Duero Pruno roble,vino tinto do ribera del duero pruno roble,12.69,https://www.ahorramas.com/bebidas/?pmin=0.01&start=0&sz=20,bebidas
ahorramas,Vino tinto DO Rioja Marqués de Riscal reserva,vino tinto do rioja marques de riscal reserva,17.90,https://www.ahorramas.com/bebidas/?pmin=0.01&start=0&sz=20,bebidas
ahorramas,Vino tinto DO Rioja Faustino VII tempranillo,vino tinto do rioja faustino vii tempranillo,4.35,https://www.ahorramas.com/bebidas/?pmin=0.01&start=0&sz=20,bebidas
ahorramas,Cerveza tostada San Miguel Selecta botella 33cl,cerveza tostada san miguel selecta botella 33cl,1.12,https://www.ahorramas.com/bebidas/?pmin=0.01&start=0&sz=20,bebidas
ahorramas,Vino rosado de mesa Don Simon 1l,vino rosado de mesa don simon 1l,1.60,https://www.ahorramas.com/bebidas/?pmin=0.01&start=0&sz=20,bebidas
ahorramas,Vino tinto D.O Madrid Alma Valdeguerra 75cl,vino tinto d.o madrid alma valdeguerra 75cl,3.50,https://www.ahorramas.com/bebidas/?pmin=0.01&start=0&sz=20,bebidas
ahorramas,"Bebida energética Monster 55,8cl Mega","bebida energetica monster 55,8cl mega",1.95,https://www.ahorramas.com/bebidas/?pmin=0.01&start=0&sz=20,bebidas
ahorramas,"Bebida de cereza, lima y frambuesa Prime Ice Pop 50cl","bebida de cereza, lima y frambuesa prime ice pop 50cl",3.05,https://www.ahorramas.com/bebidas/?pmin=0.01&start=0&sz=20,bebidas
ahorramas,Refresco sin gas de mandarina Simon Life 33cl,refresco sin gas de mandarina simon life 33cl,0.60,https://www.ahorramas.com/bebidas/?pmin=0.01&start=0&sz=20,bebidas
ahorramas,Crema de fresa con tequila Teichenné 70cl,crema de fresa con tequila teichenne 70cl,7.90,https://www.ahorramas.com/bebidas/?pmin=0.01&start=0&sz=20,bebidas
ahorramas,Ron extraviejo Brugal 70cl,ron extraviejo brugal 70cl,22.60,https://www.ahorramas.com/bebidas/?pmin=0.01&start=0&sz=20,bebidas
ahorramas,Cerveza rubia especial Heineken Silver lata 33cl,cerveza rubia especial heineken silver lata 33cl,0.85,https://www.ahorramas.com/bebidas/?pmin=0.01&start=0&sz=20,bebidas
ahorramas,Vino tinto DO Jumilla Pata Negra apasionado,vino tinto do jumilla pata negra apasionado,6.00,https://www.ahorramas.com/bebidas/?pmin=0.01&start=0&sz=20,bebidas
ahorramas,"Zumo con kale, piña, manzana y pera Vianature 750ml","zumo con kale, pina, manzana y pera vianature 750ml",2.49,https://www.ahorramas.com/bebidas/?pmin=0.01&start=0&sz=20,bebidas
ahorramas,"Refresco de té Fuzetea 1,25l melocotón","refresco de te fuzetea 1,25l melocoton",1.99,https://www.ahorramas.com/bebidas/?pmin=0.01&start=0&sz=20,bebidas
ahorramas,Vino tinto DO Toro Pata Negra roble,vino tinto do toro pata negra roble,6.00,https://www.ahorramas.com/bebidas/?pmin=0.01&start=0&sz=20,bebidas
ahorramas,Zumo refrigerado con pulpa exprimido Summum 750ml Naranja,zumo refrigerado con pulpa exprimido summum 750ml naranja,1.99,https://www.ahorramas.com/bebidas/?pmin=0.01&start=0&sz=20,bebidas
ahorramas,"Bebida Energética Sin Azúcar Red Bull 35,5cl","bebida energetica sin azucar red bull 35,5cl",2.09,https://www.ahorramas.com/bebidas/?pmin=0.01&start=0&sz=20,bebidas
ahorramas,Bebida alcoholica Jack Daniel´s con Coca-cola Zero 33cl,bebida alcoholica jack daniel's con coca-cola zero 33cl,2.75,https://www.ahorramas.com/bebidas/?pmin=0.01&start=0&sz=20,bebidas
ahorramas,"Agua Soda Sani Sifoni 1,5L","agua soda sani sifoni 1,5l",1.60,https://www.ahorramas.com/bebidas/?pmin=0.01&start=0&sz=20,bebidas
ahorramas,Brandy de Jerez Gran Duque de Alba 70cl,brandy de jerez gran duque de alba 70cl,26.95,https://www.ahorramas.com/bebidas/?pmin=0.01&start=0&sz=20,bebidas
ahorramas,Licor de Whisky Fireball botella 700 ml,licor de whisky fireball botella 700 ml,13.85,https://www.ahorramas.com/bebidas/?pmin=0.01&start=0&sz=20,bebidas
ahorramas,Bebida instantánea sabor tropical Prozis 8 unidades,bebida instantanea sabor tropical prozis 8 unidades,3.99,https://www.ahorramas.com/bebidas/?pmin=0.01&start=0&sz=20,bebidas
ahorramas,Bebida aromatizada Prime Glowberry 50cl,bebida aromatizada prime glowberry 50cl,2.99,https://www.ahorramas.com/bebidas/?pmin=0.01&start=0&sz=20,bebidas
ahorramas,Vino blanco Rueda Ramón Bilbao 75cl Verdejo,vino blanco rueda ramon bilbao 75cl verdejo,8.99,https://www.ahorramas.com/bebidas/?pmin=0.01&start=0&sz=20,bebidas
ahorramas,Cerveza Mini Estrella Galicia Lata 25cl,cerveza mini estrella galicia lata 25cl,0.69,https://www.ahorramas.com/bebidas/?pmin=0.01&start=0&sz=20,bebidas
ahorramas,Vino Manzanilla La Guita 75cl,vino manzanilla la guita 75cl,6.55,https://www.ahorramas.com/bebidas/?pmin=0.01&start=0&sz=20,bebidas
ahorramas,Vino tinto DO Puerta Alcalá reserva,vino tinto do puerta alcala reserva,5.55,https://www.ahorramas.com/bebidas/?pmin=0.01&start=0&sz=20,bebidas
ahorramas,"Bebida isotónica Upgrade Blue 1,5l","bebida isotonica upgrade blue 1,5l",1.55,https://www.ahorramas.com/bebidas/?pmin=0.01&start=0&sz=20,bebidas
ahorramas,Bebida energética zero Contact 25cl,bebida energetica zero contact 25cl,0.40,https://www.ahorramas.com/bebidas/?pmin=0.01&start=0&sz=20,bebidas
ahorramas,"Bebida isotónica Aquarius botella 1,5l limón","bebida isotonica aquarius botella 1,5l limon",1.99,https://www.ahorramas.com/bebidas/?pmin=0.01&start=0&sz=20,bebidas
ahorramas,Bebida energética zero Monster 50cl lew,bebida energetica zero monster 50cl lew,1.79,https://www.ahorramas.com/bebidas/?pmin=0.01&start=0&sz=20,bebidas
ahorramas,Vino rosado DO Madrid Alma de Valdeguerra semidulce,vino rosado do madrid alma de valdeguerra semidulce,4.35,https://www.ahorramas.com/bebidas/?pmin=0.01&start=0&sz=20,bebidas
ahorramas,Vino tinto DO Rioja Antaño tempranillo,vino tinto do rioja antano tempranillo,3.75,https://www.ahorramas.com/bebidas/?pmin=0.01&start=0&sz=20,bebidas
ahorramas,Cerveza Estrella Galicia botella 66cl,cerveza estrella galicia botella 66cl,2.27,https://www.ahorramas.com/bebidas/?pmin=0.01&start=0&sz=20,bebidas
ahorramas,Vino tinto DO Ribera del Duero Saga roble,vino tinto do ribera del duero saga roble,3.65,https://www.ahorramas.com/bebidas/?pmin=0.01&start=0&sz=20,bebidas
ahorramas,Cerveza Rubia Pilsner Staropramen botella 33cl,cerveza rubia pilsner staropramen botella 33cl,1.29,https://www.ahorramas.com/bebidas/?pmin=0.01&start=0&sz=20,bebidas
ahorramas,"Cerveza sin alcohol con limón San Miguel 0,0% Radler 33cl","cerveza sin alcohol con limon san miguel 0,0% radler 33cl",0.72,https://www.ahorramas.com/bebidas/?pmin=0.01&start=0&sz=20,bebidas
ahorramas,Vino tinto DO Rioja Luis Cañas crianza,vino tinto do rioja luis canas crianza,12.35,https://www.ahorramas.com/bebidas/?pmin=0.01&start=0&sz=20,bebidas
ahorramas,Zumo 100% Exprimido Summum 750ml Mandarina,zumo 100% exprimido summum 750ml mandarina,1.70,https://www.ahorramas.com/bebidas/?pmin=0.01&start=0&sz=20,bebidas
ahorramas,Cerveza rubia especial El Águila Sin filtrar lata 50cl,cerveza rubia especial el aguila sin filtrar lata 50cl,1.45,https://www.ahorramas.com/bebidas/?pmin=0.01&start=0&sz=20,bebidas
ahorramas,Vino blanco Viña Xétar 75cl,vino blanco vina xetar 75cl,2.99,https://www.ahorramas.com/bebidas/?pmin=0.01&start=0&sz=20,bebidas
ahorramas,Licor Crema Fresa con tequila Brisamar 70cl,licor crema fresa con tequila brisamar 70cl,6.95,https://www.ahorramas.com/bebidas/?pmin=0.01&start=0&sz=20,bebidas
ahorramas,Vino tinto DO Ribera del Duero Matarromera crianza,vino tinto do ribera del duero matarromera crianza,25.05,https://www.ahorramas.com/bebidas/?pmin=0.01&start=0&sz=20,bebidas
ahorramas,Vino blanco DO Rueda Blume verdejo,vino blanco do rueda blume verdejo,5.60,https://www.ahorramas.com/bebidas/?pmin=0.01&start=0&sz=20,bebidas
ahorramas,Cerveza rubia especial Carslberg lata 33cl,cerveza rubia especial carslberg lata 33cl,0.79,https://www.ahorramas.com/bebidas/?pmin=0.01&start=0&sz=20,bebidas
ahorramas,Vino manzanilla DO San Lúcar de Barrameda Muyfina,vino manzanilla do san lucar de barrameda muyfina,4.75,https://www.ahorramas.com/bebidas/?pmin=0.01&start=0&sz=20,bebidas
ahorramas,Cerveza rubia especial El Águila Sin filtrar lata 33cl,cerveza rubia especial el aguila sin filtrar lata 33cl,0.95,https://www.ahorramas.com/bebidas/?pmin=0.01&start=0&sz=20,bebidas
ahorramas,Vino tinto DO Ribera del Duero Pesquera crianza,vino tinto do ribera del duero pesquera crianza,21.00,https://www.ahorramas.com/bebidas/?pmin=0.01&start=0&sz=20,bebidas
ahorramas,Vino tinto DO Ribera del Duero Hacienda Arte roble,vino tinto do ribera del duero hacienda arte roble,4.50,https://www.ahorramas.com/bebidas/?pmin=0.01&start=0&sz=20,bebidas
ahorramas,Refresco cola Coca-Cola botella 50cl zero,refresco cola coca-cola botella 50cl zero,1.70,https://www.ahorramas.com/bebidas/?pmin=0.01&start=0&sz=20,bebidas
ahorramas,Cava semi seco Gran Livenza 75cl,cava semi seco gran livenza 75cl,3.20,https://www.ahorramas.com/bebidas/?pmin=0.01&start=0&sz=20,bebidas
ahorramas,"Bebida energética Red Bull 35,5cl","bebida energetica red bull 35,5cl",2.09,https://www.ahorramas.com/bebidas/?pmin=0.01&start=0&sz=20,bebidas
ahorramas,Bebida energética red Bull 473ml,bebida energetica red bull 473ml,2.69,https://www.ahorramas.com/bebidas/?pmin=0.01&start=0&sz=20,bebidas
ahorramas,Cerveza de trigo Alemana Paulaner 50cl,cerveza de trigo alemana paulaner 50cl,1.99,https://www.ahorramas.com/bebidas/?pmin=0.01&start=0&sz=20,bebidas
ahorramas,Bebida de fresa y sandía Prime 50cl,bebida de fresa y sandia prime 50cl,3.05,https://www.ahorramas.com/bebidas/?pmin=0.01&start=0&sz=20,bebidas
ahorramas,Bebida blue frambuesa Prime 50cl,bebida blue frambuesa prime 50cl,3.05,https://www.ahorramas.com/bebidas/?pmin=0.01&start=0&sz=20,bebidas
ahorramas,Jack Daniel's con Coca-Cola 33cl,jack daniel's con coca-cola 33cl,2.75,https://www.ahorramas.com/bebidas/?pmin=0.01&start=0&sz=20,bebidas
ahorramas,Cerveza rubia especial San Miguel Magna lata 33cl,cerveza rubia especial san miguel magna lata 33cl,0.82,https://www.ahorramas.com/bebidas/?pmin=0.01&start=0&sz=20,bebidas
ahorramas,Ginebra Kanpur 70cl strawberry,ginebra kanpur 70cl strawberry,7.70,https://www.ahorramas.com/bebidas/?pmin=0.01&start=0&sz=20,bebidas
ahorramas,Kombucha Komvida 750ml frutos rojos,kombucha komvida 750ml frutos rojos,7.49,https://www.ahorramas.com/bebidas/?pmin=0.01&start=0&sz=20,bebidas
ahorramas,Vino tinto crianza DO Ribera del Duero Cepa Gavilán 75cl,vino tinto crianza do ribera del duero cepa gavilan 75cl,13.50,https://www.ahorramas.com/bebidas/?pmin=0.01&start=0&sz=20,bebidas
ahorramas,Zumo Shot Via Nature 100ml Inmunidad Jengibre,zumo shot via nature 100ml inmunidad jengibre,1.25,https://www.ahorramas.com/bebidas/?pmin=0.01&start=0&sz=20,bebidas
ahorramas,Agua con gas San Pellegrino 50cl,agua con gas san pellegrino 50cl,1.14,https://www.ahorramas.com/bebidas/?pmin=0.01&start=0&sz=20,bebidas
ahorramas,Refresco Zero Coca-Cola 33cl P6,refresco zero coca-cola 33cl p6,5.52,https://www.ahorramas.com/bebidas/?pmin=0.01&start=0&sz=20,bebidas
ahorramas,Bebida Prime 50CL Ishowspeed,bebida prime 50cl ishowspeed,3.05,https://www.ahorramas.com/bebidas/?pmin=0.01&start=0&sz=20,bebidas
ahorramas,Ginebra Puerto de Indias 70cl strawberry,ginebra puerto de indias 70cl strawberry,16.45,https://www.ahorramas.com/bebidas/?pmin=0.01&start=0&sz=20,bebidas
ahorramas,Cerveza con limón Cruzcampo Shandy lata 33cl,cerveza con limon cruzcampo shandy lata 33cl,0.85,https://www.ahorramas.com/bebidas/?pmin=0.01&start=0&sz=20,bebidas
ahorramas,Bebida de limonada Prime 50cl,bebida de limonada prime 50cl,3.05,https://www.ahorramas.com/bebidas/?pmin=0.01&start=0&sz=20,bebidas
ahorramas,Cerveza rubia Voll Damm botella 33cl,cerveza rubia voll damm botella 33cl,1.35,https://www.ahorramas.com/bebidas/?pmin=0.01&start=0&sz=20,bebidas
ahorramas,Sidra cider Ladrón de Manzanas lata 33cl manzana,sidra cider ladron de manzanas lata 33cl manzana,1.45,https://www.ahorramas.com/bebidas/?pmin=0.01&start=0&sz=20,bebidas
ahorramas,Vino tinto DO La Mancha El Vínculo crianza,vino tinto do la mancha el vinculo crianza,11.00,https://www.ahorramas.com/bebidas/?pmin=0.01&start=0&sz=20,bebidas
ahorramas,Vino tinto D.O Rivera del Duero Figuero 75cl Tempranillo,vino tinto d.o rivera del duero figuero 75cl tempranillo,11.75,https://www.ahorramas.com/bebidas/?pmin=0.01&start=0&sz=20,bebidas
ahorramas,Vino tinto DO Ribera del Duero Tonteo 75cl Tinta del País,vino tinto do ribera del duero tonteo 75cl tinta del pais,5.99,https://www.ahorramas.com/bebidas/?pmin=0.01&start=0&sz=20,bebidas
ahorramas,Vino tinto DO Oporto Osborne Tawny,vino tinto do oporto osborne tawny,7.15,https://www.ahorramas.com/bebidas/?pmin=0.01&start=0&sz=20,bebidas
ahorramas,Licor de crema de whisky King's cream 70cl,licor de crema de whisky king's cream 70cl,5.75,https://www.ahorramas.com/bebidas/?pmin=0.01&start=0&sz=20,bebidas
ahorramas,Pacharán Zoco 1l navarro,pacharan zoco 1l navarro,11.25,https://www.ahorramas.com/bebidas/?pmin=0.01&start=0&sz=20,bebidas
ahorramas,Mosto blanco espumoso Yllera 5.5 frizzante,mosto blanco espumoso yllera 5.5 frizzante,5.99,https://www.ahorramas.com/bebidas/?pmin=0.01&start=0&sz=20,bebidas
ahorramas,Refresco cola Coca-Cola botella 50cl zero zero sin cafeína,refresco cola coca-cola botella 50cl zero zero sin cafeina,1.70,https://www.ahorramas.com/bebidas/?pmin=0.01&start=0&sz=20,bebidas
ahorramas,Vino rosado de aguja Peñascal,vino rosado de aguja penascal,3.95,https://www.ahorramas.com/bebidas/?pmin=0.01&start=0&sz=20,bebidas
ahorramas,Vino tinto DO Madrid Puerta de Alcalá tempranillo,vino tinto do madrid puerta de alcala tempranillo,3.29,https://www.ahorramas.com/bebidas/?pmin=0.01&start=0&sz=20,bebidas
ahorramas,Cerveza rubia Adlerbrau botella 1l,cerveza rubia adlerbrau botella 1l,0.99,https://www.ahorramas.com/bebidas/?pmin=0.01&start=0&sz=20,bebidas
ahorramas,"Bebida sin azúcar añadido de naranja y uva Disfruta 1,5l","bebida sin azucar anadido de naranja y uva disfruta 1,5l",2.35,https://www.ahorramas.com/bebidas/?pmin=0.01&start=0&sz=20,bebidas
ahorramas,Moscatel Vidal 75cl Artesano,moscatel vidal 75cl artesano,3.60,https://www.ahorramas.com/bebidas/?pmin=0.01&start=0&sz=20,bebidas
ahorramas,Vino blanco DO Alicante Marina Alta,vino blanco do alicante marina alta,4.95,https://www.ahorramas.com/bebidas/?pmin=0.01&start=0&sz=20,bebidas
ahorramas,Cerveza rubia sin filtrar El Águila 33cl pack 10,cerveza rubia sin filtrar el aguila 33cl pack 10,9.40,https://www.ahorramas.com/bebidas/?pmin=0.01&start=0&sz=20,bebidas
ahorramas,Cerveza rubia alemana Paulaner Muncher Hell 50cl,cerveza rubia alemana paulaner muncher hell 50cl,1.99,https://www.ahorramas.com/bebidas/?pmin=0.01&start=0&sz=20,bebidas
ahorramas,Refresco Seven Up lima-limón 7Up lata 33cl,refresco seven up lima-limon 7up lata 33cl,0.59,https://www.ahorramas.com/bebidas/?pmin=0.01&start=0&sz=20,bebidas
ahorramas,Sidra cider Ladrón de Manzanas 25cl,sidra cider ladron de manzanas 25cl,1.19,https://www.ahorramas.com/bebidas/?pmin=0.01&start=0&sz=20,bebidas
ahorramas,Refresco de frambuesa Fanta Zero 33cl,refresco de frambuesa fanta zero 33cl,0.80,https://www.ahorramas.com/bebidas/?pmin=0.01&start=0&sz=20,bebidas
ahorramas,"Bebida de aloe vera Aleo 0,5l","bebida de aloe vera aleo 0,5l",1.49,https://www.ahorramas.com/bebidas/?pmin=0.01&start=0&sz=20,bebidas
ahorramas,Cerveza rubia Adlerbrau pack 6 botellas 25cl,cerveza rubia adlerbrau pack 6 botellas 25cl,2.15,https://www.ahorramas.com/bebidas/?pmin=0.01&start=0&sz=20,bebidas
ahorramas,Cerveza rubia especial Mahou 5 Estrellas pack 6 botellas 25cl,cerveza rubia especial mahou 5 estrellas pack 6 botellas 25cl,3.99,https://www.ahorramas.com/bebidas/?pmin=0.01&start=0&sz=20,bebidas
ahorramas,Cerveza rubia Mahou Clásica pack 6 botellas 25cl,cerveza rubia mahou clasica pack 6 botellas 25cl,3.60,https://www.ahorramas.com/bebidas/?pmin=0.01&start=0&sz=20,bebidas
ahorramas,Vino tinto DO La Mancha Torneo tempranillo,vino tinto do la mancha torneo tempranillo,1.30,https://www.ahorramas.com/bebidas/?pmin=0.01&start=0&sz=20,bebidas
ahorramas,Sidra Asturiana sin alcohol Mayador 75cl,sidra asturiana sin alcohol mayador 75cl,2.40,https://www.ahorramas.com/bebidas/?pmin=0.01&start=0&sz=20,bebidas
ahorramas,Refresco lima-limón Alipende botella 2l zero,refresco lima-limon alipende botella 2l zero,0.95,https://www.ahorramas.com/bebidas/?pmin=0.01&start=0&sz=20,bebidas
ahorramas,Royal Bliss Zero Signature Tonic Water 250ml Lata,royal bliss zero signature tonic water 250ml lata,0.75,https://www.ahorramas.com/bebidas/?pmin=0.01&start=0&sz=20,bebidas
ahorramas,Vino blanco DO La Mancha Yugo joven,vino blanco do la mancha yugo joven,4.25,https://www.ahorramas.com/bebidas/?pmin=0.01&start=0&sz=20,bebidas
ahorramas,Vino tinto DO Ribera del Duero Viñamayor roble,vino tinto do ribera del duero vinamayor roble,7.95,https://www.ahorramas.com/bebidas/?pmin=0.01&start=0&sz=20,bebidas
ahorramas,Cerveza rubia Bitburger 33cl,cerveza rubia bitburger 33cl,1.65,https://www.ahorramas.com/bebidas/?pmin=0.01&start=0&sz=20,bebidas
ahorramas,Vino tinto Castilla Finca Río Negro,vino tinto castilla finca rio negro,18.25,https://www.ahorramas.com/bebidas/?pmin=0.01&start=0&sz=20,bebidas
ahorramas,Cerveza tostada Mahou Maestra botella 33cl,cerveza tostada mahou maestra botella 33cl,1.37,https://www.ahorramas.com/bebidas/?pmin=0.01&start=0&sz=20,bebidas
ahorramas,Zumo de naranja y mandarina Don Simón brik 1l,zumo de naranja y mandarina don simon brik 1l,1.80,https://www.ahorramas.com/bebidas/?pmin=0.01&start=0&sz=20,bebidas
ahorramas,Fruta con leche sin azúcar añadido Caribe Don Simon pack de 3,fruta con leche sin azucar anadido caribe don simon pack de 3,1.20,https://www.ahorramas.com/bebidas/?pmin=0.01&start=0&sz=20,bebidas
ahorramas,Refresco naranja Fanta botella 2l,refresco naranja fanta botella 2l,1.85,https://www.ahorramas.com/bebidas/?pmin=0.01&start=0&sz=20,bebidas
ahorramas,Aguardiente de Orujo El Artesano 70cl,aguardiente de orujo el artesano 70cl,7.10,https://www.ahorramas.com/bebidas/?pmin=0.01&start=0&sz=20,bebidas
ahorramas,Bebida energética Energy Ultra Rosa Monster 500ml,bebida energetica energy ultra rosa monster 500ml,1.79,https://www.ahorramas.com/bebidas/?pmin=0.01&start=0&sz=20,bebidas
ahorramas,Bebida s/azucar Disfruta Juver 1L Fritos rojos,bebida s/azucar disfruta juver 1l fritos rojos,2.09,https://www.ahorramas.com/bebidas/?pmin=0.01&start=0&sz=20,bebidas
ahorramas,Vino Tinto Lambrusco dell Emilia Amabile. 75cl,vino tinto lambrusco dell emilia amabile. 75cl,2.00,https://www.ahorramas.com/bebidas/?pmin=0.01&start=0&sz=20,bebidas
ahorramas,Cerveza rubia especial 1906 33cl pack 12,cerveza rubia especial 1906 33cl pack 12,14.16,https://www.ahorramas.com/bebidas/?pmin=0.01&start=0&sz=20,bebidas
ahorramas,Vino tinto Viña Xétar,vino tinto vina xetar,2.99,https://www.ahorramas.com/bebidas/?pmin=0.01&start=0&sz=20,bebidas
ahorramas,Bebida energética Monster 50cl ultra fiesta taurina ginseng,bebida energetica monster 50cl ultra fiesta taurina ginseng,1.79,https://www.ahorramas.com/bebidas/?pmin=0.01&start=0&sz=20,bebidas
ahorramas,Bebida isotónida de frutas tropicales Prime 50cl,bebida isotonida de frutas tropicales prime 50cl,2.99,https://www.ahorramas.com/bebidas/?pmin=0.01&start=0&sz=20,bebidas
ahorramas,Cerveza Heineken Lata 50cl,cerveza heineken lata 50cl,1.45,https://www.ahorramas.com/bebidas/?pmin=0.01&start=0&sz=20,bebidas
ahorramas,Vino tinto DO R.Duero Colección 880 75cl Roble,vino tinto do r.duero coleccion 880 75cl roble,6.95,https://www.ahorramas.com/bebidas/?pmin=0.01&start=0&sz=20,bebidas
ahorramas,Zumo Shot Via Nature 100ml Curcuma,zumo shot via nature 100ml curcuma,1.25,https://www.ahorramas.com/bebidas/?pmin=0.01&start=0&sz=20,bebidas
ahorramas,"Bonaval Cava Blanco Brut 11,5% Botella 75 cl","bonaval cava blanco brut 11,5% botella 75 cl",3.79,https://www.ahorramas.com/bebidas/?pmin=0.01&start=0&sz=20,bebidas
ahorramas,Vino Blanco Elegido 1L Airen-Verdejo,vino blanco elegido 1l airen-verdejo,2.20,https://www.ahorramas.com/bebidas/?pmin=0.01&start=0&sz=20,bebidas
ahorramas,Tónica Royal Bliss lata 25cl berry sensations,tonica royal bliss lata 25cl berry sensations,0.75,https://www.ahorramas.com/bebidas/?pmin=0.01&start=0&sz=20,bebidas
ahorramas,Ron añejo Almirante 70cl,ron anejo almirante 70cl,8.55,https://www.ahorramas.com/bebidas/?pmin=0.01&start=0&sz=20,bebidas
ahorramas,Bebida isotónica Powerade botella 50cl ice storm,bebida isotonica powerade botella 50cl ice storm,1.49,https://www.ahorramas.com/bebidas/?pmin=0.01&start=0&sz=20,bebidas
ahorramas,"Cerveza dorada Alhambra Reserva 1925 pack 6 botellas 22,5cl","cerveza dorada alhambra reserva 1925 pack 6 botellas 22,5cl",5.94,https://www.ahorramas.com/bebidas/?pmin=0.01&start=0&sz=20,bebidas
ahorramas,Cerveza con limón Amstel Radler lata 33cl,cerveza con limon amstel radler lata 33cl,0.78,https://www.ahorramas.com/bebidas/?pmin=0.01&start=0&sz=20,bebidas
ahorramas,Cerveza rubia Alhambra Tradicional lata 50cl,cerveza rubia alhambra tradicional lata 50cl,1.09,https://www.ahorramas.com/bebidas/?pmin=0.01&start=0&sz=20,bebidas
ahorramas,"Cerveza sin alcohol Amstel Oro 0,0 Tostada lata 33cl","cerveza sin alcohol amstel oro 0,0 tostada lata 33cl",0.84,https://www.ahorramas.com/bebidas/?pmin=0.01&start=0&sz=20,bebidas
ahorramas,Cerveza rubia especial Mahou 5 Estrellas lata 25cl,cerveza rubia especial mahou 5 estrellas lata 25cl,0.66,https://www.ahorramas.com/bebidas/?pmin=0.01&start=0&sz=20,bebidas
ahorramas,Cerveza rubia alemana Hofbrau Oktoberfest botella 50 cl,cerveza rubia alemana hofbrau oktoberfest botella 50 cl,1.90,https://www.ahorramas.com/bebidas/?pmin=0.01&start=0&sz=20,bebidas
ahorramas,Vino tinto DO Ribera del Duero Mayor de Castilla roble,vino tinto do ribera del duero mayor de castilla roble,6.00,https://www.ahorramas.com/bebidas/?pmin=0.01&start=0&sz=20,bebidas
ahorramas,Vino tinto DO Ribera del Duero Legaris roble,vino tinto do ribera del duero legaris roble,9.45,https://www.ahorramas.com/bebidas/?pmin=0.01&start=0&sz=20,bebidas
ahorramas,Cerveza sin filtrar Mahou 5 estrellas botella 33cl,cerveza sin filtrar mahou 5 estrellas botella 33cl,0.99,https://www.ahorramas.com/bebidas/?pmin=0.01&start=0&sz=20,bebidas
ahorramas,Cerveza rubia especial Mahou 5 Estrellas pack 24 latas 33cl,cerveza rubia especial mahou 5 estrellas pack 24 latas 33cl,19.20,https://www.ahorramas.com/bebidas/?pmin=0.01&start=0&sz=20,bebidas
ahorramas,Ginebra Old King 70cl,ginebra old king 70cl,6.25,https://www.ahorramas.com/bebidas/?pmin=0.01&start=0&sz=20,bebidas
ahorramas,Vino tinto Legado de Farro mencía,vino tinto legado de farro mencia,3.79,https://www.ahorramas.com/bebidas/?pmin=0.01&start=0&sz=20,bebidas
ahorramas,Cerveza rubia Mahou Clásica lata 50cl,cerveza rubia mahou clasica lata 50cl,1.12,https://www.ahorramas.com/bebidas/?pmin=0.01&start=0&sz=20,bebidas
ahorramas,"Refresco de cola sin azúcar sin calorías Coca-Cola 1,25l","refresco de cola sin azucar sin calorias coca-cola 1,25l",1.49,https://www.ahorramas.com/bebidas/?pmin=0.01&start=0&sz=20,bebidas
ahorramas,Vino rosado DO Cigalés Val de Condes,vino rosado do cigales val de condes,4.15,https://www.ahorramas.com/bebidas/?pmin=0.01&start=0&sz=20,bebidas
ahorramas,Néctar de naranja Disfruta pack 6,nectar de naranja disfruta pack 6,2.50,https://www.ahorramas.com/bebidas/?pmin=0.01&start=0&sz=20,bebidas
ahorramas,Cerveza sin gluten Daura Märzen botella 33cl,cerveza sin gluten daura marzen botella 33cl,1.39,https://www.ahorramas.com/bebidas/?pmin=0.01&start=0&sz=20,bebidas
ahorramas,Sidra rosé El Gaitero 75cl,sidra rose el gaitero 75cl,3.75,https://www.ahorramas.com/bebidas/?pmin=0.01&start=0&sz=20,bebidas
ahorramas,Cerveza Red Vintage 1906 Lata 33cl,cerveza red vintage 1906 lata 33cl,1.18,https://www.ahorramas.com/bebidas/?pmin=0.01&start=0&sz=20,bebidas
ahorramas,Champagne Brut Mumm 75cl Codorniu,champagne brut mumm 75cl codorniu,49.15,https://www.ahorramas.com/bebidas/?pmin=0.01&start=0&sz=20,bebidas
ahorramas,Cerveza La Sagra botella 33cl la calabaza pumkpin ale,cerveza la sagra botella 33cl la calabaza pumkpin ale,1.99,https://www.ahorramas.com/bebidas/?pmin=0.01&start=0&sz=20,bebidas
ahorramas,Cerveza sabor mango chili La Diabla Mahou 33cl,cerveza sabor mango chili la diabla mahou 33cl,0.95,https://www.ahorramas.com/bebidas/?pmin=0.01&start=0&sz=20,bebidas
ahorramas,Bebida sin azucar Disfruta Juver 1L Arándanos,bebida sin azucar disfruta juver 1l arandanos,2.15,https://www.ahorramas.com/bebidas/?pmin=0.01&start=0&sz=20,bebidas
ahorramas,Agua con gas Fonter 50cl,agua con gas fonter 50cl,0.84,https://www.ahorramas.com/bebidas/?pmin=0.01&start=0&sz=20,bebidas
ahorramas,Zumo de fruta + leche sabor mediterráneo sin azúcares añadidos Don Simon pack 6,zumo de fruta + leche sabor mediterraneo sin azucares anadidos don simon pack 6,1.50,https://www.ahorramas.com/bebidas/?pmin=0.01&start=0&sz=20,bebidas
ahorramas,Monster Energy Lando Norris Zero Sugar 500ml Lata,monster energy lando norris zero sugar 500ml lata,1.79,https://www.ahorramas.com/bebidas/?pmin=0.01&start=0&sz=20,bebidas
ahorramas,Vino tinto DO Rioja Vivanco crianza 75cl,vino tinto do rioja vivanco crianza 75cl,9.45,https://www.ahorramas.com/bebidas/?pmin=0.01&start=0&sz=20,bebidas
ahorramas,Mosto blanco Don Simon 1l,mosto blanco don simon 1l,1.30,https://www.ahorramas.com/bebidas/?pmin=0.01&start=0&sz=20,bebidas
ahorramas,Agua con gas San Pellegrino Naturali Refresco Naranja lata 330ml,agua con gas san pellegrino naturali refresco naranja lata 330ml,1.00,https://www.ahorramas.com/bebidas/?pmin=0.01&start=0&sz=20,bebidas
ahorramas,Ginebra Macaronesian 70cl + copa,ginebra macaronesian 70cl + copa,23.40,https://www.ahorramas.com/bebidas/?pmin=0.01&start=0&sz=20,bebidas
ahorramas,Ron Blanco Bacardi Carta Blanca,ron blanco bacardi carta blanca,12.19,https://www.ahorramas.com/bebidas/?pmin=0.01&start=0&sz=20,bebidas
ahorramas,Refresco Zero San Benedetto 400ml Mango,refresco zero san benedetto 400ml mango,0.99,https://www.ahorramas.com/bebidas/?pmin=0.01&start=0&sz=20,bebidas
ahorramas,Bebida Energética Monster Energy Rehab Peach 500ml Lata,bebida energetica monster energy rehab peach 500ml lata,1.79,https://www.ahorramas.com/bebidas/?pmin=0.01&start=0&sz=20,bebidas
ahorramas,Sidra Ladrón Manzanas 25cl Frutos Rojos,sidra ladron manzanas 25cl frutos rojos,1.19,https://www.ahorramas.com/bebidas/?pmin=0.01&start=0&sz=20,bebidas
ahorramas,Vino blanco espumoso Caldirola 75cl,vino blanco espumoso caldirola 75cl,3.49,https://www.ahorramas.com/bebidas/?pmin=0.01&start=0&sz=20,bebidas
ahorramas,Cerveza rubia Estrella Galicia 50cl,cerveza rubia estrella galicia 50cl,1.53,https://www.ahorramas.com/bebidas/?pmin=0.01&start=0&sz=20,bebidas
ahorramas,Vino tinto DO Ribera del Duero Saga crianza,vino tinto do ribera del duero saga crianza,4.10,https://www.ahorramas.com/bebidas/?pmin=0.01&start=0&sz=20,bebidas
ahorramas,Vino tinto DO Ribera del Duero Protos roble,vino tinto do ribera del duero protos roble,9.50,https://www.ahorramas.com/bebidas/?pmin=0.01&start=0&sz=20,bebidas
ahorramas,Ginebra Puerto de Indias 70cl blackberry,ginebra puerto de indias 70cl blackberry,16.45,https://www.ahorramas.com/bebidas/?pmin=0.01&start=0&sz=20,bebidas
ahorramas,Refresco Bitter Kas Zero. 33cl,refresco bitter kas zero. 33cl,0.99,https://www.ahorramas.com/bebidas/?pmin=0.01&start=0&sz=20,bebidas
ahorramas,Vino tinto Extremadura Habla la Tierra tempranillo,vino tinto extremadura habla la tierra tempranillo,8.29,https://www.ahorramas.com/bebidas/?pmin=0.01&start=0&sz=20,bebidas
ahorramas,Bebida espirituosa Maestranza 1l,bebida espirituosa maestranza 1l,6.00,https://www.ahorramas.com/bebidas/?pmin=0.01&start=0&sz=20,bebidas
ahorramas,Vino tinto DO Ribera del Duero Condado Haza crianza,vino tinto do ribera del duero condado haza crianza,13.30,https://www.ahorramas.com/bebidas/?pmin=0.01&start=0&sz=20,bebidas
ahorramas,Zumo Exprimido Summum 750 ml Manzana,zumo exprimido summum 750 ml manzana,1.70,https://www.ahorramas.com/bebidas/?pmin=0.01&start=0&sz=20,bebidas
ahorramas,Cerveza con limón Mahou 5 Estrellas Radler lata 33cl,cerveza con limon mahou 5 estrellas radler lata 33cl,0.84,https://www.ahorramas.com/bebidas/?pmin=0.01&start=0&sz=20,bebidas
ahorramas,Néctar de pera Granini 1l,nectar de pera granini 1l,2.89,https://www.ahorramas.com/bebidas/?pmin=0.01&start=0&sz=20,bebidas
ahorramas,"Zumo de piña, manzana y uva Don Simón pack 6","zumo de pina, manzana y uva don simon pack 6",1.99,https://www.ahorramas.com/bebidas/?pmin=0.01&start=0&sz=20,bebidas
ahorramas,Vino tinto DO Ribera del Duero La Planta joven,vino tinto do ribera del duero la planta joven,9.95,https://www.ahorramas.com/bebidas/?pmin=0.01&start=0&sz=20,bebidas
ahorramas,Fruta con leche sin azúcar añadido tropical Don Simon Pack 3,fruta con leche sin azucar anadido tropical don simon pack 3,1.20,https://www.ahorramas.com/bebidas/?pmin=0.01&start=0&sz=20,bebidas
ahorramas,Vino tinto DO Toro Matsu El Pícaro,vino tinto do toro matsu el picaro,9.15,https://www.ahorramas.com/bebidas/?pmin=0.01&start=0&sz=20,bebidas
ahorramas,Cerveza sin alcohol San Miguel 00 Tostada 33cl,cerveza sin alcohol san miguel 00 tostada 33cl,0.73,https://www.ahorramas.com/bebidas/?pmin=0.01&start=0&sz=20,bebidas
ahorramas,Zumo refrigerado Summum 750ml Piña,zumo refrigerado summum 750ml pina,2.10,https://www.ahorramas.com/bebidas/?pmin=0.01&start=0&sz=20,bebidas
ahorramas,Zumo de leche Bifrutas Dark 330ml,zumo de leche bifrutas dark 330ml,1.25,https://www.ahorramas.com/bebidas/?pmin=0.01&start=0&sz=20,bebidas
ahorramas,Vino tinto de Castilla Dehesa La Granja 75cl,vino tinto de castilla dehesa la granja 75cl,9.90,https://www.ahorramas.com/bebidas/?pmin=0.01&start=0&sz=20,bebidas
ahorramas,Vino blanco espumoso verdejo Fizzy 33cl,vino blanco espumoso verdejo fizzy 33cl,1.25,https://www.ahorramas.com/bebidas/?pmin=0.01&start=0&sz=20,bebidas
ahorramas,Refresco Té Fuze Tea 500ml Limón,refresco te fuze tea 500ml limon,1.49,https://www.ahorramas.com/bebidas/?pmin=0.01&start=0&sz=20,bebidas
ahorramas,"Agua mineral natural de Galicia sin gas tapón sport Cabreiroá 0,75l","agua mineral natural de galicia sin gas tapon sport cabreiroa 0,75l",0.80,https://www.ahorramas.com/bebidas/?pmin=0.01&start=0&sz=20,bebidas
ahorramas,Vino tinto Castilla ecológico Cala Nº1 tempranillo,vino tinto castilla ecologico cala no1 tempranillo,6.15,https://www.ahorramas.com/bebidas/?pmin=0.01&start=0&sz=20,bebidas
ahorramas,Vermouth reserva Zarro 1l,vermouth reserva zarro 1l,9.55,https://www.ahorramas.com/bebidas/?pmin=0.01&start=0&sz=20,bebidas
ahorramas,Vino tinto DO Ribera del Duero Portocelo 75cl,vino tinto do ribera del duero portocelo 75cl,4.75,https://www.ahorramas.com/bebidas/?pmin=0.01&start=0&sz=20,bebidas
ahorramas,Vino blanco DO Rias Baixas Santiago Ruiz joven botella 75 cl,vino blanco do rias baixas santiago ruiz joven botella 75 cl,14.95,https://www.ahorramas.com/bebidas/?pmin=0.01&start=0&sz=20,bebidas
ahorramas,Vino tinto DO Toro Lágrima Fariña,vino tinto do toro lagrima farina,8.25,https://www.ahorramas.com/bebidas/?pmin=0.01&start=0&sz=20,bebidas
ahorramas,Bebida instantánea sabor piña Prozis 8 unidades,bebida instantanea sabor pina prozis 8 unidades,4.99,https://www.ahorramas.com/bebidas/?pmin=0.01&start=0&sz=20,bebidas
ahorramas,Vino tinto DO Utiel-Requena Faustino Rivero Ulecia Reserva 750ml,vino tinto do utiel-requena faustino rivero ulecia reserva 750ml,2.95,https://www.ahorramas.com/bebidas/?pmin=0.01&start=0&sz=20,bebidas
ahorramas,Cerveza sin alcohol sin azúcar Tostada 000 Ambar 33cl,cerveza sin alcohol sin azucar tostada 000 ambar 33cl,0.83,https://www.ahorramas.com/bebidas/?pmin=0.01&start=0&sz=20,bebidas
ahorramas,Tequila José Cuervo especial reposado botella 70cl,tequila jose cuervo especial reposado botella 70cl,16.90,https://www.ahorramas.com/bebidas/?pmin=0.01&start=0&sz=20,bebidas
ahorramas,Bebida isotónica POwerade 50cl Golden Mango,bebida isotonica powerade 50cl golden mango,1.49,https://www.ahorramas.com/bebidas/?pmin=0.01&start=0&sz=20,bebidas
ahorramas,Maison Perrier Forever Lima Agua con gas 33cl,maison perrier forever lima agua con gas 33cl,1.00,https://www.ahorramas.com/bebidas/?pmin=0.01&start=0&sz=20,bebidas
ahorramas,Sidra El Gaitero 75cl extra,sidra el gaitero 75cl extra,3.50,https://www.ahorramas.com/bebidas/?pmin=0.01&start=0&sz=20,bebidas
ahorramas,Bebida sin azucar Disfruta Juver 1L Maracuya,bebida sin azucar disfruta juver 1l maracuya,2.15,https://www.ahorramas.com/bebidas/?pmin=0.01&start=0&sz=20,bebidas
ahorramas,Bebida con zumo de melocotón Granini 1l,bebida con zumo de melocoton granini 1l,2.89,https://www.ahorramas.com/bebidas/?pmin=0.01&start=0&sz=20,bebidas
ahorramas,"Refresco de té Fuzetea 1,25l limón","refresco de te fuzetea 1,25l limon",1.99,https://www.ahorramas.com/bebidas/?pmin=0.01&start=0&sz=20,bebidas
ahorramas,Cerveza rubia Desperados original lata 33cl,cerveza rubia desperados original lata 33cl,1.25,https://www.ahorramas.com/bebidas/?pmin=0.01&start=0&sz=20,bebidas
ahorramas,Vino tinto DO Uclés Finca Estacada crianza,vino tinto do ucles finca estacada crianza,5.40,https://www.ahorramas.com/bebidas/?pmin=0.01&start=0&sz=20,bebidas
ahorramas,Vino tinto DO Ribera del Duero Protos crianza,vino tinto do ribera del duero protos crianza,19.95,https://www.ahorramas.com/bebidas/?pmin=0.01&start=0&sz=20,bebidas
ahorramas,Cerveza Miller 33cl,cerveza miller 33cl,1.29,https://www.ahorramas.com/bebidas/?pmin=0.01&start=0&sz=20,bebidas
ahorramas,Vino blanco albariño DO Rias Baixas Martín Códax,vino blanco albarino do rias baixas martin codax,14.50,https://www.ahorramas.com/bebidas/?pmin=0.01&start=0&sz=20,bebidas
ahorramas,Vino tinto DO La Mancha Yugo tempranillo,vino tinto do la mancha yugo tempranillo,4.25,https://www.ahorramas.com/bebidas/?pmin=0.01&start=0&sz=20,bebidas
ahorramas,Vino tinto DO Ribera del Duero Celeste roble,vino tinto do ribera del duero celeste roble,9.35,https://www.ahorramas.com/bebidas/?pmin=0.01&start=0&sz=20,bebidas
ahorramas,Vino tinto DO Rioja Tejar Viejo,vino tinto do rioja tejar viejo,2.55,https://www.ahorramas.com/bebidas/?pmin=0.01&start=0&sz=20,bebidas
ahorramas,Vino blanco DO Cataluña Bach dulce,vino blanco do cataluna bach dulce,5.35,https://www.ahorramas.com/bebidas/?pmin=0.01&start=0&sz=20,bebidas
ahorramas,Vino rosado Lambrusco Maestri Cantinieri 75cl,vino rosado lambrusco maestri cantinieri 75cl,2.00,https://www.ahorramas.com/bebidas/?pmin=0.01&start=0&sz=20,bebidas
ahorramas,Sidra Ecológica Extra Maeloc botella de 75 cl,sidra ecologica extra maeloc botella de 75 cl,3.15,https://www.ahorramas.com/bebidas/?pmin=0.01&start=0&sz=20,bebidas
ahorramas,Bebida con zumo de pomelo rosa Granini 1l,bebida con zumo de pomelo rosa granini 1l,2.89,https://www.ahorramas.com/bebidas/?pmin=0.01&start=0&sz=20,bebidas
ahorramas,Vino tinto DO Rioja Ederra crianza,vino tinto do rioja ederra crianza,7.95,https://www.ahorramas.com/bebidas/?pmin=0.01&start=0&sz=20,bebidas
ahorramas,Vino tinto DO Bierzo Tilenus roble,vino tinto do bierzo tilenus roble,9.90,https://www.ahorramas.com/bebidas/?pmin=0.01&start=0&sz=20,bebidas
ahorramas,Cerveza con limón Mahou Mixta lata 33cl,cerveza con limon mahou mixta lata 33cl,0.81,https://www.ahorramas.com/bebidas/?pmin=0.01&start=0&sz=20,bebidas
ahorramas,Vino tinto DO Ribera del Duero Cepa 21 cosecha,vino tinto do ribera del duero cepa 21 cosecha,21.10,https://www.ahorramas.com/bebidas/?pmin=0.01&start=0&sz=20,bebidas
ahorramas,Vino tinto DO Rioja Viña Albina reserva,vino tinto do rioja vina albina reserva,9.50,https://www.ahorramas.com/bebidas/?pmin=0.01&start=0&sz=20,bebidas
ahorramas,Zumo de manzana Granini 1l 100% fruta,zumo de manzana granini 1l 100% fruta,3.09,https://www.ahorramas.com/bebidas/?pmin=0.01&start=0&sz=20,bebidas
ahorramas,Cerveza Rubia Ambar Lata 33cl Especial,cerveza rubia ambar lata 33cl especial,0.87,https://www.ahorramas.com/bebidas/?pmin=0.01&start=0&sz=20,bebidas
ahorramas,Refresco sin gas de naranja Simon Life 33cl,refresco sin gas de naranja simon life 33cl,0.60,https://www.ahorramas.com/bebidas/?pmin=0.01&start=0&sz=20,bebidas
ahorramas,Vino tinto DO Bierzo Guerra crianza,vino tinto do bierzo guerra crianza,3.90,https://www.ahorramas.com/bebidas/?pmin=0.01&start=0&sz=20,bebidas
ahorramas,Vino tinto DO Ribera del Duero Castillo Monje Roble 75cl,vino tinto do ribera del duero castillo monje roble 75cl,4.50,https://www.ahorramas.com/bebidas/?pmin=0.01&start=0&sz=20,bebidas
ahorramas,Fruta + leche tropical sin azúcar añadido Don Simon 3+1,fruta + leche tropical sin azucar anadido don simon 3+1,1.50,https://www.ahorramas.com/bebidas/?pmin=0.01&start=0&sz=20,bebidas
ahorramas,Comida para beber sabor fresa Yfood 500ml,comida para beber sabor fresa yfood 500ml,3.99,https://www.ahorramas.com/bebidas/?pmin=0.01&start=0&sz=20,bebidas
ahorramas,Leche Alipende 1l semidesnatada,leche alipende 1l semidesnatada,0.88,https://www.ahorramas.com/lacteos/?pmin=0.01&start=0&sz=18,lacteos
ahorramas,Leche Puleva calcio 1l desnatada,leche puleva calcio 1l desnatada,1.59,https://www.ahorramas.com/lacteos/?pmin=0.01&start=0&sz=18,lacteos
ahorramas,Leche Alipende 1l entera,leche alipende 1l entera,0.97,https://www.ahorramas.com/lacteos/?pmin=0.01&start=0&sz=18,lacteos
ahorramas,Leche sin lactosa Alipende 1l desnatada,leche sin lactosa alipende 1l desnatada,0.93,https://www.ahorramas.com/lacteos/?pmin=0.01&start=0&sz=18,lacteos
ahorramas,Bebida láctea sin lactosa Puleva 1l omega3,bebida lactea sin lactosa puleva 1l omega3,1.69,https://www.ahorramas.com/lacteos/?pmin=0.01&start=0&sz=18,lacteos
ahorramas,Leche sin lactosa Alipende 1l semidesnatada,leche sin lactosa alipende 1l semidesnatada,0.96,https://www.ahorramas.com/lacteos/?pmin=0.01&start=0&sz=18,lacteos
ahorramas,Leche Alipende 1l desnatada,leche alipende 1l desnatada,0.84,https://www.ahorramas.com/lacteos/?pmin=0.01&start=0&sz=18,lacteos
ahorramas,Leche Asturiana 1l entera,leche asturiana 1l entera,1.25,https://www.ahorramas.com/lacteos/?pmin=0.01&start=0&sz=18,lacteos
ahorramas,Yogur estilo griego Alipende pack 6 natural 750g,yogur estilo griego alipende pack 6 natural 750g,1.47,https://www.ahorramas.com/lacteos/?pmin=0.01&start=0&sz=18,lacteos
ahorramas,Leche Río 1l entera,leche rio 1l entera,0.96,https://www.ahorramas.com/lacteos/?pmin=0.01&start=0&sz=18,lacteos
ahorramas,Yogur estilo griego Alipende pack 6 125g stracciatella,yogur estilo griego alipende pack 6 125g stracciatella,1.80,https://www.ahorramas.com/lacteos/?pmin=0.01&start=0&sz=18,lacteos
ahorramas,Leche Asturiana 1l semidesnatada,leche asturiana 1l semidesnatada,1.13,https://www.ahorramas.com/lacteos/?pmin=0.01&start=0&sz=18,lacteos
ahorramas,Nata para cocinar Alipende pack 3 ligera,nata para cocinar alipende pack 3 ligera,1.75,https://www.ahorramas.com/lacteos/?pmin=0.01&start=0&sz=18,lacteos
ahorramas,Leche Lauki 1l semidesnatada,leche lauki 1l semidesnatada,1.13,https://www.ahorramas.com/lacteos/?pmin=0.01&start=0&sz=18,lacteos
ahorramas,Bebida De Avena Calcio Alipende 1 litro,bebida de avena calcio alipende 1 litro,0.95,https://www.ahorramas.com/lacteos/?pmin=0.01&start=0&sz=18,lacteos
ahorramas,Yogur Alipende pack 16 sabores surtidos,yogur alipende pack 16 sabores surtidos,2.46,https://www.ahorramas.com/lacteos/?pmin=0.01&start=0&sz=18,lacteos
ahorramas,Leche Pascual 1l entera,leche pascual 1l entera,1.35,https://www.ahorramas.com/lacteos/?pmin=0.01&start=0&sz=18,lacteos
ahorramas,Mantequilla Alipende 250g pastilla,mantequilla alipende 250g pastilla,2.25,https://www.ahorramas.com/lacteos/?pmin=0.01&start=0&sz=18,lacteos
ahorramas,Leche Lauki 1l desnatada,leche lauki 1l desnatada,1.10,https://www.ahorramas.com/lacteos/?pmin=0.01&start=0&sz=18,lacteos
ahorramas,Leche Asturiana 1l desnatada,leche asturiana 1l desnatada,1.09,https://www.ahorramas.com/lacteos/?pmin=0.01&start=0&sz=18,lacteos
ahorramas,"Leche Asturiana 1,5l semidesnatada","leche asturiana 1,5l semidesnatada",1.72,https://www.ahorramas.com/lacteos/?pmin=0.01&start=0&sz=18,lacteos
ahorramas,"Leche sin lactosa 0,0% MG Asturiana 1l desnatada","leche sin lactosa 0,0% mg asturiana 1l desnatada",1.24,https://www.ahorramas.com/lacteos/?pmin=0.01&start=0&sz=18,lacteos
ahorramas,Yogur Alipende pack 8 natural,yogur alipende pack 8 natural,1.31,https://www.ahorramas.com/lacteos/?pmin=0.01&start=0&sz=18,lacteos
ahorramas,Leche Lauki 1l entera,leche lauki 1l entera,1.18,https://www.ahorramas.com/lacteos/?pmin=0.01&start=0&sz=18,lacteos
ahorramas,Batido Alipende pack 6 cacao 200ml,batido alipende pack 6 cacao 200ml,1.45,https://www.ahorramas.com/lacteos/?pmin=0.01&start=0&sz=18,lacteos
ahorramas,Leche Pascual 1l semidesnatada,leche pascual 1l semidesnatada,1.29,https://www.ahorramas.com/lacteos/?pmin=0.01&start=0&sz=18,lacteos
ahorramas,Leche Río 1l semidesnatada,leche rio 1l semidesnatada,0.96,https://www.ahorramas.com/lacteos/?pmin=0.01&start=0&sz=18,lacteos
ahorramas,Bebida De Soja Calcio Alipende 1 litro,bebida de soja calcio alipende 1 litro,0.65,https://www.ahorramas.com/lacteos/?pmin=0.01&start=0&sz=18,lacteos
ahorramas,Horchata Chufi 1l,horchata chufi 1l,1.69,https://www.ahorramas.com/lacteos/?pmin=0.01&start=0&sz=18,lacteos
ahorramas,Leche sin lactosa Alipende 1l entera,leche sin lactosa alipende 1l entera,1.04,https://www.ahorramas.com/lacteos/?pmin=0.01&start=0&sz=18,lacteos
ahorramas,Bebida de almendras sin azúcar Alpro 1l,bebida de almendras sin azucar alpro 1l,2.09,https://www.ahorramas.com/lacteos/?pmin=0.01&start=0&sz=18,lacteos
ahorramas,Yogur desnatado Alipende pack 4 edulcorado 500g,yogur desnatado alipende pack 4 edulcorado 500g,0.69,https://www.ahorramas.com/lacteos/?pmin=0.01&start=0&sz=18,lacteos
ahorramas,Leche Alipende Botella 1.5 litros semidesnatada,leche alipende botella 1.5 litros semidesnatada,1.50,https://www.ahorramas.com/lacteos/?pmin=0.01&start=0&sz=18,lacteos
ahorramas,Horchata Xufasuc 1l,horchata xufasuc 1l,1.19,https://www.ahorramas.com/lacteos/?pmin=0.01&start=0&sz=18,lacteos
ahorramas,Leche sin lactosa Asturiana 1l semidesnata,leche sin lactosa asturiana 1l semidesnata,1.31,https://www.ahorramas.com/lacteos/?pmin=0.01&start=0&sz=18,lacteos
ahorramas,Yogur desnatado Alipende pack 4 limón 500g,yogur desnatado alipende pack 4 limon 500g,0.90,https://www.ahorramas.com/lacteos/?pmin=0.01&start=0&sz=18,lacteos
ahorramas,Kefir Alipende 500 gr Natural,kefir alipende 500 gr natural,1.18,https://www.ahorramas.com/lacteos/?pmin=0.01&start=0&sz=18,lacteos
ahorramas,Leche sin lactosa Pascual 1l semidesnatada,leche sin lactosa pascual 1l semidesnatada,1.35,https://www.ahorramas.com/lacteos/?pmin=0.01&start=0&sz=18,lacteos
ahorramas,Flan de vainilla Alipende pack 600g,flan de vainilla alipende pack 600g,1.05,https://www.ahorramas.com/lacteos/?pmin=0.01&start=0&sz=18,lacteos
ahorramas,Yogur sin azúcar añadido Alipende pack 4 con fresa 500g,yogur sin azucar anadido alipende pack 4 con fresa 500g,0.95,https://www.ahorramas.com/lacteos/?pmin=0.01&start=0&sz=18,lacteos
ahorramas,Yogur Danone pack 8 natural,yogur danone pack 8 natural,1.99,https://www.ahorramas.com/lacteos/?pmin=0.01&start=0&sz=18,lacteos
ahorramas,Postre copa chocolate y nata Alipende pack 4,postre copa chocolate y nata alipende pack 4,1.35,https://www.ahorramas.com/lacteos/?pmin=0.01&start=0&sz=18,lacteos
ahorramas,Leche Fresca Alipende Botella 1L Entera,leche fresca alipende botella 1l entera,1.12,https://www.ahorramas.com/lacteos/?pmin=0.01&start=0&sz=18,lacteos
ahorramas,Yogur estilo griego Margui 1kg natural,yogur estilo griego margui 1kg natural,2.27,https://www.ahorramas.com/lacteos/?pmin=0.01&start=0&sz=18,lacteos
ahorramas,Bífidus probiótico Activia 0% pack 8 natural,bifidus probiotico activia 0% pack 8 natural,3.49,https://www.ahorramas.com/lacteos/?pmin=0.01&start=0&sz=18,lacteos
ahorramas,Petit Danonino pack 6 fresa y plátano,petit danonino pack 6 fresa y platano,1.29,https://www.ahorramas.com/lacteos/?pmin=0.01&start=0&sz=18,lacteos
ahorramas,Yogur estilo griego Alipende pack 6 fresa,yogur estilo griego alipende pack 6 fresa,1.70,https://www.ahorramas.com/lacteos/?pmin=0.01&start=0&sz=18,lacteos
ahorramas,Natillas de vainilla Alipende pack 4 con galleta,natillas de vainilla alipende pack 4 con galleta,1.25,https://www.ahorramas.com/lacteos/?pmin=0.01&start=0&sz=18,lacteos
ahorramas,Gelatina proteica Alipende 4 unidades Frutos rojos,gelatina proteica alipende 4 unidades frutos rojos,1.55,https://www.ahorramas.com/lacteos/?pmin=0.01&start=0&sz=18,lacteos
ahorramas,Yogur Danone pack 4 fresa,yogur danone pack 4 fresa,1.00,https://www.ahorramas.com/lacteos/?pmin=0.01&start=0&sz=18,lacteos
ahorramas,Mousse dúo La Lechera pack 4 chocolate blanco,mousse duo la lechera pack 4 chocolate blanco,2.15,https://www.ahorramas.com/lacteos/?pmin=0.01&start=0&sz=18,lacteos
ahorramas,Flan de huevo Alipende pack 6 al baño maria,flan de huevo alipende pack 6 al bano maria,2.25,https://www.ahorramas.com/lacteos/?pmin=0.01&start=0&sz=18,lacteos
ahorramas,"Leche Alipende Botella 1,5L Desnatada","leche alipende botella 1,5l desnatada",1.47,https://www.ahorramas.com/lacteos/?pmin=0.01&start=0&sz=18,lacteos
ahorramas,Yogur líquido Alipende 1kg fresa y plátano,yogur liquido alipende 1kg fresa y platano,1.19,https://www.ahorramas.com/lacteos/?pmin=0.01&start=0&sz=18,lacteos
ahorramas,Natillas de chocolate Alipende pack 4 125g,natillas de chocolate alipende pack 4 125g,1.05,https://www.ahorramas.com/lacteos/?pmin=0.01&start=0&sz=18,lacteos
ahorramas,Kéfir Nestlé pack 6 natural,kefir nestle pack 6 natural,2.49,https://www.ahorramas.com/lacteos/?pmin=0.01&start=0&sz=18,lacteos
ahorramas,Actimel pack 12 natural,actimel pack 12 natural,5.79,https://www.ahorramas.com/lacteos/?pmin=0.01&start=0&sz=18,lacteos
ahorramas,Yogur Danone pack 4 limón,yogur danone pack 4 limon,1.00,https://www.ahorramas.com/lacteos/?pmin=0.01&start=0&sz=18,lacteos
ahorramas,Bebida láctea Danacol colesterol pack 12 fresa,bebida lactea danacol colesterol pack 12 fresa,6.99,https://www.ahorramas.com/lacteos/?pmin=0.01&start=0&sz=18,lacteos
ahorramas,Flan de huevo Reina pack 4 sin azucar,flan de huevo reina pack 4 sin azucar,1.80,https://www.ahorramas.com/lacteos/?pmin=0.01&start=0&sz=18,lacteos
ahorramas,"Leche Asturiana 1,5l entera","leche asturiana 1,5l entera",1.85,https://www.ahorramas.com/lacteos/?pmin=0.01&start=0&sz=18,lacteos
ahorramas,Bebida Almendra Sin Azucar Añadido Alipende 1 litro,bebida almendra sin azucar anadido alipende 1 litro,1.30,https://www.ahorramas.com/lacteos/?pmin=0.01&start=0&sz=18,lacteos
ahorramas,Batido Alipende 1l vainilla,batido alipende 1l vainilla,1.20,https://www.ahorramas.com/lacteos/?pmin=0.01&start=0&sz=18,lacteos
ahorramas,Yogur sin azúcar añadido Alipende pack 4 con melocotón 500g,yogur sin azucar anadido alipende pack 4 con melocoton 500g,0.95,https://www.ahorramas.com/lacteos/?pmin=0.01&start=0&sz=18,lacteos
ahorramas,Bífidus probiótico Activia 0% pack 8 natural edulcorado,bifidus probiotico activia 0% pack 8 natural edulcorado,3.49,https://www.ahorramas.com/lacteos/?pmin=0.01&start=0&sz=18,lacteos
ahorramas,Postre Alipende pack 2 tiramisú,postre alipende pack 2 tiramisu,1.35,https://www.ahorramas.com/lacteos/?pmin=0.01&start=0&sz=18,lacteos
ahorramas,Margarina ligera Alipende 500g,margarina ligera alipende 500g,1.45,https://www.ahorramas.com/lacteos/?pmin=0.01&start=0&sz=18,lacteos
ahorramas,Leche Alipende Botella 1.5 litros entera,leche alipende botella 1.5 litros entera,1.56,https://www.ahorramas.com/lacteos/?pmin=0.01&start=0&sz=18,lacteos
ahorramas,"Leche Río 1,5l entera brik","leche rio 1,5l entera brik",1.61,https://www.ahorramas.com/lacteos/?pmin=0.01&start=0&sz=18,lacteos
ahorramas,Leche sin lactosa Pascual 1l desnatada,leche sin lactosa pascual 1l desnatada,1.29,https://www.ahorramas.com/lacteos/?pmin=0.01&start=0&sz=18,lacteos
ahorramas,Batido Alipende 1l chocolate,batido alipende 1l chocolate,1.25,https://www.ahorramas.com/lacteos/?pmin=0.01&start=0&sz=18,lacteos
ahorramas,Kéfir Alipende 500g natural,kefir alipende 500g natural,1.39,https://www.ahorramas.com/lacteos/?pmin=0.01&start=0&sz=18,lacteos
ahorramas,Horchata Alipende botella 1 l,horchata alipende botella 1 l,1.20,https://www.ahorramas.com/lacteos/?pmin=0.01&start=0&sz=18,lacteos
ahorramas,Mantequilla Lurpak 200g con sal,mantequilla lurpak 200g con sal,3.49,https://www.ahorramas.com/lacteos/?pmin=0.01&start=0&sz=18,lacteos
ahorramas,Yogur estilo griego Danone pack 4 natural,yogur estilo griego danone pack 4 natural,1.39,https://www.ahorramas.com/lacteos/?pmin=0.01&start=0&sz=18,lacteos
ahorramas,Yogur estilo griego Alipende pack 6 azucarado 750g,yogur estilo griego alipende pack 6 azucarado 750g,1.51,https://www.ahorramas.com/lacteos/?pmin=0.01&start=0&sz=18,lacteos
ahorramas,Leche de coco Asian Delicatessen bote 400ml,leche de coco asian delicatessen bote 400ml,1.50,https://www.ahorramas.com/lacteos/?pmin=0.01&start=0&sz=18,lacteos
ahorramas,Yogur Danone pack 4 coco,yogur danone pack 4 coco,1.00,https://www.ahorramas.com/lacteos/?pmin=0.01&start=0&sz=18,lacteos
ahorramas,Bífidus Activia cremoso pack 4 fresa,bifidus activia cremoso pack 4 fresa,2.39,https://www.ahorramas.com/lacteos/?pmin=0.01&start=0&sz=18,lacteos
ahorramas,Yogur Kit Kat Nestlé 230g pack 2 con bolitas de cholocate,yogur kit kat nestle 230g pack 2 con bolitas de cholocate,1.75,https://www.ahorramas.com/lacteos/?pmin=0.01&start=0&sz=18,lacteos
ahorramas,Bífidus Activia pack 4 pera,bifidus activia pack 4 pera,2.89,https://www.ahorramas.com/lacteos/?pmin=0.01&start=0&sz=18,lacteos
ahorramas,Bífidus Activia 0% pack 4 frutas silvestres,bifidus activia 0% pack 4 frutas silvestres,2.39,https://www.ahorramas.com/lacteos/?pmin=0.01&start=0&sz=18,lacteos
ahorramas,Leche Pascual calcio Movit 1l semidesnatada,leche pascual calcio movit 1l semidesnatada,1.65,https://www.ahorramas.com/lacteos/?pmin=0.01&start=0&sz=18,lacteos
ahorramas,"Leche Pascual Semi 1,5l","leche pascual semi 1,5l",1.79,https://www.ahorramas.com/lacteos/?pmin=0.01&start=0&sz=18,lacteos
ahorramas,Yogur líquido desnatado Alipende 1kg fresa,yogur liquido desnatado alipende 1kg fresa,1.19,https://www.ahorramas.com/lacteos/?pmin=0.01&start=0&sz=18,lacteos
ahorramas,Natillas Danet pack 8 vainilla,natillas danet pack 8 vainilla,3.79,https://www.ahorramas.com/lacteos/?pmin=0.01&start=0&sz=18,lacteos
ahorramas,"Bebida de soja con aminoácidos, calcio y vitaminas D y B12 1L","bebida de soja con aminoacidos, calcio y vitaminas d y b12 1l",1.90,https://www.ahorramas.com/lacteos/?pmin=0.01&start=0&sz=18,lacteos
ahorramas,Natillas proteínas Alipende 4 unidades Vainilla,natillas proteinas alipende 4 unidades vainilla,1.75,https://www.ahorramas.com/lacteos/?pmin=0.01&start=0&sz=18,lacteos
ahorramas,Natillas Danet pack 4 chocolate,natillas danet pack 4 chocolate,1.99,https://www.ahorramas.com/lacteos/?pmin=0.01&start=0&sz=18,lacteos
ahorramas,Kéfir 0% MG Pastoret 500g leche de vaca de pasto,kefir 0% mg pastoret 500g leche de vaca de pasto,2.32,https://www.ahorramas.com/lacteos/?pmin=0.01&start=0&sz=18,lacteos
ahorramas,Margarina Alipende 500g,margarina alipende 500g,1.50,https://www.ahorramas.com/lacteos/?pmin=0.01&start=0&sz=18,lacteos
ahorramas,Leche Pascual calcio Movit 1l desnatada,leche pascual calcio movit 1l desnatada,1.65,https://www.ahorramas.com/lacteos/?pmin=0.01&start=0&sz=18,lacteos
ahorramas,Mantequilla Arias 115g porciones,mantequilla arias 115g porciones,2.35,https://www.ahorramas.com/lacteos/?pmin=0.01&start=0&sz=18,lacteos
ahorramas,Natillas proteinas Danone Pack 4 Vainilla,natillas proteinas danone pack 4 vainilla,1.99,https://www.ahorramas.com/lacteos/?pmin=0.01&start=0&sz=18,lacteos
ahorramas,Yogur Alipende pack 8 natural azucarado,yogur alipende pack 8 natural azucarado,1.31,https://www.ahorramas.com/lacteos/?pmin=0.01&start=0&sz=18,lacteos
ahorramas,Bífidus probiótico Activia 0% pack 4 melocotón,bifidus probiotico activia 0% pack 4 melocoton,2.89,https://www.ahorramas.com/lacteos/?pmin=0.01&start=0&sz=18,lacteos
ahorramas,Yogur griego ligero Margui 1 kg Natural,yogur griego ligero margui 1 kg natural,2.27,https://www.ahorramas.com/lacteos/?pmin=0.01&start=0&sz=18,lacteos
ahorramas,Batido Alipende pack 6 vainilla200ml,batido alipende pack 6 vainilla200ml,1.55,https://www.ahorramas.com/lacteos/?pmin=0.01&start=0&sz=18,lacteos
ahorramas,Yogur estilo griego Danone pack 4 lima limón,yogur estilo griego danone pack 4 lima limon,1.59,https://www.ahorramas.com/lacteos/?pmin=0.01&start=0&sz=18,lacteos
ahorramas,Kefir de cabra Yaranza 500g,kefir de cabra yaranza 500g,2.60,https://www.ahorramas.com/lacteos/?pmin=0.01&start=0&sz=18,lacteos
ahorramas,Mantequilla tarrina Alipende 250gr,mantequilla tarrina alipende 250gr,2.60,https://www.ahorramas.com/lacteos/?pmin=0.01&start=0&sz=18,lacteos
ahorramas,Gelatina Alitende Pack 6 Fresa,gelatina alitende pack 6 fresa,1.00,https://www.ahorramas.com/lacteos/?pmin=0.01&start=0&sz=18,lacteos
ahorramas,Materia grasa original para untar Tulipán 400g,materia grasa original para untar tulipan 400g,2.59,https://www.ahorramas.com/lacteos/?pmin=0.01&start=0&sz=18,lacteos
ahorramas,L Casei Alipende pack 12 fresa,l casei alipende pack 12 fresa,2.25,https://www.ahorramas.com/lacteos/?pmin=0.01&start=0&sz=18,lacteos
ahorramas,"Leche Asturiana 2,2l semidesnatada","leche asturiana 2,2l semidesnatada",2.44,https://www.ahorramas.com/lacteos/?pmin=0.01&start=0&sz=18,lacteos
ahorramas,Bebida láctea de café Alipende 236ml cappuccino,bebida lactea de cafe alipende 236ml cappuccino,0.75,https://www.ahorramas.com/lacteos/?pmin=0.01&start=0&sz=18,lacteos
ahorramas,"Leche Asturiana 0,0% MG 1l desnatada","leche asturiana 0,0% mg 1l desnatada",1.09,https://www.ahorramas.com/lacteos/?pmin=0.01&start=0&sz=18,lacteos
ahorramas,"Leche Asturiana 2,2l entera","leche asturiana 2,2l entera",2.65,https://www.ahorramas.com/lacteos/?pmin=0.01&start=0&sz=18,lacteos
ahorramas,Leche Pascual 1l desnatada,leche pascual 1l desnatada,1.25,https://www.ahorramas.com/lacteos/?pmin=0.01&start=0&sz=18,lacteos
ahorramas,Yogur estilo griego Oikos pack 4 natural,yogur estilo griego oikos pack 4 natural,2.79,https://www.ahorramas.com/lacteos/?pmin=0.01&start=0&sz=18,lacteos
ahorramas,Horchata 0% azúcar Chufi 1l,horchata 0% azucar chufi 1l,1.69,https://www.ahorramas.com/lacteos/?pmin=0.01&start=0&sz=18,lacteos
ahorramas,Zumo tropical con leche Bifrutas Pascual pack 6,zumo tropical con leche bifrutas pascual pack 6,2.52,https://www.ahorramas.com/lacteos/?pmin=0.01&start=0&sz=18,lacteos
ahorramas,Fruta con leche mediterráneo Alipende 1l,fruta con leche mediterraneo alipende 1l,0.95,https://www.ahorramas.com/lacteos/?pmin=0.01&start=0&sz=18,lacteos
ahorramas,Yogur estilo griego Fageda pack 4,yogur estilo griego fageda pack 4,2.39,https://www.ahorramas.com/lacteos/?pmin=0.01&start=0&sz=18,lacteos
ahorramas,Leche fermentada sin lactosa Alipende pack 4 125g natural,leche fermentada sin lactosa alipende pack 4 125g natural,1.37,https://www.ahorramas.com/lacteos/?pmin=0.01&start=0&sz=18,lacteos
ahorramas,Gelatina Alipende Pack 6 Sabores,gelatina alipende pack 6 sabores,1.00,https://www.ahorramas.com/lacteos/?pmin=0.01&start=0&sz=18,lacteos
ahorramas,Leche entera Clesa Biennatur 6x200ml,leche entera clesa biennatur 6x200ml,1.66,https://www.ahorramas.com/lacteos/?pmin=0.01&start=0&sz=18,lacteos
ahorramas,Postre La Lechera pack 2 unidades delicias de toffe,postre la lechera pack 2 unidades delicias de toffe,1.45,https://www.ahorramas.com/lacteos/?pmin=0.01&start=0&sz=18,lacteos
ahorramas,Natillas Danet pack 4 vainilla,natillas danet pack 4 vainilla,1.99,https://www.ahorramas.com/lacteos/?pmin=0.01&start=0&sz=18,lacteos
ahorramas,Gelatina light Alipende Pack 6 Sabores,gelatina light alipende pack 6 sabores,1.00,https://www.ahorramas.com/lacteos/?pmin=0.01&start=0&sz=18,lacteos
ahorramas,Mantequilla Arias 235g fácil untar,mantequilla arias 235g facil untar,3.99,https://www.ahorramas.com/lacteos/?pmin=0.01&start=0&sz=18,lacteos
ahorramas,Nata cocina brik Alipende 500 ml,nata cocina brik alipende 500 ml,1.45,https://www.ahorramas.com/lacteos/?pmin=0.01&start=0&sz=18,lacteos
ahorramas,Mantequilla pastilla Asturiana 125gr Tradicional,mantequilla pastilla asturiana 125gr tradicional,1.60,https://www.ahorramas.com/lacteos/?pmin=0.01&start=0&sz=18,lacteos
ahorramas,Yogur estilo griego Alipende pack 4 fresa,yogur estilo griego alipende pack 4 fresa,1.61,https://www.ahorramas.com/lacteos/?pmin=0.01&start=0&sz=18,lacteos
ahorramas,Crema bombón Clesa pack 4,crema bombon clesa pack 4,1.39,https://www.ahorramas.com/lacteos/?pmin=0.01&start=0&sz=18,lacteos
ahorramas,Natillas Proteinas Danone Pack 4 Chocolate,natillas proteinas danone pack 4 chocolate,1.99,https://www.ahorramas.com/lacteos/?pmin=0.01&start=0&sz=18,lacteos
ahorramas,Yogur Danone pack 4 macedonia,yogur danone pack 4 macedonia,1.00,https://www.ahorramas.com/lacteos/?pmin=0.01&start=0&sz=18,lacteos
ahorramas,Yopro proteína Danone pack 4 sabor vainilla,yopro proteina danone pack 4 sabor vainilla,2.99,https://www.ahorramas.com/lacteos/?pmin=0.01&start=0&sz=18,lacteos
ahorramas,Bebida láctea Danacol colesterol pack 12 natural,bebida lactea danacol colesterol pack 12 natural,6.99,https://www.ahorramas.com/lacteos/?pmin=0.01&start=0&sz=18,lacteos
ahorramas,Natillas sabor vainilla Alipende pack 4,natillas sabor vainilla alipende pack 4,1.05,https://www.ahorramas.com/lacteos/?pmin=0.01&start=0&sz=18,lacteos
ahorramas,Leche sin lactosa Pascual 1l entera,leche sin lactosa pascual 1l entera,1.40,https://www.ahorramas.com/lacteos/?pmin=0.01&start=0&sz=18,lacteos
ahorramas,Leche Puleva calcio 1l desnatada,leche puleva calcio 1l desnatada,1.59,https://www.ahorramas.com/lacteos/?pmin=0.01&start=0&sz=18,lacteos
ahorramas,Alpro Avena sin azúcar 1L,alpro avena sin azucar 1l,1.99,https://www.ahorramas.com/lacteos/?pmin=0.01&start=0&sz=18,lacteos
ahorramas,Bebida arroz Alipende 1 litro,bebida arroz alipende 1 litro,1.10,https://www.ahorramas.com/lacteos/?pmin=0.01&start=0&sz=18,lacteos
ahorramas,Leche sin lactosa Asturiana 1L suprema desnatada,leche sin lactosa asturiana 1l suprema desnatada,1.54,https://www.ahorramas.com/lacteos/?pmin=0.01&start=0&sz=18,lacteos
ahorramas,Bebida De Avena Oatly 1L,bebida de avena oatly 1l,2.62,https://www.ahorramas.com/lacteos/?pmin=0.01&start=0&sz=18,lacteos
ahorramas,Yogur líquido proteínas Yopro 300g fresa frambuesa,yogur liquido proteinas yopro 300g fresa frambuesa,2.39,https://www.ahorramas.com/lacteos/?pmin=0.01&start=0&sz=18,lacteos
ahorramas,Bebida láctea Puleva omega3 1l nueces,bebida lactea puleva omega3 1l nueces,1.69,https://www.ahorramas.com/lacteos/?pmin=0.01&start=0&sz=18,lacteos
ahorramas,Kéfir fresa y granada 350 g,kefir fresa y granada 350 g,2.00,https://www.ahorramas.com/lacteos/?pmin=0.01&start=0&sz=18,lacteos
ahorramas,Yogur líquido proteínas Yopro 300g stracciatella,yogur liquido proteinas yopro 300g stracciatella,2.39,https://www.ahorramas.com/lacteos/?pmin=0.01&start=0&sz=18,lacteos
ahorramas,Leche sin lactosa Asturiana 1l entera,leche sin lactosa asturiana 1l entera,1.35,https://www.ahorramas.com/lacteos/?pmin=0.01&start=0&sz=18,lacteos
ahorramas,Yogur natural Danone pack 4,yogur natural danone pack 4,1.00,https://www.ahorramas.com/lacteos/?pmin=0.01&start=0&sz=18,lacteos
ahorramas,Petit Danonino pack 6 fresa,petit danonino pack 6 fresa,1.29,https://www.ahorramas.com/lacteos/?pmin=0.01&start=0&sz=18,lacteos
ahorramas,Petit líquido Alipende pack 6 fresa y plátano,petit liquido alipende pack 6 fresa y platano,1.51,https://www.ahorramas.com/lacteos/?pmin=0.01&start=0&sz=18,lacteos
ahorramas,Postre de soja Alpro 400g mango,postre de soja alpro 400g mango,2.59,https://www.ahorramas.com/lacteos/?pmin=0.01&start=0&sz=18,lacteos
ahorramas,Yogur desnatado Vitalinea pack 4 natural,yogur desnatado vitalinea pack 4 natural,2.09,https://www.ahorramas.com/lacteos/?pmin=0.01&start=0&sz=18,lacteos
ahorramas,Mousse Nestlé gold pack 4 láminas chocolate,mousse nestle gold pack 4 laminas chocolate,2.49,https://www.ahorramas.com/lacteos/?pmin=0.01&start=0&sz=18,lacteos
ahorramas,Materia grasa vegetal para untar Flora 400g,materia grasa vegetal para untar flora 400g,2.49,https://www.ahorramas.com/lacteos/?pmin=0.01&start=0&sz=18,lacteos
ahorramas,Petit Nestlé pack 6 nesquik,petit nestle pack 6 nesquik,1.85,https://www.ahorramas.com/lacteos/?pmin=0.01&start=0&sz=18,lacteos
ahorramas,Bífidus Alipende sin azúcar añadido pack 4 frutas del bosque,bifidus alipende sin azucar anadido pack 4 frutas del bosque,1.25,https://www.ahorramas.com/lacteos/?pmin=0.01&start=0&sz=18,lacteos
ahorramas,Yopro proteína Danone pack 4 con arandanos,yopro proteina danone pack 4 con arandanos,2.99,https://www.ahorramas.com/lacteos/?pmin=0.01&start=0&sz=18,lacteos
ahorramas,Leche Río 1l desnatada,leche rio 1l desnatada,0.96,https://www.ahorramas.com/lacteos/?pmin=0.01&start=0&sz=18,lacteos
ahorramas,Bebida de avena Vivesoy 1l,bebida de avena vivesoy 1l,1.90,https://www.ahorramas.com/lacteos/?pmin=0.01&start=0&sz=18,lacteos
ahorramas,Bífidus Activia pack 8 natural,bifidus activia pack 8 natural,3.49,https://www.ahorramas.com/lacteos/?pmin=0.01&start=0&sz=18,lacteos
ahorramas,Yogur líquido Alipende 1kg piña coco,yogur liquido alipende 1kg pina coco,1.19,https://www.ahorramas.com/lacteos/?pmin=0.01&start=0&sz=18,lacteos
ahorramas,Bebida láctea Danacol colesterol pack 6 fresa,bebida lactea danacol colesterol pack 6 fresa,4.39,https://www.ahorramas.com/lacteos/?pmin=0.01&start=0&sz=18,lacteos
ahorramas,Yogur Griego Danone Pack 4 Manzana Y Canela,yogur griego danone pack 4 manzana y canela,1.59,https://www.ahorramas.com/lacteos/?pmin=0.01&start=0&sz=18,lacteos
ahorramas,Mantequilla Asturiana 250g,mantequilla asturiana 250g,3.75,https://www.ahorramas.com/lacteos/?pmin=0.01&start=0&sz=18,lacteos
ahorramas,Mantequilla ligera sin lactosa Asturiana 250g,mantequilla ligera sin lactosa asturiana 250g,3.85,https://www.ahorramas.com/lacteos/?pmin=0.01&start=0&sz=18,lacteos
ahorramas,L Casei Alipende pack 12 sabores,l casei alipende pack 12 sabores,2.25,https://www.ahorramas.com/lacteos/?pmin=0.01&start=0&sz=18,lacteos
ahorramas,Bífidus probiótico Activia 0% pack 4 frutos rojos,bifidus probiotico activia 0% pack 4 frutos rojos,2.89,https://www.ahorramas.com/lacteos/?pmin=0.01&start=0&sz=18,lacteos
ahorramas,Yogur proteínas Danone pack 4 fresa,yogur proteinas danone pack 4 fresa,1.89,https://www.ahorramas.com/lacteos/?pmin=0.01&start=0&sz=18,lacteos
ahorramas,Horchata fresca Xufatopia 750 ml,horchata fresca xufatopia 750 ml,2.25,https://www.ahorramas.com/lacteos/?pmin=0.01&start=0&sz=18,lacteos
ahorramas,Yogur Danone pack 8 fresa coco macedonia frutos bosque,yogur danone pack 8 fresa coco macedonia frutos bosque,1.99,https://www.ahorramas.com/lacteos/?pmin=0.01&start=0&sz=18,lacteos
ahorramas,Bífidus Activia fibra pack 4 avena y nueces,bifidus activia fibra pack 4 avena y nueces,2.89,https://www.ahorramas.com/lacteos/?pmin=0.01&start=0&sz=18,lacteos
ahorramas,Leche evaporada Asturiana 340g desnatada,leche evaporada asturiana 340g desnatada,1.40,https://www.ahorramas.com/lacteos/?pmin=0.01&start=0&sz=18,lacteos
ahorramas,Bífidus Alipende sin azúcar añadido pack 4 fresas,bifidus alipende sin azucar anadido pack 4 fresas,1.25,https://www.ahorramas.com/lacteos/?pmin=0.01&start=0&sz=18,lacteos
ahorramas,Postre Alpro Danone 400G Arándanos,postre alpro danone 400g arandanos,2.29,https://www.ahorramas.com/lacteos/?pmin=0.01&start=0&sz=18,lacteos
ahorramas,Mantequilla ligera Asturiana 250g,mantequilla ligera asturiana 250g,3.85,https://www.ahorramas.com/lacteos/?pmin=0.01&start=0&sz=18,lacteos
ahorramas,Mousse Danone pack 4 natural azucarado,mousse danone pack 4 natural azucarado,2.69,https://www.ahorramas.com/lacteos/?pmin=0.01&start=0&sz=18,lacteos
ahorramas,Flan Alipende pack 4 queso,flan alipende pack 4 queso,2.00,https://www.ahorramas.com/lacteos/?pmin=0.01&start=0&sz=18,lacteos
ahorramas,"Leche Asturiana 1,5l desnatada","leche asturiana 1,5l desnatada",1.65,https://www.ahorramas.com/lacteos/?pmin=0.01&start=0&sz=18,lacteos
ahorramas,Bebida láctea de café con leche light Alipende 240ml,bebida lactea de cafe con leche light alipende 240ml,0.75,https://www.ahorramas.com/lacteos/?pmin=0.01&start=0&sz=18,lacteos
ahorramas,Kéfir líquido Activia 320 gr mango,kefir liquido activia 320 gr mango,1.88,https://www.ahorramas.com/lacteos/?pmin=0.01&start=0&sz=18,lacteos
ahorramas,"Leche Asturiana 2,2l desnatada","leche asturiana 2,2l desnatada",2.33,https://www.ahorramas.com/lacteos/?pmin=0.01&start=0&sz=18,lacteos
ahorramas,Cuajada Alipende 140g oveja,cuajada alipende 140g oveja,1.35,https://www.ahorramas.com/lacteos/?pmin=0.01&start=0&sz=18,lacteos
ahorramas,Natillas proteicas Valio 180g chocolate,natillas proteicas valio 180g chocolate,1.75,https://www.ahorramas.com/lacteos/?pmin=0.01&start=0&sz=18,lacteos
ahorramas,Leche condensada Alipende bote 740g,leche condensada alipende bote 740g,2.67,https://www.ahorramas.com/lacteos/?pmin=0.01&start=0&sz=18,lacteos
ahorramas,Yogur de oveja Yaranza 140g natural,yogur de oveja yaranza 140g natural,1.28,https://www.ahorramas.com/lacteos/?pmin=0.01&start=0&sz=18,lacteos
ahorramas,Bebida de soja ligera Alpro 1l,bebida de soja ligera alpro 1l,1.99,https://www.ahorramas.com/lacteos/?pmin=0.01&start=0&sz=18,lacteos
ahorramas,Yogur líquido Alipende 1kg fresa,yogur liquido alipende 1kg fresa,1.19,https://www.ahorramas.com/lacteos/?pmin=0.01&start=0&sz=18,lacteos
ahorramas,Kéfir liquido Alipende 500gr mango,kefir liquido alipende 500gr mango,1.39,https://www.ahorramas.com/lacteos/?pmin=0.01&start=0&sz=18,lacteos
ahorramas,Bífidus Activia 0% pack 4 frutas mango,bifidus activia 0% pack 4 frutas mango,2.39,https://www.ahorramas.com/lacteos/?pmin=0.01&start=0&sz=18,lacteos
ahorramas,Panacotta con caramelo Alipende 4 uds 360g,panacotta con caramelo alipende 4 uds 360g,1.15,https://www.ahorramas.com/lacteos/?pmin=0.01&start=0&sz=18,lacteos
ahorramas,Fruta con leche tropical Alipende 1l,fruta con leche tropical alipende 1l,0.95,https://www.ahorramas.com/lacteos/?pmin=0.01&start=0&sz=18,lacteos
ahorramas,"Leche Pascual Entera 1,5l","leche pascual entera 1,5l",1.89,https://www.ahorramas.com/lacteos/?pmin=0.01&start=0&sz=18,lacteos
ahorramas,Bífidus Activia pack 8 azucarado,bifidus activia pack 8 azucarado,3.49,https://www.ahorramas.com/lacteos/?pmin=0.01&start=0&sz=18,lacteos
ahorramas,Postre Alpro Danone 400G Lima&Limón,postre alpro danone 400g lima&limon,2.29,https://www.ahorramas.com/lacteos/?pmin=0.01&start=0&sz=18,lacteos
ahorramas,Nata para cocinar Asturiana 500ml,nata para cocinar asturiana 500ml,2.75,https://www.ahorramas.com/lacteos/?pmin=0.01&start=0&sz=18,lacteos
ahorramas,Mantequilla irlandesa Kerrygold 200g pastilla sin sal,mantequilla irlandesa kerrygold 200g pastilla sin sal,4.49,https://www.ahorramas.com/lacteos/?pmin=0.01&start=0&sz=18,lacteos
ahorramas,Nata para montar Alipende pack 3,nata para montar alipende pack 3,2.20,https://www.ahorramas.com/lacteos/?pmin=0.01&start=0&sz=18,lacteos
ahorramas,Yogur cabra Granja Rinya Pack 2 Natural,yogur cabra granja rinya pack 2 natural,1.89,https://www.ahorramas.com/lacteos/?pmin=0.01&start=0&sz=18,lacteos
ahorramas,Batido Cola-Cao Energy 3+1 Gratis,batido cola-cao energy 3+1 gratis,1.99,https://www.ahorramas.com/lacteos/?pmin=0.01&start=0&sz=18,lacteos
ahorramas,Bebida láctea Alipende 1l omega3,bebida lactea alipende 1l omega3,1.10,https://www.ahorramas.com/lacteos/?pmin=0.01&start=0&sz=18,lacteos
ahorramas,Yogur colado 0% M.G. Fage 500 gr,yogur colado 0% m.g. fage 500 gr,2.99,https://www.ahorramas.com/lacteos/?pmin=0.01&start=0&sz=18,lacteos
ahorramas,Leche fermentada sin lactosa Alipende pack 4 125g fresa,leche fermentada sin lactosa alipende pack 4 125g fresa,1.47,https://www.ahorramas.com/lacteos/?pmin=0.01&start=0&sz=18,lacteos
ahorramas,Bífidus probiótico Activia 0% pack 4 piña,bifidus probiotico activia 0% pack 4 pina,2.89,https://www.ahorramas.com/lacteos/?pmin=0.01&start=0&sz=18,lacteos
ahorramas,Bífidus Activia 0% pack 4 vainilla,bifidus activia 0% pack 4 vainilla,2.39,https://www.ahorramas.com/lacteos/?pmin=0.01&start=0&sz=18,lacteos
ahorramas,Bífidus probiótico Activia 0% pack 4 ciruelas,bifidus probiotico activia 0% pack 4 ciruelas,2.89,https://www.ahorramas.com/lacteos/?pmin=0.01&start=0&sz=18,lacteos
ahorramas,Dulce de leche La Lechera 450g sirve fácil,dulce de leche la lechera 450g sirve facil,3.99,https://www.ahorramas.com/lacteos/?pmin=0.01&start=0&sz=18,lacteos
ahorramas,Bífidus Activia cremoso pack 4 lima limón,bifidus activia cremoso pack 4 lima limon,2.39,https://www.ahorramas.com/lacteos/?pmin=0.01&start=0&sz=18,lacteos
ahorramas,Yogur estilo griego Alipende pack 4 manzana y canela,yogur estilo griego alipende pack 4 manzana y canela,1.61,https://www.ahorramas.com/lacteos/?pmin=0.01&start=0&sz=18,lacteos
ahorramas,Actimel 0% MG pack 12 natural,actimel 0% mg pack 12 natural,5.79,https://www.ahorramas.com/lacteos/?pmin=0.01&start=0&sz=18,lacteos
ahorramas,Yogur Alipende pack 2 con bolitas de chocolate,yogur alipende pack 2 con bolitas de chocolate,1.13,https://www.ahorramas.com/lacteos/?pmin=0.01&start=0&sz=18,lacteos
ahorramas,Bebida láctea Puleva omega3 1l,bebida lactea puleva omega3 1l,1.69,https://www.ahorramas.com/lacteos/?pmin=0.01&start=0&sz=18,lacteos
ahorramas,Café latte capuccino Nescafé 205ml,cafe latte capuccino nescafe 205ml,1.29,https://www.ahorramas.com/lacteos/?pmin=0.01&start=0&sz=18,lacteos
ahorramas,Kéfir bífidus bebible sabor arándanos Danone Activia 320g,kefir bifidus bebible sabor arandanos danone activia 320g,1.89,https://www.ahorramas.com/lacteos/?pmin=0.01&start=0&sz=18,lacteos
ahorramas,Bebida De Soja Light Alipende 1L,bebida de soja light alipende 1l,0.75,https://www.ahorramas.com/lacteos/?pmin=0.01&start=0&sz=18,lacteos
ahorramas,Horchata Fresca Xufatopía 250 ml,horchata fresca xufatopia 250 ml,0.99,https://www.ahorramas.com/lacteos/?pmin=0.01&start=0&sz=18,lacteos
ahorramas,Copa de chocolate y nata Danone pack 2,copa de chocolate y nata danone pack 2,1.99,https://www.ahorramas.com/lacteos/?pmin=0.01&start=0&sz=18,lacteos
ahorramas,Yogur líquido proteina Danone 270 gr fresa,yogur liquido proteina danone 270 gr fresa,1.59,https://www.ahorramas.com/lacteos/?pmin=0.01&start=0&sz=18,lacteos
ahorramas,Batido Cacaolat Pack 4,batido cacaolat pack 4,2.99,https://www.ahorramas.com/lacteos/?pmin=0.01&start=0&sz=18,lacteos
ahorramas,Batido Alipende 1l fresa,batido alipende 1l fresa,1.20,https://www.ahorramas.com/lacteos/?pmin=0.01&start=0&sz=18,lacteos
ahorramas,Bífidus Activia cremoso pack 4 stracciatella,bifidus activia cremoso pack 4 stracciatella,2.39,https://www.ahorramas.com/lacteos/?pmin=0.01&start=0&sz=18,lacteos
ahorramas,Postre La Lechera pack 2 galleta maría,postre la lechera pack 2 galleta maria,1.45,https://www.ahorramas.com/lacteos/?pmin=0.01&start=0&sz=18,lacteos
ahorramas,Café capuccino Starbucks 220ml,cafe capuccino starbucks 220ml,1.69,https://www.ahorramas.com/lacteos/?pmin=0.01&start=0&sz=18,lacteos
ahorramas,Yogur estilo griego Oikos pack 4 stracciatella,yogur estilo griego oikos pack 4 stracciatella,2.89,https://www.ahorramas.com/lacteos/?pmin=0.01&start=0&sz=18,lacteos
ahorramas,Yogur Danone Pack 4 Galleta,yogur danone pack 4 galleta,1.00,https://www.ahorramas.com/lacteos/?pmin=0.01&start=0&sz=18,lacteos
ahorramas,Yogur artesanal de vacas de pasto Pastoret 500g natural,yogur artesanal de vacas de pasto pastoret 500g natural,2.51,https://www.ahorramas.com/lacteos/?pmin=0.01&start=0&sz=18,lacteos
ahorramas,Yogur Sin Gluten Danone Pack 4 Frutos Rojos,yogur sin gluten danone pack 4 frutos rojos,1.00,https://www.ahorramas.com/lacteos/?pmin=0.01&start=0&sz=18,lacteos
ahorramas,Gelatina Light Alipende Pack 6 Fresa,gelatina light alipende pack 6 fresa,1.00,https://www.ahorramas.com/lacteos/?pmin=0.01&start=0&sz=18,lacteos
ahorramas,Yogur estilo griego Oikos pack 4 fresa,yogur estilo griego oikos pack 4 fresa,2.89,https://www.ahorramas.com/lacteos/?pmin=0.01&start=0&sz=18,lacteos
ahorramas,Yogur La Fageda Pack 4 Sabor Natural,yogur la fageda pack 4 sabor natural,1.88,https://www.ahorramas.com/lacteos/?pmin=0.01&start=0&sz=18,lacteos
ahorramas,Materia grasa oliva para untar Flora 225g,materia grasa oliva para untar flora 225g,1.69,https://www.ahorramas.com/lacteos/?pmin=0.01&start=0&sz=18,lacteos
ahorramas,Natillas proteínas Alipende 4 unidades Chocolate,natillas proteinas alipende 4 unidades chocolate,1.75,https://www.ahorramas.com/lacteos/?pmin=0.01&start=0&sz=18,lacteos
ahorramas,Yogur desnatado Alipende pack 4 natural 500g,yogur desnatado alipende pack 4 natural 500g,0.69,https://www.ahorramas.com/lacteos/?pmin=0.01&start=0&sz=18,lacteos
ahorramas,Batido Alipende pack 6 fresa 200ml,batido alipende pack 6 fresa 200ml,1.55,https://www.ahorramas.com/lacteos/?pmin=0.01&start=0&sz=18,lacteos
ahorramas,Zumo tropical con leche Don Simón pack 6 zero,zumo tropical con leche don simon pack 6 zero,1.50,https://www.ahorramas.com/lacteos/?pmin=0.01&start=0&sz=18,lacteos
ahorramas,Actimel 0% MG pack 6 natural,actimel 0% mg pack 6 natural,3.79,https://www.ahorramas.com/lacteos/?pmin=0.01&start=0&sz=18,lacteos
ahorramas,Zumo caribe con leche Don Simón pack 6 zero,zumo caribe con leche don simon pack 6 zero,1.50,https://www.ahorramas.com/lacteos/?pmin=0.01&start=0&sz=18,lacteos
ahorramas,Brick nata para cocinar Asturiana 200 ml,brick nata para cocinar asturiana 200 ml,1.65,https://www.ahorramas.com/lacteos/?pmin=0.01&start=0&sz=18,lacteos
ahorramas,Yogur proteínas Danone pack 4 stracciatella,yogur proteinas danone pack 4 stracciatella,1.89,https://www.ahorramas.com/lacteos/?pmin=0.01&start=0&sz=18,lacteos
ahorramas,Yogur desnatado Vitalinea cremoso pack 4 edulcorado,yogur desnatado vitalinea cremoso pack 4 edulcorado,2.49,https://www.ahorramas.com/lacteos/?pmin=0.01&start=0&sz=18,lacteos
ahorramas,Leche sin lactosa Pascual 200ml Pack 6 Semidesnatada,leche sin lactosa pascual 200ml pack 6 semidesnatada,2.89,https://www.ahorramas.com/lacteos/?pmin=0.01&start=0&sz=18,lacteos
ahorramas,Bebida de avena cremosa Alpro 1l,bebida de avena cremosa alpro 1l,1.99,https://www.ahorramas.com/lacteos/?pmin=0.01&start=0&sz=18,lacteos
ahorramas,Fruta con leche tropical Alipende pack 6,fruta con leche tropical alipende pack 6,1.20,https://www.ahorramas.com/lacteos/?pmin=0.01&start=0&sz=18,lacteos
ahorramas,Postre Alpro Danone 400G Avena,postre alpro danone 400g avena,2.29,https://www.ahorramas.com/lacteos/?pmin=0.01&start=0&sz=18,lacteos
ahorramas,Caffe latte Kaiku 230ml espresso con leche,caffe latte kaiku 230ml espresso con leche,1.39,https://www.ahorramas.com/lacteos/?pmin=0.01&start=0&sz=18,lacteos
ahorramas,Actimel pack 6 sabor fresa plátano,actimel pack 6 sabor fresa platano,3.39,https://www.ahorramas.com/lacteos/?pmin=0.01&start=0&sz=18,lacteos
ahorramas,Yogur Nestlé pack 2 fresa con Smarties,yogur nestle pack 2 fresa con smarties,1.75,https://www.ahorramas.com/lacteos/?pmin=0.01&start=0&sz=18,lacteos
ahorramas,Horchata de chufa Chufi Frappé en botella de 1L,horchata de chufa chufi frappe en botella de 1l,1.69,https://www.ahorramas.com/lacteos/?pmin=0.01&start=0&sz=18,lacteos
ahorramas,Yogur Danone pack 8 fresa limón macedonia galleta,yogur danone pack 8 fresa limon macedonia galleta,1.99,https://www.ahorramas.com/lacteos/?pmin=0.01&start=0&sz=18,lacteos
ahorramas,Yogur La Fageda Pack 4 Sabor Limón,yogur la fageda pack 4 sabor limon,1.88,https://www.ahorramas.com/lacteos/?pmin=0.01&start=0&sz=18,lacteos
ahorramas,Nata montada Chantilly spray 258g,nata montada chantilly spray 258g,1.75,https://www.ahorramas.com/lacteos/?pmin=0.01&start=0&sz=18,lacteos
ahorramas,Yogur estilo griego Alipende pack 4 plátano y caramelo,yogur estilo griego alipende pack 4 platano y caramelo,1.61,https://www.ahorramas.com/lacteos/?pmin=0.01&start=0&sz=18,lacteos
ahorramas,Yogur griego fresa 110g Pack 4,yogur griego fresa 110g pack 4,1.59,https://www.ahorramas.com/lacteos/?pmin=0.01&start=0&sz=18,lacteos
ahorramas,Postre Alpro Danone 400G Coco,postre alpro danone 400g coco,2.29,https://www.ahorramas.com/lacteos/?pmin=0.01&start=0&sz=18,lacteos
ahorramas,Arroz con leche Danone pack 2,arroz con leche danone pack 2,1.99,https://www.ahorramas.com/lacteos/?pmin=0.01&start=0&sz=18,lacteos
ahorramas,Materia grasa vegetal Pro-Activ para untar original,materia grasa vegetal pro-activ para untar original,3.09,https://www.ahorramas.com/lacteos/?pmin=0.01&start=0&sz=18,lacteos
ahorramas,Bífidus Activia cremoso pack 4 melocotón,bifidus activia cremoso pack 4 melocoton,2.39,https://www.ahorramas.com/lacteos/?pmin=0.01&start=0&sz=18,lacteos
ahorramas,Actimel pack 12 sabor fresa,actimel pack 12 sabor fresa,5.79,https://www.ahorramas.com/lacteos/?pmin=0.01&start=0&sz=18,lacteos
ahorramas,Bífidus Activia soja pack 4 mango y papaya,bifidus activia soja pack 4 mango y papaya,2.89,https://www.ahorramas.com/lacteos/?pmin=0.01&start=0&sz=18,lacteos
ahorramas,Batido Pascual 200ml pack 6 chocolate,batido pascual 200ml pack 6 chocolate,2.53,https://www.ahorramas.com/lacteos/?pmin=0.01&start=0&sz=18,lacteos
ahorramas,Bífidus Alipende sin azúcar añadido pack 4 manzana y pera,bifidus alipende sin azucar anadido pack 4 manzana y pera,1.25,https://www.ahorramas.com/lacteos/?pmin=0.01&start=0&sz=18,lacteos
ahorramas,Batido Puleva 200ml pack 6 cacao,batido puleva 200ml pack 6 cacao,2.79,https://www.ahorramas.com/lacteos/?pmin=0.01&start=0&sz=18,lacteos
ahorramas,Fruta con leche mediterráneo Alipende pack 6,fruta con leche mediterraneo alipende pack 6,1.20,https://www.ahorramas.com/lacteos/?pmin=0.01&start=0&sz=18,lacteos
ahorramas,"Leche fresca sin lactosa El Torrejón 1,5l semidesnatada","leche fresca sin lactosa el torrejon 1,5l semidesnatada",1.63,https://www.ahorramas.com/lacteos/?pmin=0.01&start=0&sz=18,lacteos
ahorramas,Leche condensada Benestare 450 gr,leche condensada benestare 450 gr,2.60,https://www.ahorramas.com/lacteos/?pmin=0.01&start=0&sz=18,lacteos
ahorramas,Yogur proteínas Yopro chocolate,yogur proteinas yopro chocolate,1.49,https://www.ahorramas.com/lacteos/?pmin=0.01&start=0&sz=18,lacteos
ahorramas,Flanes surtidos Reina pack 6,flanes surtidos reina pack 6,3.60,https://www.ahorramas.com/lacteos/?pmin=0.01&start=0&sz=18,lacteos
ahorramas,Bífidus probiótico Activia 0% pack 4 lima limón,bifidus probiotico activia 0% pack 4 lima limon,2.89,https://www.ahorramas.com/lacteos/?pmin=0.01&start=0&sz=18,lacteos
ahorramas,Bífidus Alipende sin azúcar pack 8 fresa piña f bosque higo,bifidus alipende sin azucar pack 8 fresa pina f bosque higo,2.44,https://www.ahorramas.com/lacteos/?pmin=0.01&start=0&sz=18,lacteos
ahorramas,Flan de huevo Dhul pack 4 al baño maria,flan de huevo dhul pack 4 al bano maria,2.99,https://www.ahorramas.com/lacteos/?pmin=0.01&start=0&sz=18,lacteos
ahorramas,Cuajada Danone pack 2,cuajada danone pack 2,1.49,https://www.ahorramas.com/lacteos/?pmin=0.01&start=0&sz=18,lacteos
ahorramas,Yogur Alpro 350g coconut,yogur alpro 350g coconut,2.45,https://www.ahorramas.com/lacteos/?pmin=0.01&start=0&sz=18,lacteos
ahorramas,Bífidus Alipende sin azúcar añadido pack 4 muesli y cereales,bifidus alipende sin azucar anadido pack 4 muesli y cereales,1.25,https://www.ahorramas.com/lacteos/?pmin=0.01&start=0&sz=18,lacteos
ahorramas,Nata para montar Asturiana 500ml,nata para montar asturiana 500ml,2.85,https://www.ahorramas.com/lacteos/?pmin=0.01&start=0&sz=18,lacteos
ahorramas,Postre Alpro 400g frutos rojos y dátiles,postre alpro 400g frutos rojos y datiles,2.59,https://www.ahorramas.com/lacteos/?pmin=0.01&start=0&sz=18,lacteos
ahorramas,Yopro Proteína Danone Pack 4 Stracciatella,yopro proteina danone pack 4 stracciatella,3.11,https://www.ahorramas.com/lacteos/?pmin=0.01&start=0&sz=18,lacteos
ahorramas,Leche condensada La Lechera 450g desnatada sirve fácil,leche condensada la lechera 450g desnatada sirve facil,3.55,https://www.ahorramas.com/lacteos/?pmin=0.01&start=0&sz=18,lacteos
ahorramas,Yogur Alipende pack 8 fresa plátano,yogur alipende pack 8 fresa platano,1.51,https://www.ahorramas.com/lacteos/?pmin=0.01&start=0&sz=18,lacteos
ahorramas,Bífidus Alipende sin azúcar añadido pack 4 melocotón y piña,bifidus alipende sin azucar anadido pack 4 melocoton y pina,1.25,https://www.ahorramas.com/lacteos/?pmin=0.01&start=0&sz=18,lacteos
ahorramas,Yopro Proteína Danone Pack 4 Sabor Fresa,yopro proteina danone pack 4 sabor fresa,2.99,https://www.ahorramas.com/lacteos/?pmin=0.01&start=0&sz=18,lacteos
ahorramas,Horchata Chufa Mercader 200 ml Pack de 3,horchata chufa mercader 200 ml pack de 3,1.29,https://www.ahorramas.com/lacteos/?pmin=0.01&start=0&sz=18,lacteos
ahorramas,Bebida láctea cremosa lateado pascual 230ml café arábica,bebida lactea cremosa lateado pascual 230ml cafe arabica,1.49,https://www.ahorramas.com/lacteos/?pmin=0.01&start=0&sz=18,lacteos
ahorramas,Bebida láctea sin lactosa Puleva 1l omega3,bebida lactea sin lactosa puleva 1l omega3,1.69,https://www.ahorramas.com/lacteos/?pmin=0.01&start=0&sz=18,lacteos
ahorramas,Batido Milka shake 200ml,batido milka shake 200ml,1.57,https://www.ahorramas.com/lacteos/?pmin=0.01&start=0&sz=18,lacteos
ahorramas,"Bebida de soja ligera sin azúcar con aminoácidos, calcio y vitaminas D y B12 1L","bebida de soja ligera sin azucar con aminoacidos, calcio y vitaminas d y b12 1l",2.00,https://www.ahorramas.com/lacteos/?pmin=0.01&start=0&sz=18,lacteos
ahorramas,Leche Puleva calcio 1l semidesnatada,leche puleva calcio 1l semidesnatada,1.59,https://www.ahorramas.com/lacteos/?pmin=0.01&start=0&sz=18,lacteos
ahorramas,Caffe latte light Kaiku 230ml,caffe latte light kaiku 230ml,1.39,https://www.ahorramas.com/lacteos/?pmin=0.01&start=0&sz=18,lacteos
ahorramas,Mousse Alipende pack 4 chocolate,mousse alipende pack 4 chocolate,1.15,https://www.ahorramas.com/lacteos/?pmin=0.01&start=0&sz=18,lacteos
ahorramas,Postre Lindahls Nestlé 150g pro+ chocolate,postre lindahls nestle 150g pro+ chocolate,0.97,https://www.ahorramas.com/lacteos/?pmin=0.01&start=0&sz=18,lacteos
ahorramas,Leche eco Puleva 1l semidesnatada,leche eco puleva 1l semidesnatada,1.55,https://www.ahorramas.com/lacteos/?pmin=0.01&start=0&sz=18,lacteos
ahorramas,Yogur estilo griego Pastoret artesanal 500g,yogur estilo griego pastoret artesanal 500g,3.21,https://www.ahorramas.com/lacteos/?pmin=0.01&start=0&sz=18,lacteos
ahorramas,Leche en polvo Asturiana 1kg desnatada,leche en polvo asturiana 1kg desnatada,8.79,https://www.ahorramas.com/lacteos/?pmin=0.01&start=0&sz=18,lacteos
ahorramas,Leche Puleva calcio 1l entera,leche puleva calcio 1l entera,1.59,https://www.ahorramas.com/lacteos/?pmin=0.01&start=0&sz=18,lacteos
ahorramas,Bebida de chufa UHT 2.5% Mercader 1l,bebida de chufa uht 2.5% mercader 1l,1.55,https://www.ahorramas.com/lacteos/?pmin=0.01&start=0&sz=18,lacteos
ahorramas,Alimento infantil Hero Yogurín con plátano y fresa 100g,alimento infantil hero yogurin con platano y fresa 100g,1.00,https://www.ahorramas.com/lacteos/?pmin=0.01&start=0&sz=18,lacteos
ahorramas,Postre La Lechera pack 2 trufa,postre la lechera pack 2 trufa,1.45,https://www.ahorramas.com/lacteos/?pmin=0.01&start=0&sz=18,lacteos
ahorramas,Café con leche Starbucks 220ml seattle latte,cafe con leche starbucks 220ml seattle latte,1.69,https://www.ahorramas.com/lacteos/?pmin=0.01&start=0&sz=18,lacteos
ahorramas,Zumo mediterráneo con leche Bifrutas Pascual pack 6,zumo mediterraneo con leche bifrutas pascual pack 6,2.10,https://www.ahorramas.com/lacteos/?pmin=0.01&start=0&sz=18,lacteos
ahorramas,Caffe latte Kaiku 230ml vainilla,caffe latte kaiku 230ml vainilla,1.39,https://www.ahorramas.com/lacteos/?pmin=0.01&start=0&sz=18,lacteos
ahorramas,Mousse La Lechera pack 4 limón,mousse la lechera pack 4 limon,2.15,https://www.ahorramas.com/lacteos/?pmin=0.01&start=0&sz=18,lacteos
ahorramas,Cuajada Alipende pack 4 125g natural,cuajada alipende pack 4 125g natural,1.20,https://www.ahorramas.com/lacteos/?pmin=0.01&start=0&sz=18,lacteos
ahorramas,Zumo tropical con leche Bifrutas Pascual pack 3,zumo tropical con leche bifrutas pascual pack 3,2.52,https://www.ahorramas.com/lacteos/?pmin=0.01&start=0&sz=18,lacteos
ahorramas,Bebida láctea de café Alipende 237ml macchiato,bebida lactea de cafe alipende 237ml macchiato,0.75,https://www.ahorramas.com/lacteos/?pmin=0.01&start=0&sz=18,lacteos
ahorramas,"Bebida De Almendras UHT con calcio y vitaminas ""Zero""","bebida de almendras uht con calcio y vitaminas ""zero""",2.09,https://www.ahorramas.com/lacteos/?pmin=0.01&start=0&sz=18,lacteos
ahorramas,Bífidus Activia cremoso pack 4 coco,bifidus activia cremoso pack 4 coco,2.39,https://www.ahorramas.com/lacteos/?pmin=0.01&start=0&sz=18,lacteos
ahorramas,Mousse protein Valio 150g chocolate,mousse protein valio 150g chocolate,1.69,https://www.ahorramas.com/lacteos/?pmin=0.01&start=0&sz=18,lacteos
ahorramas,Bebida de avena Yosoy 1l,bebida de avena yosoy 1l,1.65,https://www.ahorramas.com/lacteos/?pmin=0.01&start=0&sz=18,lacteos
ahorramas,Leche evaporada Nestlé Ideal 525g parcialmente desnatada,leche evaporada nestle ideal 525g parcialmente desnatada,2.52,https://www.ahorramas.com/lacteos/?pmin=0.01&start=0&sz=18,lacteos
ahorramas,Leche cabra Puleva 1l semidesnatada,leche cabra puleva 1l semidesnatada,2.29,https://www.ahorramas.com/lacteos/?pmin=0.01&start=0&sz=18,lacteos
ahorramas,Horchata Mercader 1l,horchata mercader 1l,1.55,https://www.ahorramas.com/lacteos/?pmin=0.01&start=0&sz=18,lacteos
ahorramas,Leche eco Puleva 1l entera,leche eco puleva 1l entera,1.55,https://www.ahorramas.com/lacteos/?pmin=0.01&start=0&sz=18,lacteos
ahorramas,Yogur líquido Alipende 1kg melocotón maracuyá,yogur liquido alipende 1kg melocoton maracuya,1.19,https://www.ahorramas.com/lacteos/?pmin=0.01&start=0&sz=18,lacteos
ahorramas,Yogur líquido Alipende 1kg natural,yogur liquido alipende 1kg natural,1.19,https://www.ahorramas.com/lacteos/?pmin=0.01&start=0&sz=18,lacteos
ahorramas,Yogur La Lechera pack 2 con fresas,yogur la lechera pack 2 con fresas,1.29,https://www.ahorramas.com/lacteos/?pmin=0.01&start=0&sz=18,lacteos
ahorramas,Caffe latte Kaiku 370ml cappuccino,caffe latte kaiku 370ml cappuccino,1.99,https://www.ahorramas.com/lacteos/?pmin=0.01&start=0&sz=18,lacteos
ahorramas,Café latte Kaiku 230ml descafeinado,cafe latte kaiku 230ml descafeinado,1.39,https://www.ahorramas.com/lacteos/?pmin=0.01&start=0&sz=18,lacteos
ahorramas,Actimel 0% MG pack 6 sabor fresa,actimel 0% mg pack 6 sabor fresa,3.39,https://www.ahorramas.com/lacteos/?pmin=0.01&start=0&sz=18,lacteos
ahorramas,Yogur líquido desnatado Alipende 1kg lima limón,yogur liquido desnatado alipende 1kg lima limon,1.19,https://www.ahorramas.com/lacteos/?pmin=0.01&start=0&sz=18,lacteos
ahorramas,L Casei Actimel Danone pack 6 fresa,l casei actimel danone pack 6 fresa,3.39,https://www.ahorramas.com/lacteos/?pmin=0.01&start=0&sz=18,lacteos
ahorramas,Flan de huevo Dhul 0% pack 4,flan de huevo dhul 0% pack 4,2.99,https://www.ahorramas.com/lacteos/?pmin=0.01&start=0&sz=18,lacteos
ahorramas,Margarina ligera Alipende 250g oliva,margarina ligera alipende 250g oliva,1.40,https://www.ahorramas.com/lacteos/?pmin=0.01&start=0&sz=18,lacteos
ahorramas,Petit líquido Bebedino Danonino pack 4 fresa,petit liquido bebedino danonino pack 4 fresa,2.59,https://www.ahorramas.com/lacteos/?pmin=0.01&start=0&sz=18,lacteos
ahorramas,Yogur líquido Alipende pack 4 fresa plátano,yogur liquido alipende pack 4 fresa platano,1.65,https://www.ahorramas.com/lacteos/?pmin=0.01&start=0&sz=18,lacteos
ahorramas,Kéfir Pastoret 500g,kefir pastoret 500g,2.32,https://www.ahorramas.com/lacteos/?pmin=0.01&start=0&sz=18,lacteos
ahorramas,Nata montada azucarada Asturiana spray 250g +10%,nata montada azucarada asturiana spray 250g +10%,2.75,https://www.ahorramas.com/lacteos/?pmin=0.01&start=0&sz=18,lacteos
ahorramas,Materia grasa maíz para untar Artua 500g,materia grasa maiz para untar artua 500g,3.05,https://www.ahorramas.com/lacteos/?pmin=0.01&start=0&sz=18,lacteos
ahorramas,Yogur estilo griego Oikos pack 4 lima limón,yogur estilo griego oikos pack 4 lima limon,2.89,https://www.ahorramas.com/lacteos/?pmin=0.01&start=0&sz=18,lacteos
ahorramas,Yogur de proteina Danone Pack 4 Mango,yogur de proteina danone pack 4 mango,1.89,https://www.ahorramas.com/lacteos/?pmin=0.01&start=0&sz=18,lacteos
ahorramas,Tarta de queso Reina pack 4 con mermelada de fresa,tarta de queso reina pack 4 con mermelada de fresa,2.85,https://www.ahorramas.com/lacteos/?pmin=0.01&start=0&sz=18,lacteos
ahorramas,Postre Soja Alpro 400G Cereza,postre soja alpro 400g cereza,2.59,https://www.ahorramas.com/lacteos/?pmin=0.01&start=0&sz=18,lacteos
ahorramas,Kéfir liquido Activia 320 gr natural,kefir liquido activia 320 gr natural,1.88,https://www.ahorramas.com/lacteos/?pmin=0.01&start=0&sz=18,lacteos
ahorramas,Leche en polvo calcio Sveltesse 400g desnatada,leche en polvo calcio sveltesse 400g desnatada,6.00,https://www.ahorramas.com/lacteos/?pmin=0.01&start=0&sz=18,lacteos
ahorramas,Yogur Alipende 500g albaricoque y melocotón,yogur alipende 500g albaricoque y melocoton,1.20,https://www.ahorramas.com/lacteos/?pmin=0.01&start=0&sz=18,lacteos
ahorramas,Postre a base de soja Alipende pack 4 chocolate,postre a base de soja alipende pack 4 chocolate,1.55,https://www.ahorramas.com/lacteos/?pmin=0.01&start=0&sz=18,lacteos
ahorramas,Bebida láctea cremosa lateado Pascual 230ml cacao africano,bebida lactea cremosa lateado pascual 230ml cacao africano,1.49,https://www.ahorramas.com/lacteos/?pmin=0.01&start=0&sz=18,lacteos
ahorramas,Yogur sin lactosa Kaiku pack 4 natural,yogur sin lactosa kaiku pack 4 natural,1.90,https://www.ahorramas.com/lacteos/?pmin=0.01&start=0&sz=18,lacteos
ahorramas,Arroz con leche sin gluten Alipende pack 4,arroz con leche sin gluten alipende pack 4,1.35,https://www.ahorramas.com/lacteos/?pmin=0.01&start=0&sz=18,lacteos
ahorramas,Café Alipende 237ml espresso intenso,cafe alipende 237ml espresso intenso,0.75,https://www.ahorramas.com/lacteos/?pmin=0.01&start=0&sz=18,lacteos
ahorramas,Postre de soja Alpro 500g arándanos y frutos rojos,postre de soja alpro 500g arandanos y frutos rojos,2.79,https://www.ahorramas.com/lacteos/?pmin=0.01&start=0&sz=18,lacteos
ahorramas,Yogur estilo griego Danone pack 4 stracciatella,yogur estilo griego danone pack 4 stracciatella,1.59,https://www.ahorramas.com/lacteos/?pmin=0.01&start=0&sz=18,lacteos
ahorramas,L Casei Alipende pack 6 natural azucarado,l casei alipende pack 6 natural azucarado,1.18,https://www.ahorramas.com/lacteos/?pmin=0.01&start=0&sz=18,lacteos
ahorramas,Bebida láctea Alipende colesterol pack 8 natural,bebida lactea alipende colesterol pack 8 natural,2.50,https://www.ahorramas.com/lacteos/?pmin=0.01&start=0&sz=18,lacteos
ahorramas,Bífidus Activia fibra 0% pack 4 cereales,bifidus activia fibra 0% pack 4 cereales,2.89,https://www.ahorramas.com/lacteos/?pmin=0.01&start=0&sz=18,lacteos
ahorramas,Mantequilla Únicla lata premium 250 gr,mantequilla unicla lata premium 250 gr,4.39,https://www.ahorramas.com/lacteos/?pmin=0.01&start=0&sz=18,lacteos
ahorramas,Materia grasa vegetal para untar Pro-Activ 225gr sabor mantequilla,materia grasa vegetal para untar pro-activ 225gr sabor mantequilla,3.09,https://www.ahorramas.com/lacteos/?pmin=0.01&start=0&sz=18,lacteos
ahorramas,Leche condensada La Lechera 450g sirve fácil,leche condensada la lechera 450g sirve facil,3.55,https://www.ahorramas.com/lacteos/?pmin=0.01&start=0&sz=18,lacteos
ahorramas,Bífidus Alipende sin azúcar añadido pack 4 ciruelas y kiwi,bifidus alipende sin azucar anadido pack 4 ciruelas y kiwi,1.25,https://www.ahorramas.com/lacteos/?pmin=0.01&start=0&sz=18,lacteos
ahorramas,Postre Nestlé Yogolino plátano desde 6meses pack 4,postre nestle yogolino platano desde 6meses pack 4,2.79,https://www.ahorramas.com/lacteos/?pmin=0.01&start=0&sz=18,lacteos
ahorramas,Mantequilla Asturiana 500g,mantequilla asturiana 500g,6.45,https://www.ahorramas.com/lacteos/?pmin=0.01&start=0&sz=18,lacteos
ahorramas,Materia grasa con sal para untar Tulipán 400g,materia grasa con sal para untar tulipan 400g,2.59,https://www.ahorramas.com/lacteos/?pmin=0.01&start=0&sz=18,lacteos
ahorramas,Postre Soja Alpro 400G Manzana,postre soja alpro 400g manzana,2.59,https://www.ahorramas.com/lacteos/?pmin=0.01&start=0&sz=18,lacteos
ahorramas,Leche condensada La Lechera bote 740g,leche condensada la lechera bote 740g,3.95,https://www.ahorramas.com/lacteos/?pmin=0.01&start=0&sz=18,lacteos
ahorramas,Bífidus probiótico Activia 0% pack 4 kiwi,bifidus probiotico activia 0% pack 4 kiwi,2.89,https://www.ahorramas.com/lacteos/?pmin=0.01&start=0&sz=18,lacteos
ahorramas,"Bebida de avena, plátano y coco Vianature 750ml","bebida de avena, platano y coco vianature 750ml",2.49,https://www.ahorramas.com/lacteos/?pmin=0.01&start=0&sz=18,lacteos
ahorramas,Petit maxi Danonino pack 4 fresa,petit maxi danonino pack 4 fresa,2.19,https://www.ahorramas.com/lacteos/?pmin=0.01&start=0&sz=18,lacteos
ahorramas,Yogur estilo griego Oikos pack 4 azucarado,yogur estilo griego oikos pack 4 azucarado,2.79,https://www.ahorramas.com/lacteos/?pmin=0.01&start=0&sz=18,lacteos
ahorramas,Bífidus Alipende sin azúcar añadido pack 4 natural edulcorado 125g,bifidus alipende sin azucar anadido pack 4 natural edulcorado 125g,0.80,https://www.ahorramas.com/lacteos/?pmin=0.01&start=0&sz=18,lacteos
ahorramas,Materia grasa vegetal para untar Ligeresa 250g,materia grasa vegetal para untar ligeresa 250g,1.79,https://www.ahorramas.com/lacteos/?pmin=0.01&start=0&sz=18,lacteos
ahorramas,Yogur Danone pack 8 azucarado,yogur danone pack 8 azucarado,1.99,https://www.ahorramas.com/lacteos/?pmin=0.01&start=0&sz=18,lacteos
ahorramas,Zumo fruta con leche Don Simon pack 6,zumo fruta con leche don simon pack 6,1.50,https://www.ahorramas.com/lacteos/?pmin=0.01&start=0&sz=18,lacteos
ahorramas,Bifidus activia probiotico zerooo Danone pack 4 con fresa,bifidus activia probiotico zerooo danone pack 4 con fresa,2.89,https://www.ahorramas.com/lacteos/?pmin=0.01&start=0&sz=18,lacteos
ahorramas,Plantequilla Tulipán sin sal 200g,plantequilla tulipan sin sal 200g,2.09,https://www.ahorramas.com/lacteos/?pmin=0.01&start=0&sz=18,lacteos
ahorramas,Bebida láctea Danacol colesterol pack 6 natural,bebida lactea danacol colesterol pack 6 natural,4.39,https://www.ahorramas.com/lacteos/?pmin=0.01&start=0&sz=18,lacteos
ahorramas,Yogur Alipende pack 8 fresa macedonia,yogur alipende pack 8 fresa macedonia,1.51,https://www.ahorramas.com/lacteos/?pmin=0.01&start=0&sz=18,lacteos
ahorramas,"Bífidus Activia avena, manzana y nueces 115g","bifidus activia avena, manzana y nueces 115g",2.89,https://www.ahorramas.com/lacteos/?pmin=0.01&start=0&sz=18,lacteos
ahorramas,Natillas de huevo Alipende pack 2 con caramelo,natillas de huevo alipende pack 2 con caramelo,1.51,https://www.ahorramas.com/lacteos/?pmin=0.01&start=0&sz=18,lacteos
ahorramas,Leche Fresca Alipende Botella 1L Semidesnatada,leche fresca alipende botella 1l semidesnatada,1.06,https://www.ahorramas.com/lacteos/?pmin=0.01&start=0&sz=18,lacteos
ahorramas,Batido Oreo 200ml toppings con 91% de leche,batido oreo 200ml toppings con 91% de leche,1.39,https://www.ahorramas.com/lacteos/?pmin=0.01&start=0&sz=18,lacteos
ahorramas,Actimel naranja multifrutas pack 6 100g x 6,actimel naranja multifrutas pack 6 100g x 6,3.39,https://www.ahorramas.com/lacteos/?pmin=0.01&start=0&sz=18,lacteos
ahorramas,Leche de coco Goya 400ml,leche de coco goya 400ml,2.50,https://www.ahorramas.com/lacteos/?pmin=0.01&start=0&sz=18,lacteos
ahorramas,Gelatina color mejillas-labios blush The Fruit Company,gelatina color mejillas-labios blush the fruit company,2.99,https://www.ahorramas.com/lacteos/?pmin=0.01&start=0&sz=18,lacteos
ahorramas,Postre Lindahls Nestlé 160g pro+ limón cookies,postre lindahls nestle 160g pro+ limon cookies,0.94,https://www.ahorramas.com/lacteos/?pmin=0.01&start=0&sz=18,lacteos
ahorramas,Yogur colado griego Fage 5%M.G 500 gr,yogur colado griego fage 5%m.g 500 gr,2.99,https://www.ahorramas.com/lacteos/?pmin=0.01&start=0&sz=18,lacteos
ahorramas,Caffe Latte Kaiku 370 ml proteina,caffe latte kaiku 370 ml proteina,1.99,https://www.ahorramas.com/lacteos/?pmin=0.01&start=0&sz=18,lacteos
ahorramas,Actimel pack 6 sabor multifruta,actimel pack 6 sabor multifruta,3.39,https://www.ahorramas.com/lacteos/?pmin=0.01&start=0&sz=18,lacteos
ahorramas,Kaiku Caffe Latte Light MR BIG 370 ml,kaiku caffe latte light mr big 370 ml,1.99,https://www.ahorramas.com/lacteos/?pmin=0.01&start=0&sz=18,lacteos
ahorramas,Café latte con cookies Nescafé 205ml,cafe latte con cookies nescafe 205ml,1.29,https://www.ahorramas.com/lacteos/?pmin=0.01&start=0&sz=18,lacteos
ahorramas,Zumo tropical con leche Bifrutas Pascual 1l,zumo tropical con leche bifrutas pascual 1l,2.10,https://www.ahorramas.com/lacteos/?pmin=0.01&start=0&sz=18,lacteos
ahorramas,Pouch Nestlé 4 frutas desde 4meses pack 4,pouch nestle 4 frutas desde 4meses pack 4,3.59,https://www.ahorramas.com/lacteos/?pmin=0.01&start=0&sz=18,lacteos
ahorramas,Bebida de almendras Alpro 1l,bebida de almendras alpro 1l,2.09,https://www.ahorramas.com/lacteos/?pmin=0.01&start=0&sz=18,lacteos
ahorramas,Café con leche aroma caramelo Starbucks 220ml,cafe con leche aroma caramelo starbucks 220ml,1.69,https://www.ahorramas.com/lacteos/?pmin=0.01&start=0&sz=18,lacteos
ahorramas,Petit Danonino para llevar pack 4 fresa,petit danonino para llevar pack 4 fresa,2.29,https://www.ahorramas.com/lacteos/?pmin=0.01&start=0&sz=18,lacteos
ahorramas,Bebida láctea sin lactosa Puleva 1l buenas noches,bebida lactea sin lactosa puleva 1l buenas noches,1.19,https://www.ahorramas.com/lacteos/?pmin=0.01&start=0&sz=18,lacteos
ahorramas,Actimel pack 6 natural,actimel pack 6 natural,3.39,https://www.ahorramas.com/lacteos/?pmin=0.01&start=0&sz=18,lacteos
ahorramas,Caffe latte Kaiku 230ml capuccino,caffe latte kaiku 230ml capuccino,1.39,https://www.ahorramas.com/lacteos/?pmin=0.01&start=0&sz=18,lacteos
ahorramas,Horchata de chufa Chufi Piña Colada en botella de 1L,horchata de chufa chufi pina colada en botella de 1l,1.69,https://www.ahorramas.com/lacteos/?pmin=0.01&start=0&sz=18,lacteos
ahorramas,Bebida sabor plátano Lindahls Nestlé 345g pro+,bebida sabor platano lindahls nestle 345g pro+,1.45,https://www.ahorramas.com/lacteos/?pmin=0.01&start=0&sz=18,lacteos
ahorramas,Yogur Bebible Danacol con sabor a Frutos Rojos 6x100g,yogur bebible danacol con sabor a frutos rojos 6x100g,4.39,https://www.ahorramas.com/lacteos/?pmin=0.01&start=0&sz=18,lacteos
ahorramas,Yogur La Lechera pack 2 con melocotón,yogur la lechera pack 2 con melocoton,1.45,https://www.ahorramas.com/lacteos/?pmin=0.01&start=0&sz=18,lacteos
ahorramas,Postre de soja Alpro pack 4 chocolate intenso,postre de soja alpro pack 4 chocolate intenso,2.79,https://www.ahorramas.com/lacteos/?pmin=0.01&start=0&sz=18,lacteos
ahorramas,Yogur Sin Gluten Danone Pack 4 Vainilla,yogur sin gluten danone pack 4 vainilla,1.00,https://www.ahorramas.com/lacteos/?pmin=0.01&start=0&sz=18,lacteos
ahorramas,Nata fresca Creme Fraiche 200ml,nata fresca creme fraiche 200ml,1.20,https://www.ahorramas.com/lacteos/?pmin=0.01&start=0&sz=18,lacteos
ahorramas,Bebida láctea Puleva max crecimiento desarrollo 1l,bebida lactea puleva max crecimiento desarrollo 1l,1.79,https://www.ahorramas.com/lacteos/?pmin=0.01&start=0&sz=18,lacteos
ahorramas,Actimel natural sin azúcares añadidos pack kids de 6x100g,actimel natural sin azucares anadidos pack kids de 6x100g,3.79,https://www.ahorramas.com/lacteos/?pmin=0.01&start=0&sz=18,lacteos
ahorramas,Batido pro Optimilk 330 ml sabor chocolate,batido pro optimilk 330 ml sabor chocolate,1.59,https://www.ahorramas.com/lacteos/?pmin=0.01&start=0&sz=18,lacteos
ahorramas,Arroz con leche sin gluten Los Caserinos 200g,arroz con leche sin gluten los caserinos 200g,1.99,https://www.ahorramas.com/lacteos/?pmin=0.01&start=0&sz=18,lacteos
ahorramas,Yogur desnatado Vitalinea pack 4 fresas,yogur desnatado vitalinea pack 4 fresas,2.09,https://www.ahorramas.com/lacteos/?pmin=0.01&start=0&sz=18,lacteos
ahorramas,Postre Nestlé Yogolino fresa desde 8meses pack 4,postre nestle yogolino fresa desde 8meses pack 4,2.79,https://www.ahorramas.com/lacteos/?pmin=0.01&start=0&sz=18,lacteos
ahorramas,Yogur proteína Skyr Alpro 400g fresa,yogur proteina skyr alpro 400g fresa,2.26,https://www.ahorramas.com/lacteos/?pmin=0.01&start=0&sz=18,lacteos
ahorramas,Leche fermentada sin lactosa Alipende pack 4 natural azucarado,leche fermentada sin lactosa alipende pack 4 natural azucarado,1.47,https://www.ahorramas.com/lacteos/?pmin=0.01&start=0&sz=18,lacteos
ahorramas,Bífidus Activia pack 4 fresa,bifidus activia pack 4 fresa,2.89,https://www.ahorramas.com/lacteos/?pmin=0.01&start=0&sz=18,lacteos
ahorramas,Bífidus probiótico Activia 0% pack 4 natural,bifidus probiotico activia 0% pack 4 natural,2.69,https://www.ahorramas.com/lacteos/?pmin=0.01&start=0&sz=18,lacteos
ahorramas,Batido pro Optimilk 330 ml sabor cafe,batido pro optimilk 330 ml sabor cafe,1.59,https://www.ahorramas.com/lacteos/?pmin=0.01&start=0&sz=18,lacteos
ahorramas,Petit maxi Danonino pack 4 fresa y plátano,petit maxi danonino pack 4 fresa y platano,2.19,https://www.ahorramas.com/lacteos/?pmin=0.01&start=0&sz=18,lacteos
ahorramas,Tocino de cielo sin gluten Reina 2 unidades,tocino de cielo sin gluten reina 2 unidades,1.65,https://www.ahorramas.com/lacteos/?pmin=0.01&start=0&sz=18,lacteos
ahorramas,Yogur extra proteina Reina pack 4 sabor stracciatella,yogur extra proteina reina pack 4 sabor stracciatella,1.47,https://www.ahorramas.com/lacteos/?pmin=0.01&start=0&sz=18,lacteos
ahorramas,Batido sin lactosa Puleva 200ml pack 6 chocolate,batido sin lactosa puleva 200ml pack 6 chocolate,2.99,https://www.ahorramas.com/lacteos/?pmin=0.01&start=0&sz=18,lacteos
ahorramas,Postre Alpro Danone 400G Vainilla,postre alpro danone 400g vainilla,2.29,https://www.ahorramas.com/lacteos/?pmin=0.01&start=0&sz=18,lacteos
ahorramas,Natillas La Colmenareña 140g vainilla,natillas la colmenarena 140g vainilla,1.79,https://www.ahorramas.com/lacteos/?pmin=0.01&start=0&sz=18,lacteos
ahorramas,Postre a base de soja Alipende pack 4 vainilla,postre a base de soja alipende pack 4 vainilla,1.45,https://www.ahorramas.com/lacteos/?pmin=0.01&start=0&sz=18,lacteos
ahorramas,Bebida láctea Alipende colesterol pack 8 fresa,bebida lactea alipende colesterol pack 8 fresa,2.50,https://www.ahorramas.com/lacteos/?pmin=0.01&start=0&sz=18,lacteos
ahorramas,Bebida láctea Puleva max crecimiento desarrollo 1l cereales,bebida lactea puleva max crecimiento desarrollo 1l cereales,1.89,https://www.ahorramas.com/lacteos/?pmin=0.01&start=0&sz=18,lacteos
ahorramas,Yogur desnatado Vitalinea pack 4 frutas del bosque,yogur desnatado vitalinea pack 4 frutas del bosque,2.09,https://www.ahorramas.com/lacteos/?pmin=0.01&start=0&sz=18,lacteos
ahorramas,Nata montada ligera en spray Asturiana 250 gr + 10%,nata montada ligera en spray asturiana 250 gr + 10%,2.75,https://www.ahorramas.com/lacteos/?pmin=0.01&start=0&sz=18,lacteos
ahorramas,Bebida de soja proteinas y chocolate Alpro 750 ml,bebida de soja proteinas y chocolate alpro 750 ml,2.19,https://www.ahorramas.com/lacteos/?pmin=0.01&start=0&sz=18,lacteos
ahorramas,Dulce de leche Mardel clásico 350g,dulce de leche mardel clasico 350g,2.59,https://www.ahorramas.com/lacteos/?pmin=0.01&start=0&sz=18,lacteos
ahorramas,Leche brick Opti+Plus Rio 1 l desnatada,leche brick opti+plus rio 1 l desnatada,1.31,https://www.ahorramas.com/lacteos/?pmin=0.01&start=0&sz=18,lacteos
ahorramas,Yogur artesano Pastoret 500gr Melocotón y maracuyá,yogur artesano pastoret 500gr melocoton y maracuya,2.79,https://www.ahorramas.com/lacteos/?pmin=0.01&start=0&sz=18,lacteos
ahorramas,Preparado lácteo Puleva Peques cereales cacao pack 3,preparado lacteo puleva peques cereales cacao pack 3,1.99,https://www.ahorramas.com/lacteos/?pmin=0.01&start=0&sz=18,lacteos
ahorramas,"Horchata de chufa Chufi Original en botella de 1,5 L.","horchata de chufa chufi original en botella de 1,5 l.",1.89,https://www.ahorramas.com/lacteos/?pmin=0.01&start=0&sz=18,lacteos
ahorramas,Skyr alto en Proteina Danone Pack 4 Natural,skyr alto en proteina danone pack 4 natural,2.49,https://www.ahorramas.com/lacteos/?pmin=0.01&start=0&sz=18,lacteos
ahorramas,Yogur extra proteina Reina pack 4 natural,yogur extra proteina reina pack 4 natural,1.28,https://www.ahorramas.com/lacteos/?pmin=0.01&start=0&sz=18,lacteos
ahorramas,Yogur Danone Duo 102 gr Choco Flakes,yogur danone duo 102 gr choco flakes,0.69,https://www.ahorramas.com/lacteos/?pmin=0.01&start=0&sz=18,lacteos
ahorramas,Chocolate líquido Valor 1l a la taza,chocolate liquido valor 1l a la taza,3.99,https://www.ahorramas.com/lacteos/?pmin=0.01&start=0&sz=18,lacteos
ahorramas,Chocolate sin gluten Valor 300g a la taza,chocolate sin gluten valor 300g a la taza,4.75,https://www.ahorramas.com/lacteos/?pmin=0.01&start=0&sz=18,lacteos
ahorramas,Bfidus Activia pack 4 frutas del bosque,bfidus activia pack 4 frutas del bosque,2.89,https://www.ahorramas.com/lacteos/?pmin=0.01&start=0&sz=18,lacteos
ahorramas,Nata para montar Asturiana 1l,nata para montar asturiana 1l,4.92,https://www.ahorramas.com/lacteos/?pmin=0.01&start=0&sz=18,lacteos
ahorramas,Leche sin lactosa Asturiana 1L suprema semidesnatada,leche sin lactosa asturiana 1l suprema semidesnatada,1.57,https://www.ahorramas.com/lacteos/?pmin=0.01&start=0&sz=18,lacteos
ahorramas,Bebida láctea cacao proteínas Margui 350g,bebida lactea cacao proteinas margui 350g,1.39,https://www.ahorramas.com/lacteos/?pmin=0.01&start=0&sz=18,lacteos
ahorramas,Flan de huevo La Colmenareña 220g al baño maría,flan de huevo la colmenarena 220g al bano maria,1.95,https://www.ahorramas.com/lacteos/?pmin=0.01&start=0&sz=18,lacteos
ahorramas,Bebida de avena 0% Yosoy 1l,bebida de avena 0% yosoy 1l,1.65,https://www.ahorramas.com/lacteos/?pmin=0.01&start=0&sz=18,lacteos
ahorramas,Bebida láctea Flora 1l semi folic b,bebida lactea flora 1l semi folic b,1.99,https://www.ahorramas.com/lacteos/?pmin=0.01&start=0&sz=18,lacteos
ahorramas,Crema catalana Reina pack 2 sin gluten,crema catalana reina pack 2 sin gluten,1.35,https://www.ahorramas.com/lacteos/?pmin=0.01&start=0&sz=18,lacteos
ahorramas,Flan Alipende pack 4 café,flan alipende pack 4 cafe,1.85,https://www.ahorramas.com/lacteos/?pmin=0.01&start=0&sz=18,lacteos
ahorramas,"Leche desnatada Pascual 1,5l","leche desnatada pascual 1,5l",1.75,https://www.ahorramas.com/lacteos/?pmin=0.01&start=0&sz=18,lacteos
ahorramas,Petit líquido sin gluten Alipende pack6 fresa,petit liquido sin gluten alipende pack6 fresa,1.51,https://www.ahorramas.com/lacteos/?pmin=0.01&start=0&sz=18,lacteos
ahorramas,Skyr Alto En Proteina Danone 480G Natural,skyr alto en proteina danone 480g natural,2.99,https://www.ahorramas.com/lacteos/?pmin=0.01&start=0&sz=18,lacteos
ahorramas,Yogur líquido proteina Danone 270 gr frutos del bosque,yogur liquido proteina danone 270 gr frutos del bosque,1.59,https://www.ahorramas.com/lacteos/?pmin=0.01&start=0&sz=18,lacteos
ahorramas,Bebida láctea Danacol colesterol pack 6 lima limón,bebida lactea danacol colesterol pack 6 lima limon,4.39,https://www.ahorramas.com/lacteos/?pmin=0.01&start=0&sz=18,lacteos
ahorramas,Bifidus activia probiotico zerooo Danone pack 4 natural,bifidus activia probiotico zerooo danone pack 4 natural,2.89,https://www.ahorramas.com/lacteos/?pmin=0.01&start=0&sz=18,lacteos
ahorramas,Nata cocina President 250ml textura espesa,nata cocina president 250ml textura espesa,1.95,https://www.ahorramas.com/lacteos/?pmin=0.01&start=0&sz=18,lacteos
ahorramas,Flan de queso La Colmenareña 220g,flan de queso la colmenarena 220g,2.49,https://www.ahorramas.com/lacteos/?pmin=0.01&start=0&sz=18,lacteos
ahorramas,Leche fresca La Colmenareña 1l entera,leche fresca la colmenarena 1l entera,1.55,https://www.ahorramas.com/lacteos/?pmin=0.01&start=0&sz=18,lacteos
ahorramas,Yogur líquido proteina Margui 400 gr Tropical,yogur liquido proteina margui 400 gr tropical,1.55,https://www.ahorramas.com/lacteos/?pmin=0.01&start=0&sz=18,lacteos
ahorramas,Bífidus Activia pack 4 natural,bifidus activia pack 4 natural,2.69,https://www.ahorramas.com/lacteos/?pmin=0.01&start=0&sz=18,lacteos
ahorramas,Bebida De Choco Avena Yosoy 1l,bebida de choco avena yosoy 1l,2.10,https://www.ahorramas.com/lacteos/?pmin=0.01&start=0&sz=18,lacteos
ahorramas,Leche fresca La Colmenareña 1l semidesnatada,leche fresca la colmenarena 1l semidesnatada,1.55,https://www.ahorramas.com/lacteos/?pmin=0.01&start=0&sz=18,lacteos
ahorramas,Bebida láctea vainilla proteínas Margui 350gr,bebida lactea vainilla proteinas margui 350gr,1.39,https://www.ahorramas.com/lacteos/?pmin=0.01&start=0&sz=18,lacteos
ahorramas,Pouch Pascual Yogikids fresa plátano pack 2 80g,pouch pascual yogikids fresa platano pack 2 80g,1.88,https://www.ahorramas.com/lacteos/?pmin=0.01&start=0&sz=18,lacteos
ahorramas,"Leche Río 1,5l desnatada brik","leche rio 1,5l desnatada brik",1.61,https://www.ahorramas.com/lacteos/?pmin=0.01&start=0&sz=18,lacteos
ahorramas,Bífidus probiótico Activia 0% pack 4 chia y almendras,bifidus probiotico activia 0% pack 4 chia y almendras,2.89,https://www.ahorramas.com/lacteos/?pmin=0.01&start=0&sz=18,lacteos
ahorramas,Natillas de vainilla Reina pack 4 con galleta sin azucar,natillas de vainilla reina pack 4 con galleta sin azucar,1.75,https://www.ahorramas.com/lacteos/?pmin=0.01&start=0&sz=18,lacteos
ahorramas,Batido ColaCao shake 200ml,batido colacao shake 200ml,1.69,https://www.ahorramas.com/lacteos/?pmin=0.01&start=0&sz=18,lacteos
ahorramas,Margarina maíz Alipende 500g,margarina maiz alipende 500g,1.65,https://www.ahorramas.com/lacteos/?pmin=0.01&start=0&sz=18,lacteos
ahorramas,Postre de soja Alipende pack 4 frutos rojos,postre de soja alipende pack 4 frutos rojos,1.55,https://www.ahorramas.com/lacteos/?pmin=0.01&start=0&sz=18,lacteos
ahorramas,Postre Nestlé Yogolino natural desde 6meses pack 4,postre nestle yogolino natural desde 6meses pack 4,2.79,https://www.ahorramas.com/lacteos/?pmin=0.01&start=0&sz=18,lacteos
ahorramas,Yogur Danone pack 2 natural,yogur danone pack 2 natural,1.99,https://www.ahorramas.com/lacteos/?pmin=0.01&start=0&sz=18,lacteos
ahorramas,Batido pro Optimilk 330 ml sabor vainilla,batido pro optimilk 330 ml sabor vainilla,1.59,https://www.ahorramas.com/lacteos/?pmin=0.01&start=0&sz=18,lacteos
ahorramas,Bebida láctea Danacol colesterol pack 6 tropical,bebida lactea danacol colesterol pack 6 tropical,4.39,https://www.ahorramas.com/lacteos/?pmin=0.01&start=0&sz=18,lacteos
ahorramas,Leche condensada Benestare 450 gr desnatada,leche condensada benestare 450 gr desnatada,2.60,https://www.ahorramas.com/lacteos/?pmin=0.01&start=0&sz=18,lacteos
ahorramas,Crema cocina vegatal Cucina 200gr,crema cocina vegatal cucina 200gr,1.10,https://www.ahorramas.com/lacteos/?pmin=0.01&start=0&sz=18,lacteos
ahorramas,Bebida de coco sin azúcar Alpro 1l,bebida de coco sin azucar alpro 1l,2.29,https://www.ahorramas.com/lacteos/?pmin=0.01&start=0&sz=18,lacteos
ahorramas,Bífidus probiótico Activia 0% pack 4 natural edulcorado,bifidus probiotico activia 0% pack 4 natural edulcorado,2.69,https://www.ahorramas.com/lacteos/?pmin=0.01&start=0&sz=18,lacteos
ahorramas,Yogur Alipende 500g fresa y frutas del bosque,yogur alipende 500g fresa y frutas del bosque,1.20,https://www.ahorramas.com/lacteos/?pmin=0.01&start=0&sz=18,lacteos
ahorramas,Leche condensada Alipende bote 370g,leche condensada alipende bote 370g,2.10,https://www.ahorramas.com/lacteos/?pmin=0.01&start=0&sz=18,lacteos
ahorramas,Preparado nata para montar Natafix Dr Oetker 3 uds,preparado nata para montar natafix dr oetker 3 uds,1.49,https://www.ahorramas.com/lacteos/?pmin=0.01&start=0&sz=18,lacteos
ahorramas,Cuajada La Colmenareña 140g oveja,cuajada la colmenarena 140g oveja,1.90,https://www.ahorramas.com/lacteos/?pmin=0.01&start=0&sz=18,lacteos
ahorramas,Yogur cremoso Danone duo 100gr con bolitas crunchy con chocolate,yogur cremoso danone duo 100gr con bolitas crunchy con chocolate,0.69,https://www.ahorramas.com/lacteos/?pmin=0.01&start=0&sz=18,lacteos
ahorramas,Yogur estilo griego Oikos pack 2 caramelo,yogur estilo griego oikos pack 2 caramelo,1.99,https://www.ahorramas.com/lacteos/?pmin=0.01&start=0&sz=18,lacteos
ahorramas,Soja para cocinar Alpro sin lactosa 250ml,soja para cocinar alpro sin lactosa 250ml,1.75,https://www.ahorramas.com/lacteos/?pmin=0.01&start=0&sz=18,lacteos
ahorramas,Bífidus Activia fibra 0% pack 4 muesli,bifidus activia fibra 0% pack 4 muesli,2.89,https://www.ahorramas.com/lacteos/?pmin=0.01&start=0&sz=18,lacteos
ahorramas,Yogur Yopro Danone 300G Mango,yogur yopro danone 300g mango,2.39,https://www.ahorramas.com/lacteos/?pmin=0.01&start=0&sz=18,lacteos
ahorramas,Yogur griego ligero Clesa 900gr natural,yogur griego ligero clesa 900gr natural,2.49,https://www.ahorramas.com/lacteos/?pmin=0.01&start=0&sz=18,lacteos
ahorramas,Yogur proteínas Yopro pack 2 plátano mantequilla cacahuete,yogur proteinas yopro pack 2 platano mantequilla cacahuete,2.59,https://www.ahorramas.com/lacteos/?pmin=0.01&start=0&sz=18,lacteos
ahorramas,Yogur Kaikucol Zero natural 12x65 ml,yogur kaikucol zero natural 12x65 ml,5.95,https://www.ahorramas.com/lacteos/?pmin=0.01&start=0&sz=18,lacteos
ahorramas,Cuajada Alipende pack 4 125g natural azucarado,cuajada alipende pack 4 125g natural azucarado,1.25,https://www.ahorramas.com/lacteos/?pmin=0.01&start=0&sz=18,lacteos
ahorramas,Yogur sin lactosa Kaiku pack 4 frambuesa,yogur sin lactosa kaiku pack 4 frambuesa,2.07,https://www.ahorramas.com/lacteos/?pmin=0.01&start=0&sz=18,lacteos
ahorramas,Flan proteínas Alipende 4 unidades huevo,flan proteinas alipende 4 unidades huevo,2.00,https://www.ahorramas.com/lacteos/?pmin=0.01&start=0&sz=18,lacteos
ahorramas,Yogur griego desnatado sin lactosa Kaiku ligero Stracciatella 4x90g,yogur griego desnatado sin lactosa kaiku ligero stracciatella 4x90g,2.49,https://www.ahorramas.com/lacteos/?pmin=0.01&start=0&sz=18,lacteos
ahorramas,Bifidus activia probiotico Zerooo Danone pack 4 con melocotón,bifidus activia probiotico zerooo danone pack 4 con melocoton,2.89,https://www.ahorramas.com/lacteos/?pmin=0.01&start=0&sz=18,lacteos
ahorramas,Bebida de almendras Vivesoy 1l,bebida de almendras vivesoy 1l,1.90,https://www.ahorramas.com/lacteos/?pmin=0.01&start=0&sz=18,lacteos
ahorramas,Mousse proteínas Alipende 2 unidades chocolate,mousse proteinas alipende 2 unidades chocolate,1.50,https://www.ahorramas.com/lacteos/?pmin=0.01&start=0&sz=18,lacteos
ahorramas,Mantequilla La Colmenareña 250g rulo,mantequilla la colmenarena 250g rulo,4.25,https://www.ahorramas.com/lacteos/?pmin=0.01&start=0&sz=18,lacteos
ahorramas,Leche pasteurizada La Colmenareña bolsa 1l,leche pasteurizada la colmenarena bolsa 1l,1.45,https://www.ahorramas.com/lacteos/?pmin=0.01&start=0&sz=18,lacteos
ahorramas,Chocolate Alipende 200g a la taza,chocolate alipende 200g a la taza,2.25,https://www.ahorramas.com/lacteos/?pmin=0.01&start=0&sz=18,lacteos
ahorramas,Yogur Alipende pack 8 coco macedonia galleta,yogur alipende pack 8 coco macedonia galleta,1.51,https://www.ahorramas.com/lacteos/?pmin=0.01&start=0&sz=18,lacteos
ahorramas,Cuajada Danone pack 2 natural azucarado,cuajada danone pack 2 natural azucarado,1.49,https://www.ahorramas.com/lacteos/?pmin=0.01&start=0&sz=18,lacteos
ahorramas,Bífidus Activia pack 4 mango,bifidus activia pack 4 mango,2.89,https://www.ahorramas.com/lacteos/?pmin=0.01&start=0&sz=18,lacteos
ahorramas,Yogur Líquido Proteina Margui 400gr Fresa,yogur liquido proteina margui 400gr fresa,1.55,https://www.ahorramas.com/lacteos/?pmin=0.01&start=0&sz=18,lacteos
ahorramas,Yogur desnatado Vitalinea pack 4 limón,yogur desnatado vitalinea pack 4 limon,2.09,https://www.ahorramas.com/lacteos/?pmin=0.01&start=0&sz=18,lacteos
ahorramas,Yogur Danone pack 8 fresa plátano macedonia tarta queso,yogur danone pack 8 fresa platano macedonia tarta queso,1.99,https://www.ahorramas.com/lacteos/?pmin=0.01&start=0&sz=18,lacteos
ahorramas,Bebida de avena sin azúcar añadido ViaNature 750 ml fresa y plátano,bebida de avena sin azucar anadido vianature 750 ml fresa y platano,2.49,https://www.ahorramas.com/lacteos/?pmin=0.01&start=0&sz=18,lacteos
ahorramas,Nata montada azucarada sin lactosa Asturiana spray 250g + 25g,nata montada azucarada sin lactosa asturiana spray 250g + 25g,2.75,https://www.ahorramas.com/lacteos/?pmin=0.01&start=0&sz=18,lacteos
ahorramas,Leche barista Asturiana 1l,leche barista asturiana 1l,1.49,https://www.ahorramas.com/lacteos/?pmin=0.01&start=0&sz=18,lacteos
ahorramas,Papel higiénico Lanta 12 rollos 3 capas perfumado,papel higienico lanta 12 rollos 3 capas perfumado,3.95,https://www.ahorramas.com/limpieza/?pmin=0.01&start=0&sz=18,limpieza
ahorramas,Desinfectante para el suelo y superficies Sanicentro 1.5l,desinfectante para el suelo y superficies sanicentro 1.5l,1.99,https://www.ahorramas.com/limpieza/?pmin=0.01&start=0&sz=18,limpieza
ahorramas,Papel de cocina en rollo Lanta 375 servicios multiusos,papel de cocina en rollo lanta 375 servicios multiusos,2.95,https://www.ahorramas.com/limpieza/?pmin=0.01&start=0&sz=18,limpieza
ahorramas,Papel higiénico húmedo Lanta 100 uds,papel higienico humedo lanta 100 uds,1.55,https://www.ahorramas.com/limpieza/?pmin=0.01&start=0&sz=18,limpieza
ahorramas,Lejía Lanta 2l higiene total,lejia lanta 2l higiene total,0.80,https://www.ahorramas.com/limpieza/?pmin=0.01&start=0&sz=18,limpieza
ahorramas,Papel higiénico Lanta 18 rollos doble longitud,papel higienico lanta 18 rollos doble longitud,6.70,https://www.ahorramas.com/limpieza/?pmin=0.01&start=0&sz=18,limpieza
ahorramas,Servilleta Lanta 200 uds,servilleta lanta 200 uds,1.25,https://www.ahorramas.com/limpieza/?pmin=0.01&start=0&sz=18,limpieza
ahorramas,Papel higiénico Lanta 12 rollos doble rollo,papel higienico lanta 12 rollos doble rollo,4.50,https://www.ahorramas.com/limpieza/?pmin=0.01&start=0&sz=18,limpieza
ahorramas,Bolsas de basura Lanta 20 uds 30 litros perfumadas color morado,bolsas de basura lanta 20 uds 30 litros perfumadas color morado,1.45,https://www.ahorramas.com/limpieza/?pmin=0.01&start=0&sz=18,limpieza
ahorramas,Suavizante Concentrado Lanta 80 Lavados Azul,suavizante concentrado lanta 80 lavados azul,1.90,https://www.ahorramas.com/limpieza/?pmin=0.01&start=0&sz=18,limpieza
ahorramas,Bolsas de basura Lanta 40 uds 30 litros Cubo de cocina color negro,bolsas de basura lanta 40 uds 30 litros cubo de cocina color negro,1.65,https://www.ahorramas.com/limpieza/?pmin=0.01&start=0&sz=18,limpieza
ahorramas,Papel de cocina Lanta pack-4,papel de cocina lanta pack-4,1.95,https://www.ahorramas.com/limpieza/?pmin=0.01&start=0&sz=18,limpieza
ahorramas,Servilletas Lanta 100 uds doble capa,servilletas lanta 100 uds doble capa,1.55,https://www.ahorramas.com/limpieza/?pmin=0.01&start=0&sz=18,limpieza
ahorramas,Gel WC Lanta 1l lejía,gel wc lanta 1l lejia,1.05,https://www.ahorramas.com/limpieza/?pmin=0.01&start=0&sz=18,limpieza
ahorramas,Detergente líquido Lanta 54 lavados Marsella,detergente liquido lanta 54 lavados marsella,3.65,https://www.ahorramas.com/limpieza/?pmin=0.01&start=0&sz=18,limpieza
ahorramas,Papel higiénico Foxy 4+2 rollos seda con pH neutro para la piel y aroma a talco,papel higienico foxy 4+2 rollos seda con ph neutro para la piel y aroma a talco,3.99,https://www.ahorramas.com/limpieza/?pmin=0.01&start=0&sz=18,limpieza
ahorramas,Papel higiénico Lanta 12 rollos,papel higienico lanta 12 rollos,2.50,https://www.ahorramas.com/limpieza/?pmin=0.01&start=0&sz=18,limpieza
ahorramas,Bolsas de basura Lanta 15 uds 50 litros grandes color azul,bolsas de basura lanta 15 uds 50 litros grandes color azul,1.60,https://www.ahorramas.com/limpieza/?pmin=0.01&start=0&sz=18,limpieza
ahorramas,Papel de cocina Lanta pack-3 super absorbente,papel de cocina lanta pack-3 super absorbente,2.65,https://www.ahorramas.com/limpieza/?pmin=0.01&start=0&sz=18,limpieza
ahorramas,Bolsas de basura Lanta 20 uds 10 litros especial para papelera baño,bolsas de basura lanta 20 uds 10 litros especial para papelera bano,0.69,https://www.ahorramas.com/limpieza/?pmin=0.01&start=0&sz=18,limpieza
ahorramas,LAVAVAJILLAS FAIRY 820ML ULTRA PODER,lavavajillas fairy 820ml ultra poder,4.49,https://www.ahorramas.com/limpieza/?pmin=0.01&start=0&sz=18,limpieza
ahorramas,Rollo multiusos 600 servicios Lanta,rollo multiusos 600 servicios lanta,3.65,https://www.ahorramas.com/limpieza/?pmin=0.01&start=0&sz=18,limpieza
ahorramas,Limpiador desinfectante multiuso Sanytol 750ml,limpiador desinfectante multiuso sanytol 750ml,2.99,https://www.ahorramas.com/limpieza/?pmin=0.01&start=0&sz=18,limpieza
ahorramas,"Amoniaco Lanta 1,5l perfumado","amoniaco lanta 1,5l perfumado",0.85,https://www.ahorramas.com/limpieza/?pmin=0.01&start=0&sz=18,limpieza
ahorramas,Pañuelos facial Lanta caja 200 uds doble capa,panuelos facial lanta caja 200 uds doble capa,1.25,https://www.ahorramas.com/limpieza/?pmin=0.01&start=0&sz=18,limpieza
ahorramas,"Friegasuelos Lanta 1,5l aire fresco","friegasuelos lanta 1,5l aire fresco",0.95,https://www.ahorramas.com/limpieza/?pmin=0.01&start=0&sz=18,limpieza
ahorramas,"Friegasuelos Lanta 1,5l Flor de cerezo","friegasuelos lanta 1,5l flor de cerezo",0.95,https://www.ahorramas.com/limpieza/?pmin=0.01&start=0&sz=18,limpieza
ahorramas,Lejía Lanta 2l densa con detergente pino,lejia lanta 2l densa con detergente pino,1.15,https://www.ahorramas.com/limpieza/?pmin=0.01&start=0&sz=18,limpieza
ahorramas,Lavavajillas Lanta 1l ultra,lavavajillas lanta 1l ultra,1.65,https://www.ahorramas.com/limpieza/?pmin=0.01&start=0&sz=18,limpieza
ahorramas,Papel higiénico Scottex 6 rollos sensitive,papel higienico scottex 6 rollos sensitive,1.99,https://www.ahorramas.com/limpieza/?pmin=0.01&start=0&sz=18,limpieza
ahorramas,Estropajo salvauñas Lanta 3 uds,estropajo salvaunas lanta 3 uds,0.75,https://www.ahorramas.com/limpieza/?pmin=0.01&start=0&sz=18,limpieza
ahorramas,Papel de cocina Lanta pack-3 doble longitud,papel de cocina lanta pack-3 doble longitud,2.35,https://www.ahorramas.com/limpieza/?pmin=0.01&start=0&sz=18,limpieza
ahorramas,Papel higiénico ecológico Lanta 6 rollos doble rollo,papel higienico ecologico lanta 6 rollos doble rollo,2.40,https://www.ahorramas.com/limpieza/?pmin=0.01&start=0&sz=18,limpieza
ahorramas,Desengrasante líquido Lanta 1l pistola,desengrasante liquido lanta 1l pistola,1.89,https://www.ahorramas.com/limpieza/?pmin=0.01&start=0&sz=18,limpieza
ahorramas,Pañuelos compactos Lanta 10 uds extra suave,panuelos compactos lanta 10 uds extra suave,1.05,https://www.ahorramas.com/limpieza/?pmin=0.01&start=0&sz=18,limpieza
ahorramas,Limpiador multiusos Cleanpar 1l vinagre limpieza,limpiador multiusos cleanpar 1l vinagre limpieza,0.90,https://www.ahorramas.com/limpieza/?pmin=0.01&start=0&sz=18,limpieza
ahorramas,Suavizante Concentrado Lanta 80 Lavados Talco,suavizante concentrado lanta 80 lavados talco,1.90,https://www.ahorramas.com/limpieza/?pmin=0.01&start=0&sz=18,limpieza
ahorramas,Detergente en pastillas para lavavajillas Lanta 40 unidades todo en uno,detergente en pastillas para lavavajillas lanta 40 unidades todo en uno,3.95,https://www.ahorramas.com/limpieza/?pmin=0.01&start=0&sz=18,limpieza
ahorramas,Papel higiénico Scottex 12 rollos original,papel higienico scottex 12 rollos original,3.99,https://www.ahorramas.com/limpieza/?pmin=0.01&start=0&sz=18,limpieza
ahorramas,Limpiador Bref WC colgador 2 uds poder activ pine forest,limpiador bref wc colgador 2 uds poder activ pine forest,2.45,https://www.ahorramas.com/limpieza/?pmin=0.01&start=0&sz=18,limpieza
ahorramas,"Lavavajillas Flota 1,25l","lavavajillas flota 1,25l",1.39,https://www.ahorramas.com/limpieza/?pmin=0.01&start=0&sz=18,limpieza
ahorramas,Desengrasante líquido Brumol 1l,desengrasante liquido brumol 1l,1.45,https://www.ahorramas.com/limpieza/?pmin=0.01&start=0&sz=18,limpieza
ahorramas,Lavavajilas Fairy 900ml ultra original,lavavajilas fairy 900ml ultra original,3.95,https://www.ahorramas.com/limpieza/?pmin=0.01&start=0&sz=18,limpieza
ahorramas,Lejía densa Lanta 2l con detergente,lejia densa lanta 2l con detergente,1.15,https://www.ahorramas.com/limpieza/?pmin=0.01&start=0&sz=18,limpieza
ahorramas,Papel higiénico húmedo Lanta 15 uds,papel higienico humedo lanta 15 uds,0.70,https://www.ahorramas.com/limpieza/?pmin=0.01&start=0&sz=18,limpieza
ahorramas,Detergente en pastillas para lavavajillas Fairy Platinum plus Limón 15+15 uds,detergente en pastillas para lavavajillas fairy platinum plus limon 15+15 uds,6.99,https://www.ahorramas.com/limpieza/?pmin=0.01&start=0&sz=18,limpieza
ahorramas,Lejía Lanta 5l higiene total,lejia lanta 5l higiene total,1.85,https://www.ahorramas.com/limpieza/?pmin=0.01&start=0&sz=18,limpieza
ahorramas,"Lavavajillas Lanta 1,3l","lavavajillas lanta 1,3l",1.25,https://www.ahorramas.com/limpieza/?pmin=0.01&start=0&sz=18,limpieza
ahorramas,Bayeta microfibra Lanta 3 unidades multiusos,bayeta microfibra lanta 3 unidades multiusos,1.75,https://www.ahorramas.com/limpieza/?pmin=0.01&start=0&sz=18,limpieza
ahorramas,Fregona de microfibra Lanta absorbente,fregona de microfibra lanta absorbente,0.90,https://www.ahorramas.com/limpieza/?pmin=0.01&start=0&sz=18,limpieza
ahorramas,Servilletas Lanta 100 uds doble capa decoradas,servilletas lanta 100 uds doble capa decoradas,1.95,https://www.ahorramas.com/limpieza/?pmin=0.01&start=0&sz=18,limpieza
ahorramas,Desinfectante para el suelo y superficies Sanicentro 1.5l,desinfectante para el suelo y superficies sanicentro 1.5l,1.99,https://www.ahorramas.com/limpieza/?pmin=0.01&start=0&sz=18,limpieza
ahorramas,Limpiador crema Cif 750ml,limpiador crema cif 750ml,2.99,https://www.ahorramas.com/limpieza/?pmin=0.01&start=0&sz=18,limpieza
ahorramas,Suavizante Lanta 80 Lavados Algodón,suavizante lanta 80 lavados algodon,1.90,https://www.ahorramas.com/limpieza/?pmin=0.01&start=0&sz=18,limpieza
ahorramas,Limpiador Lanta 1l oxigeno activo,limpiador lanta 1l oxigeno activo,1.35,https://www.ahorramas.com/limpieza/?pmin=0.01&start=0&sz=18,limpieza
ahorramas,Suavizante Flor Twist 59 lavados Frutos Rojos,suavizante flor twist 59 lavados frutos rojos,2.49,https://www.ahorramas.com/limpieza/?pmin=0.01&start=0&sz=18,limpieza
ahorramas,Gel WC lanta 1l marino 3 en 1,gel wc lanta 1l marino 3 en 1,1.05,https://www.ahorramas.com/limpieza/?pmin=0.01&start=0&sz=18,limpieza
ahorramas,Papel higiénico Scottex 6 rollos mega doble rollo,papel higienico scottex 6 rollos mega doble rollo,3.69,https://www.ahorramas.com/limpieza/?pmin=0.01&start=0&sz=18,limpieza
ahorramas,Toallitas limpiagafas Lanta 30 uds,toallitas limpiagafas lanta 30 uds,1.50,https://www.ahorramas.com/limpieza/?pmin=0.01&start=0&sz=18,limpieza
ahorramas,Detergente líquido Lanta 54 lavados Colonia,detergente liquido lanta 54 lavados colonia,3.65,https://www.ahorramas.com/limpieza/?pmin=0.01&start=0&sz=18,limpieza
ahorramas,Bolsas de basura Lanta 10 uds 120 litros Sacos de comunidad,bolsas de basura lanta 10 uds 120 litros sacos de comunidad,1.60,https://www.ahorramas.com/limpieza/?pmin=0.01&start=0&sz=18,limpieza
ahorramas,Desengrasante KH-7 780ml recambio,desengrasante kh-7 780ml recambio,3.15,https://www.ahorramas.com/limpieza/?pmin=0.01&start=0&sz=18,limpieza
ahorramas,Suavizante Flor 59 lavados nenuco hipoalergénico,suavizante flor 59 lavados nenuco hipoalergenico,2.49,https://www.ahorramas.com/limpieza/?pmin=0.01&start=0&sz=18,limpieza
ahorramas,Ambientador spray Lanta 300ml ropa limpia,ambientador spray lanta 300ml ropa limpia,1.15,https://www.ahorramas.com/limpieza/?pmin=0.01&start=0&sz=18,limpieza
ahorramas,Desinfectante baño Spray Lanta 750 ml,desinfectante bano spray lanta 750 ml,1.55,https://www.ahorramas.com/limpieza/?pmin=0.01&start=0&sz=18,limpieza
ahorramas,Neutralizador de olores Lanta 300ml,neutralizador de olores lanta 300ml,1.15,https://www.ahorramas.com/limpieza/?pmin=0.01&start=0&sz=18,limpieza
ahorramas,"Friegasuelos Lanta 1,5l Colonia","friegasuelos lanta 1,5l colonia",0.95,https://www.ahorramas.com/limpieza/?pmin=0.01&start=0&sz=18,limpieza
ahorramas,Desatascador líquido Lanta 1l,desatascador liquido lanta 1l,1.85,https://www.ahorramas.com/limpieza/?pmin=0.01&start=0&sz=18,limpieza
ahorramas,Guantes De Latex Lanta 20U T-M/G,guantes de latex lanta 20u t-m/g,1.25,https://www.ahorramas.com/limpieza/?pmin=0.01&start=0&sz=18,limpieza
ahorramas,Gel WC Sanicentro 1l frescor montaña,gel wc sanicentro 1l frescor montana,1.99,https://www.ahorramas.com/limpieza/?pmin=0.01&start=0&sz=18,limpieza
ahorramas,Bloc WC Lanta pack 2 uds agua azul,bloc wc lanta pack 2 uds agua azul,1.25,https://www.ahorramas.com/limpieza/?pmin=0.01&start=0&sz=18,limpieza
ahorramas,Fregona Lanta amarilla,fregona lanta amarilla,0.80,https://www.ahorramas.com/limpieza/?pmin=0.01&start=0&sz=18,limpieza
ahorramas,Bolsas de basura Lanta 30 uds 30 litros reciclado de envases color amarillo,bolsas de basura lanta 30 uds 30 litros reciclado de envases color amarillo,1.65,https://www.ahorramas.com/limpieza/?pmin=0.01&start=0&sz=18,limpieza
ahorramas,Perlas perfumadoras de ropa Lenor 270g costa mediterránea edición limitada,perlas perfumadoras de ropa lenor 270g costa mediterranea edicion limitada,5.99,https://www.ahorramas.com/limpieza/?pmin=0.01&start=0&sz=18,limpieza
ahorramas,"Friegasuelos Lanta 1,5l pino","friegasuelos lanta 1,5l pino",0.95,https://www.ahorramas.com/limpieza/?pmin=0.01&start=0&sz=18,limpieza
ahorramas,Limpiacristales Cristalino 750ml pistola,limpiacristales cristalino 750ml pistola,2.55,https://www.ahorramas.com/limpieza/?pmin=0.01&start=0&sz=18,limpieza
ahorramas,Gel WC Essence Sanicentro 750+250ml flor de hibisco,gel wc essence sanicentro 750+250ml flor de hibisco,1.99,https://www.ahorramas.com/limpieza/?pmin=0.01&start=0&sz=18,limpieza
ahorramas,Toallitas limpiadora multiusos Lanta 50 unidades,toallitas limpiadora multiusos lanta 50 unidades,1.25,https://www.ahorramas.com/limpieza/?pmin=0.01&start=0&sz=18,limpieza
ahorramas,Bayeta Ballerina 3 uds amarilla multiusos,bayeta ballerina 3 uds amarilla multiusos,2.09,https://www.ahorramas.com/limpieza/?pmin=0.01&start=0&sz=18,limpieza
ahorramas,Limpiahogar baño spray Don Limpio 800 ml Elimina manchas de jabón y cal,limpiahogar bano spray don limpio 800 ml elimina manchas de jabon y cal,2.99,https://www.ahorramas.com/limpieza/?pmin=0.01&start=0&sz=18,limpieza
ahorramas,Bayeta Lanta 3 uds suave amarilla multiusos,bayeta lanta 3 uds suave amarilla multiusos,0.55,https://www.ahorramas.com/limpieza/?pmin=0.01&start=0&sz=18,limpieza
ahorramas,Ambientador spray desinfectante Sanytol 300ml hogar y tejidos flor de algodón,ambientador spray desinfectante sanytol 300ml hogar y tejidos flor de algodon,3.99,https://www.ahorramas.com/limpieza/?pmin=0.01&start=0&sz=18,limpieza
ahorramas,Friegasuelos Asevi 1 litro mascotas,friegasuelos asevi 1 litro mascotas,2.19,https://www.ahorramas.com/limpieza/?pmin=0.01&start=0&sz=18,limpieza
ahorramas,Papel higiénico húmedo Scottex 74 uds,papel higienico humedo scottex 74 uds,1.99,https://www.ahorramas.com/limpieza/?pmin=0.01&start=0&sz=18,limpieza
ahorramas,Limpiador multiusos Lanta 1l pistola,limpiador multiusos lanta 1l pistola,1.30,https://www.ahorramas.com/limpieza/?pmin=0.01&start=0&sz=18,limpieza
ahorramas,Detergente líquido Lanta 66 lavados Prendas delicadas,detergente liquido lanta 66 lavados prendas delicadas,2.50,https://www.ahorramas.com/limpieza/?pmin=0.01&start=0&sz=18,limpieza
ahorramas,Agua desionizada Lanta 2l,agua desionizada lanta 2l,0.90,https://www.ahorramas.com/limpieza/?pmin=0.01&start=0&sz=18,limpieza
ahorramas,Detergente Líquido Omino Bianco 45+21 Lavados,detergente liquido omino bianco 45+21 lavados,7.99,https://www.ahorramas.com/limpieza/?pmin=0.01&start=0&sz=18,limpieza
ahorramas,Papel de cocina rollo Lanta 27m ideal para fritos,papel de cocina rollo lanta 27m ideal para fritos,1.40,https://www.ahorramas.com/limpieza/?pmin=0.01&start=0&sz=18,limpieza
ahorramas,Sal Lavavajillas Roca 2K,sal lavavajillas roca 2k,0.95,https://www.ahorramas.com/limpieza/?pmin=0.01&start=0&sz=18,limpieza
ahorramas,Detergente cápsilas 3en1 Lanta 40 litros Marsella,detergente capsilas 3en1 lanta 40 litros marsella,5.95,https://www.ahorramas.com/limpieza/?pmin=0.01&start=0&sz=18,limpieza
ahorramas,Estropajo salvauñas Lanta 3 uds azul,estropajo salvaunas lanta 3 uds azul,0.75,https://www.ahorramas.com/limpieza/?pmin=0.01&start=0&sz=18,limpieza
ahorramas,Suavizante Concentrado Lanta 80 Lavados Monoï,suavizante concentrado lanta 80 lavados monoi,1.90,https://www.ahorramas.com/limpieza/?pmin=0.01&start=0&sz=18,limpieza
ahorramas,Limpiacristales Lanta 1l pistola,limpiacristales lanta 1l pistola,1.10,https://www.ahorramas.com/limpieza/?pmin=0.01&start=0&sz=18,limpieza
ahorramas,Detergente liquido Ariel 50 lavados original elimina manchas y malos olores,detergente liquido ariel 50 lavados original elimina manchas y malos olores,13.49,https://www.ahorramas.com/limpieza/?pmin=0.01&start=0&sz=18,limpieza
ahorramas,Quitamanchas Sin Manchas Kh-7 780 ml Recambio,quitamanchas sin manchas kh-7 780 ml recambio,4.15,https://www.ahorramas.com/limpieza/?pmin=0.01&start=0&sz=18,limpieza
ahorramas,Lavavajillas Lanta 1l aloe vera,lavavajillas lanta 1l aloe vera,1.80,https://www.ahorramas.com/limpieza/?pmin=0.01&start=0&sz=18,limpieza
ahorramas,Detergente en cápsulas Ariel pods 19 lavados costa mediterránea edición limitada,detergente en capsulas ariel pods 19 lavados costa mediterranea edicion limitada,5.99,https://www.ahorramas.com/limpieza/?pmin=0.01&start=0&sz=18,limpieza
ahorramas,Detergente líquido Wipp Express 35+18 Lavados Limpieza Profunda,detergente liquido wipp express 35+18 lavados limpieza profunda,9.99,https://www.ahorramas.com/limpieza/?pmin=0.01&start=0&sz=18,limpieza
ahorramas,Percarbonato blanqueador Diranzo 750g,percarbonato blanqueador diranzo 750g,1.65,https://www.ahorramas.com/limpieza/?pmin=0.01&start=0&sz=18,limpieza
ahorramas,Friegasuelos Don Limpio Madera 1.5 l PH Seguro En Suelos De Madera,friegasuelos don limpio madera 1.5 l ph seguro en suelos de madera,3.70,https://www.ahorramas.com/limpieza/?pmin=0.01&start=0&sz=18,limpieza
ahorramas,Detergente en polvo Lanta 50 lavados jabón de marsella,detergente en polvo lanta 50 lavados jabon de marsella,5.99,https://www.ahorramas.com/limpieza/?pmin=0.01&start=0&sz=18,limpieza
ahorramas,Papel para filtro de café Melitta 40 unidades,papel para filtro de cafe melitta 40 unidades,2.25,https://www.ahorramas.com/limpieza/?pmin=0.01&start=0&sz=18,limpieza
ahorramas,Desatascador líquido turbo Lanta 500ml express,desatascador liquido turbo lanta 500ml express,1.70,https://www.ahorramas.com/limpieza/?pmin=0.01&start=0&sz=18,limpieza
ahorramas,Friegasuelos Lanta 1l cítrico,friegasuelos lanta 1l citrico,1.60,https://www.ahorramas.com/limpieza/?pmin=0.01&start=0&sz=18,limpieza
ahorramas,Pañuelos Kleenex caja 48 uds collection,panuelos kleenex caja 48 uds collection,1.60,https://www.ahorramas.com/limpieza/?pmin=0.01&start=0&sz=18,limpieza
ahorramas,Gel wc Lanta 1L pino 3 en 1,gel wc lanta 1l pino 3 en 1,1.05,https://www.ahorramas.com/limpieza/?pmin=0.01&start=0&sz=18,limpieza
ahorramas,Escoba interior Mik SP-Berner Antichoque,escoba interior mik sp-berner antichoque,1.80,https://www.ahorramas.com/limpieza/?pmin=0.01&start=0&sz=18,limpieza
ahorramas,Pañuelos compactos Lanta 15 uds suave,panuelos compactos lanta 15 uds suave,1.45,https://www.ahorramas.com/limpieza/?pmin=0.01&start=0&sz=18,limpieza
ahorramas,Suavizante Concentrado Lanta 80 Lavados Frescor Lavanda,suavizante concentrado lanta 80 lavados frescor lavanda,1.90,https://www.ahorramas.com/limpieza/?pmin=0.01&start=0&sz=18,limpieza
ahorramas,"Amoniaco Lanta 1,5l con detergente","amoniaco lanta 1,5l con detergente",0.95,https://www.ahorramas.com/limpieza/?pmin=0.01&start=0&sz=18,limpieza
ahorramas,Servilletas Lanta 200 uds bicolor amarilla y rosa,servilletas lanta 200 uds bicolor amarilla y rosa,1.55,https://www.ahorramas.com/limpieza/?pmin=0.01&start=0&sz=18,limpieza
ahorramas,Ambientador absorbeolores Lanta 150g lavanda,ambientador absorbeolores lanta 150g lavanda,0.80,https://www.ahorramas.com/limpieza/?pmin=0.01&start=0&sz=18,limpieza
ahorramas,Pañuelos Scottex caja 70 uds,panuelos scottex caja 70 uds,1.49,https://www.ahorramas.com/limpieza/?pmin=0.01&start=0&sz=18,limpieza
ahorramas,Fregona de microfibra Lanta,fregona de microfibra lanta,1.50,https://www.ahorramas.com/limpieza/?pmin=0.01&start=0&sz=18,limpieza
ahorramas,Desinfectante WC Net 750ml lejía,desinfectante wc net 750ml lejia,1.99,https://www.ahorramas.com/limpieza/?pmin=0.01&start=0&sz=18,limpieza
ahorramas,Suavizante Flor Twist 59 lavados melocotón,suavizante flor twist 59 lavados melocoton,2.49,https://www.ahorramas.com/limpieza/?pmin=0.01&start=0&sz=18,limpieza
ahorramas,Detergente liquido Ariel 25 lavados costa mediterránea edición limitada,detergente liquido ariel 25 lavados costa mediterranea edicion limitada,5.99,https://www.ahorramas.com/limpieza/?pmin=0.01&start=0&sz=18,limpieza
ahorramas,Detergente líquido Norit 32 lavados bebé para pieles atópicas,detergente liquido norit 32 lavados bebe para pieles atopicas,3.99,https://www.ahorramas.com/limpieza/?pmin=0.01&start=0&sz=18,limpieza
ahorramas,Suavizante Concentrado Lanta 80 Lavados Té Verde,suavizante concentrado lanta 80 lavados te verde,1.90,https://www.ahorramas.com/limpieza/?pmin=0.01&start=0&sz=18,limpieza
ahorramas,Lejía Conejo 2l,lejia conejo 2l,3.05,https://www.ahorramas.com/limpieza/?pmin=0.01&start=0&sz=18,limpieza
ahorramas,Ambientador lavavajillas Agerul Cítrico,ambientador lavavajillas agerul citrico,1.00,https://www.ahorramas.com/limpieza/?pmin=0.01&start=0&sz=18,limpieza
ahorramas,Toallitas atrapacolor Lanta 20 uds evita desteñidos accidentales,toallitas atrapacolor lanta 20 uds evita destenidos accidentales,1.85,https://www.ahorramas.com/limpieza/?pmin=0.01&start=0&sz=18,limpieza
ahorramas,Suavizante Vernel 60 lavados cielo azul,suavizante vernel 60 lavados cielo azul,3.35,https://www.ahorramas.com/limpieza/?pmin=0.01&start=0&sz=18,limpieza
ahorramas,Papel higiénico Lanta 6 rollos 4 capas perfumado,papel higienico lanta 6 rollos 4 capas perfumado,2.75,https://www.ahorramas.com/limpieza/?pmin=0.01&start=0&sz=18,limpieza
ahorramas,Guantes de nitrilo desechables Lanta 100u talla mediana,guantes de nitrilo desechables lanta 100u talla mediana,7.50,https://www.ahorramas.com/limpieza/?pmin=0.01&start=0&sz=18,limpieza
ahorramas,Servilletas ecológicas My Tissue 50 uds nature 100% recicladas,servilletas ecologicas my tissue 50 uds nature 100% recicladas,1.45,https://www.ahorramas.com/limpieza/?pmin=0.01&start=0&sz=18,limpieza
ahorramas,Papel higiénico Lanta 9 rollos triple capa acolchado,papel higienico lanta 9 rollos triple capa acolchado,3.95,https://www.ahorramas.com/limpieza/?pmin=0.01&start=0&sz=18,limpieza
ahorramas,Limpiador WC bloc duo Lanta marino,limpiador wc bloc duo lanta marino,1.30,https://www.ahorramas.com/limpieza/?pmin=0.01&start=0&sz=18,limpieza
ahorramas,Detergente líquido Norit 35+18 Lavados Complet Ropa Siempre Como Nueva,detergente liquido norit 35+18 lavados complet ropa siempre como nueva,8.99,https://www.ahorramas.com/limpieza/?pmin=0.01&start=0&sz=18,limpieza
ahorramas,Desatascador líquido WC Net 1l,desatascador liquido wc net 1l,4.99,https://www.ahorramas.com/limpieza/?pmin=0.01&start=0&sz=18,limpieza
ahorramas,Lejía para ropa Lanta 2l densa,lejia para ropa lanta 2l densa,1.20,https://www.ahorramas.com/limpieza/?pmin=0.01&start=0&sz=18,limpieza
ahorramas,Limpiamaquinas líquido para lavavajillas Lanta 250ml,limpiamaquinas liquido para lavavajillas lanta 250ml,1.55,https://www.ahorramas.com/limpieza/?pmin=0.01&start=0&sz=18,limpieza
ahorramas,Toallitas limpia baños Lanta 50 unidades,toallitas limpia banos lanta 50 unidades,1.30,https://www.ahorramas.com/limpieza/?pmin=0.01&start=0&sz=18,limpieza
ahorramas,Detergente gel vajilla Lanta 32l todo en 1,detergente gel vajilla lanta 32l todo en 1,2.95,https://www.ahorramas.com/limpieza/?pmin=0.01&start=0&sz=18,limpieza
ahorramas,Pastillas lavavajillas Finish Powerball Quantum All in 1 Essential 58 unidades,pastillas lavavajillas finish powerball quantum all in 1 essential 58 unidades,9.99,https://www.ahorramas.com/limpieza/?pmin=0.01&start=0&sz=18,limpieza
ahorramas,Guantes de algodón interior Lanta talla mediana,guantes de algodon interior lanta talla mediana,0.95,https://www.ahorramas.com/limpieza/?pmin=0.01&start=0&sz=18,limpieza
ahorramas,Suavizante concentrado Mimosín 56 lavados caricias pieles sensibles,suavizante concentrado mimosin 56 lavados caricias pieles sensibles,3.25,https://www.ahorramas.com/limpieza/?pmin=0.01&start=0&sz=18,limpieza
ahorramas,Limpiador Bref WC Colgador Blue-Activ Floral,limpiador bref wc colgador blue-activ floral,2.10,https://www.ahorramas.com/limpieza/?pmin=0.01&start=0&sz=18,limpieza
ahorramas,Bayeta Vileda 2 uds suave,bayeta vileda 2 uds suave,1.69,https://www.ahorramas.com/limpieza/?pmin=0.01&start=0&sz=18,limpieza
ahorramas,Bayeta microfibra Lanta cristales,bayeta microfibra lanta cristales,0.85,https://www.ahorramas.com/limpieza/?pmin=0.01&start=0&sz=18,limpieza
ahorramas,Detergente líquido Lanta 54 lavados Poder total,detergente liquido lanta 54 lavados poder total,5.95,https://www.ahorramas.com/limpieza/?pmin=0.01&start=0&sz=18,limpieza
ahorramas,"Limpiacristales Cristasol 1,25l","limpiacristales cristasol 1,25l",2.75,https://www.ahorramas.com/limpieza/?pmin=0.01&start=0&sz=18,limpieza
ahorramas,Detergente líquido Lanta 30 lavados Ropa oscura,detergente liquido lanta 30 lavados ropa oscura,3.45,https://www.ahorramas.com/limpieza/?pmin=0.01&start=0&sz=18,limpieza
ahorramas,"Limpiahogar Baño Lanta 1,5 l","limpiahogar bano lanta 1,5 l",1.45,https://www.ahorramas.com/limpieza/?pmin=0.01&start=0&sz=18,limpieza
ahorramas,Detergente líquido Colon 45 lavados Nenuco,detergente liquido colon 45 lavados nenuco,7.99,https://www.ahorramas.com/limpieza/?pmin=0.01&start=0&sz=18,limpieza
ahorramas,Bayeta microfibra Lanta especial cocina,bayeta microfibra lanta especial cocina,0.90,https://www.ahorramas.com/limpieza/?pmin=0.01&start=0&sz=18,limpieza
ahorramas,Lejía Estrella 1.43l Azul,lejia estrella 1.43l azul,2.65,https://www.ahorramas.com/limpieza/?pmin=0.01&start=0&sz=18,limpieza
ahorramas,Servilletas Lanta 50 uds triple capa color blanco,servilletas lanta 50 uds triple capa color blanco,1.55,https://www.ahorramas.com/limpieza/?pmin=0.01&start=0&sz=18,limpieza
ahorramas,Limpiador 3 Brujas 1 litro Madera,limpiador 3 brujas 1 litro madera,2.85,https://www.ahorramas.com/limpieza/?pmin=0.01&start=0&sz=18,limpieza
ahorramas,Detergente en capsula pentacámara Lanta 22 lavados poder total,detergente en capsula pentacamara lanta 22 lavados poder total,4.75,https://www.ahorramas.com/limpieza/?pmin=0.01&start=0&sz=18,limpieza
ahorramas,"Limpiahogar Lanta 1,5 l Jabonoso","limpiahogar lanta 1,5 l jabonoso",1.55,https://www.ahorramas.com/limpieza/?pmin=0.01&start=0&sz=18,limpieza
ahorramas,Quitamanchas líquido Lanta 2l para ropa blanca,quitamanchas liquido lanta 2l para ropa blanca,1.75,https://www.ahorramas.com/limpieza/?pmin=0.01&start=0&sz=18,limpieza
ahorramas,Quitamanchas en polvo Vanish 400 gr Gold,quitamanchas en polvo vanish 400 gr gold,4.49,https://www.ahorramas.com/limpieza/?pmin=0.01&start=0&sz=18,limpieza
ahorramas,Abrillantador para lavavajillas Lanta botella 1l,abrillantador para lavavajillas lanta botella 1l,1.60,https://www.ahorramas.com/limpieza/?pmin=0.01&start=0&sz=18,limpieza
ahorramas,Guantes satinados Lanta sensibles talla mediana,guantes satinados lanta sensibles talla mediana,0.75,https://www.ahorramas.com/limpieza/?pmin=0.01&start=0&sz=18,limpieza
ahorramas,Limpia lavadoras Lanta 250ml,limpia lavadoras lanta 250ml,1.95,https://www.ahorramas.com/limpieza/?pmin=0.01&start=0&sz=18,limpieza
ahorramas,Bayeta microfibra Lanta 4 unidades,bayeta microfibra lanta 4 unidades,3.20,https://www.ahorramas.com/limpieza/?pmin=0.01&start=0&sz=18,limpieza
ahorramas,Suavizante Concentrado Asevi 60 Lavados Sensations,suavizante concentrado asevi 60 lavados sensations,2.59,https://www.ahorramas.com/limpieza/?pmin=0.01&start=0&sz=18,limpieza
ahorramas,Detergente líquido Wipp 35+35 lavados Limpieza profunda,detergente liquido wipp 35+35 lavados limpieza profunda,9.99,https://www.ahorramas.com/limpieza/?pmin=0.01&start=0&sz=18,limpieza
ahorramas,Lejía Estrella 1.43l limón,lejia estrella 1.43l limon,2.65,https://www.ahorramas.com/limpieza/?pmin=0.01&start=0&sz=18,limpieza
ahorramas,Limpiador WC Tableta Lanta 2 unidades Efecto Lejía,limpiador wc tableta lanta 2 unidades efecto lejia,1.25,https://www.ahorramas.com/limpieza/?pmin=0.01&start=0&sz=18,limpieza
ahorramas,Suavizante concentrado Mimosín Rosas 50 lavados,suavizante concentrado mimosin rosas 50 lavados,3.25,https://www.ahorramas.com/limpieza/?pmin=0.01&start=0&sz=18,limpieza
ahorramas,Detergente líquido Ariel 40 lavados frescor alpino elimina manchas y malos olores,detergente liquido ariel 40 lavados frescor alpino elimina manchas y malos olores,10.49,https://www.ahorramas.com/limpieza/?pmin=0.01&start=0&sz=18,limpieza
ahorramas,Bolsa Basura Handy Bag Perfumada 30L 12 nolsas,bolsa basura handy bag perfumada 30l 12 nolsas,2.20,https://www.ahorramas.com/limpieza/?pmin=0.01&start=0&sz=18,limpieza
ahorramas,Estropajo salvauñas Scotch Brite 2 uds,estropajo salvaunas scotch brite 2 uds,1.40,https://www.ahorramas.com/limpieza/?pmin=0.01&start=0&sz=18,limpieza
ahorramas,Desinfectante discos activos pato WC Marine,desinfectante discos activos pato wc marine,1.99,https://www.ahorramas.com/limpieza/?pmin=0.01&start=0&sz=18,limpieza
ahorramas,Alcohol de limpieza Lanta 300ml para superficies perfumado,alcohol de limpieza lanta 300ml para superficies perfumado,1.49,https://www.ahorramas.com/limpieza/?pmin=0.01&start=0&sz=18,limpieza
ahorramas,Desinfectante Sanytol liquido 500ml+20% gratis textil sin lejia elimina los malos olores,desinfectante sanytol liquido 500ml+20% gratis textil sin lejia elimina los malos olores,2.99,https://www.ahorramas.com/limpieza/?pmin=0.01&start=0&sz=18,limpieza
ahorramas,Bolsa basura Lanta 25 unidades 10 litros compostable,bolsa basura lanta 25 unidades 10 litros compostable,1.80,https://www.ahorramas.com/limpieza/?pmin=0.01&start=0&sz=18,limpieza
ahorramas,Eliminaolores Lanta pistola 1l elimina malos olores y perfuma,eliminaolores lanta pistola 1l elimina malos olores y perfuma,2.69,https://www.ahorramas.com/limpieza/?pmin=0.01&start=0&sz=18,limpieza
ahorramas,Suavizante Concentrado Asevi 60 Lavados Pasión & Tiaré,suavizante concentrado asevi 60 lavados pasion & tiare,2.59,https://www.ahorramas.com/limpieza/?pmin=0.01&start=0&sz=18,limpieza
ahorramas,Toallitas limpiacristales Lanta 20 unidades,toallitas limpiacristales lanta 20 unidades,0.95,https://www.ahorramas.com/limpieza/?pmin=0.01&start=0&sz=18,limpieza
ahorramas,Bloc WC Lanta agua azul lejía pack 2 unidades,bloc wc lanta agua azul lejia pack 2 unidades,1.25,https://www.ahorramas.com/limpieza/?pmin=0.01&start=0&sz=18,limpieza
ahorramas,Limpiador vitrocerámica Vitroclen 450ml,limpiador vitroceramica vitroclen 450ml,5.25,https://www.ahorramas.com/limpieza/?pmin=0.01&start=0&sz=18,limpieza
ahorramas,"Limpiahogar Lanta 1,5l Desinfectante","limpiahogar lanta 1,5l desinfectante",2.10,https://www.ahorramas.com/limpieza/?pmin=0.01&start=0&sz=18,limpieza
ahorramas,Insecticida eléctrico recambio Lanta para mosquitos,insecticida electrico recambio lanta para mosquitos,1.90,https://www.ahorramas.com/limpieza/?pmin=0.01&start=0&sz=18,limpieza
ahorramas,Guantes de algodón interior Lanta talla pequeña,guantes de algodon interior lanta talla pequena,0.95,https://www.ahorramas.com/limpieza/?pmin=0.01&start=0&sz=18,limpieza
ahorramas,Abrillantador para lavavajillas Finish 500ml,abrillantador para lavavajillas finish 500ml,3.79,https://www.ahorramas.com/limpieza/?pmin=0.01&start=0&sz=18,limpieza
ahorramas,Detergente líquido Micolor 28 lavados oscuros intensos,detergente liquido micolor 28 lavados oscuros intensos,5.95,https://www.ahorramas.com/limpieza/?pmin=0.01&start=0&sz=18,limpieza
ahorramas,Friegasuelos Don Limpio Superficies Delicadas 1.5 l. PH Seguro En Superficies Delicadas,friegasuelos don limpio superficies delicadas 1.5 l. ph seguro en superficies delicadas,3.70,https://www.ahorramas.com/limpieza/?pmin=0.01&start=0&sz=18,limpieza
ahorramas,Limpiamáquinas lavavajillas Duo Somat 3 unidades,limpiamaquinas lavavajillas duo somat 3 unidades,3.65,https://www.ahorramas.com/limpieza/?pmin=0.01&start=0&sz=18,limpieza
ahorramas,Lejía La Tuna 2l perfumada,lejia la tuna 2l perfumada,1.15,https://www.ahorramas.com/limpieza/?pmin=0.01&start=0&sz=18,limpieza
ahorramas,Suavizante Vernel 60 lavados lirio irresistible,suavizante vernel 60 lavados lirio irresistible,3.35,https://www.ahorramas.com/limpieza/?pmin=0.01&start=0&sz=18,limpieza
ahorramas,Fregona de microfibra Lanta de tiras,fregona de microfibra lanta de tiras,2.99,https://www.ahorramas.com/limpieza/?pmin=0.01&start=0&sz=18,limpieza
ahorramas,Friegasuelos insecticida hormigas y cucharachas Vinfermaton 1 litro lavanda,friegasuelos insecticida hormigas y cucharachas vinfermaton 1 litro lavanda,2.35,https://www.ahorramas.com/limpieza/?pmin=0.01&start=0&sz=18,limpieza
ahorramas,Gamuza para mopa atrapapolvo Lanta 20 unidades,gamuza para mopa atrapapolvo lanta 20 unidades,1.30,https://www.ahorramas.com/limpieza/?pmin=0.01&start=0&sz=18,limpieza
ahorramas,Desinfectante multiusos pistola Lanta 970ml,desinfectante multiusos pistola lanta 970ml,1.95,https://www.ahorramas.com/limpieza/?pmin=0.01&start=0&sz=18,limpieza
ahorramas,"Limpiahogar Tenn 1,3L baño Poder Antical","limpiahogar tenn 1,3l bano poder antical",3.75,https://www.ahorramas.com/limpieza/?pmin=0.01&start=0&sz=18,limpieza
ahorramas,Ambientador concentrado ForeSan 125ml para el WC,ambientador concentrado foresan 125ml para el wc,1.70,https://www.ahorramas.com/limpieza/?pmin=0.01&start=0&sz=18,limpieza
ahorramas,Fregasuelos Asevi 1 Litro Mio,fregasuelos asevi 1 litro mio,2.19,https://www.ahorramas.com/limpieza/?pmin=0.01&start=0&sz=18,limpieza
ahorramas,Detergente polvo Ariel 30 lavados original,detergente polvo ariel 30 lavados original,10.65,https://www.ahorramas.com/limpieza/?pmin=0.01&start=0&sz=18,limpieza
ahorramas,Limpiahogar Don Limpio Baño Líquido Detergente 1.5 I,limpiahogar don limpio bano liquido detergente 1.5 i,3.70,https://www.ahorramas.com/limpieza/?pmin=0.01&start=0&sz=18,limpieza
ahorramas,Ambientador eléctrico Lanta recambio lavanda,ambientador electrico lanta recambio lavanda,1.60,https://www.ahorramas.com/limpieza/?pmin=0.01&start=0&sz=18,limpieza
ahorramas,Perfumador ropa Flor 36 lavados Rosa,perfumador ropa flor 36 lavados rosa,3.49,https://www.ahorramas.com/limpieza/?pmin=0.01&start=0&sz=18,limpieza
ahorramas,Pañuelos Scottex 8 uds super suaves,panuelos scottex 8 uds super suaves,1.49,https://www.ahorramas.com/limpieza/?pmin=0.01&start=0&sz=18,limpieza
ahorramas,Limpiador Cillit Bang 750ml pistola suciedad y manchas,limpiador cillit bang 750ml pistola suciedad y manchas,4.99,https://www.ahorramas.com/limpieza/?pmin=0.01&start=0&sz=18,limpieza
ahorramas,Ambientador Airwick fresh 250ml recambio Nenuco,ambientador airwick fresh 250ml recambio nenuco,5.45,https://www.ahorramas.com/limpieza/?pmin=0.01&start=0&sz=18,limpieza
ahorramas,Ambientador en perlas Lanta 110g frutos rojos,ambientador en perlas lanta 110g frutos rojos,1.45,https://www.ahorramas.com/limpieza/?pmin=0.01&start=0&sz=18,limpieza
ahorramas,Pañuelos compactos Lanta 10 uds mentol fuerte,panuelos compactos lanta 10 uds mentol fuerte,1.60,https://www.ahorramas.com/limpieza/?pmin=0.01&start=0&sz=18,limpieza
ahorramas,Fregona Lanta algodón,fregona lanta algodon,1.10,https://www.ahorramas.com/limpieza/?pmin=0.01&start=0&sz=18,limpieza
ahorramas,Friegasuelos Lanta 1l Floral,friegasuelos lanta 1l floral,1.60,https://www.ahorramas.com/limpieza/?pmin=0.01&start=0&sz=18,limpieza
ahorramas,Detergente en cápsulas Lanta 24 lavados ecológico,detergente en capsulas lanta 24 lavados ecologico,4.75,https://www.ahorramas.com/limpieza/?pmin=0.01&start=0&sz=18,limpieza
ahorramas,Estropajo Lanta 3 unidades para acero inoxidable,estropajo lanta 3 unidades para acero inoxidable,0.75,https://www.ahorramas.com/limpieza/?pmin=0.01&start=0&sz=18,limpieza
ahorramas,Estropajo salvauñas Lanta 2 uds ergonomico,estropajo salvaunas lanta 2 uds ergonomico,0.90,https://www.ahorramas.com/limpieza/?pmin=0.01&start=0&sz=18,limpieza
ahorramas,Estropajo con esponja Lanta 3 uds fibra verde,estropajo con esponja lanta 3 uds fibra verde,0.90,https://www.ahorramas.com/limpieza/?pmin=0.01&start=0&sz=18,limpieza
ahorramas,Ambientador automático Lanta recambio Floral,ambientador automatico lanta recambio floral,1.80,https://www.ahorramas.com/limpieza/?pmin=0.01&start=0&sz=18,limpieza
ahorramas,Estropajo de fibra con esponja Scotch-Brite 2 uds no raya,estropajo de fibra con esponja scotch-brite 2 uds no raya,2.35,https://www.ahorramas.com/limpieza/?pmin=0.01&start=0&sz=18,limpieza
ahorramas,Ambientador eléctrico Ambipur recambio sky,ambientador electrico ambipur recambio sky,2.59,https://www.ahorramas.com/limpieza/?pmin=0.01&start=0&sz=18,limpieza
ahorramas,Ambientador tipo mecha Lanta Flor de cerezo,ambientador tipo mecha lanta flor de cerezo,2.50,https://www.ahorramas.com/limpieza/?pmin=0.01&start=0&sz=18,limpieza
ahorramas,Papel higiénico húmedo Lanta 100 uds infantil,papel higienico humedo lanta 100 uds infantil,1.95,https://www.ahorramas.com/limpieza/?pmin=0.01&start=0&sz=18,limpieza
ahorramas,Ambientador spray Lanta 250ml Colonia,ambientador spray lanta 250ml colonia,2.00,https://www.ahorramas.com/limpieza/?pmin=0.01&start=0&sz=18,limpieza
ahorramas,Fregona Vileda super de tiras con cabezal universal,fregona vileda super de tiras con cabezal universal,1.99,https://www.ahorramas.com/limpieza/?pmin=0.01&start=0&sz=18,limpieza
ahorramas,Quitamanchas sin manchas KH-7 pistola 750ml Oxy-Effect,quitamanchas sin manchas kh-7 pistola 750ml oxy-effect,4.95,https://www.ahorramas.com/limpieza/?pmin=0.01&start=0&sz=18,limpieza
ahorramas,Limpiador spray KH-7 500ml madera y cuero,limpiador spray kh-7 500ml madera y cuero,1.99,https://www.ahorramas.com/limpieza/?pmin=0.01&start=0&sz=18,limpieza
ahorramas,Limpiador tubería Lanta 1l desodorizante,limpiador tuberia lanta 1l desodorizante,3.80,https://www.ahorramas.com/limpieza/?pmin=0.01&start=0&sz=18,limpieza
ahorramas,Pastilla antical Lanta 30 unidades,pastilla antical lanta 30 unidades,2.45,https://www.ahorramas.com/limpieza/?pmin=0.01&start=0&sz=18,limpieza
ahorramas,Ambientador tipo mecha Lanta melocotón,ambientador tipo mecha lanta melocoton,2.50,https://www.ahorramas.com/limpieza/?pmin=0.01&start=0&sz=18,limpieza
ahorramas,Agua fuerte La Tuna 1l,agua fuerte la tuna 1l,1.10,https://www.ahorramas.com/limpieza/?pmin=0.01&start=0&sz=18,limpieza
ahorramas,Ambientador absorbeolores Lanta 150g Flores blancas,ambientador absorbeolores lanta 150g flores blancas,0.80,https://www.ahorramas.com/limpieza/?pmin=0.01&start=0&sz=18,limpieza
ahorramas,Ambientador automático Lanta recambio Floral,ambientador automatico lanta recambio floral,1.80,https://www.ahorramas.com/limpieza/?pmin=0.01&start=0&sz=18,limpieza
ahorramas,Estropajo de fibra con esponja Scotch-Brite 2 uds no raya,estropajo de fibra con esponja scotch-brite 2 uds no raya,2.35,https://www.ahorramas.com/limpieza/?pmin=0.01&start=0&sz=18,limpieza
ahorramas,Ambientador eléctrico Ambipur recambio sky,ambientador electrico ambipur recambio sky,2.59,https://www.ahorramas.com/limpieza/?pmin=0.01&start=0&sz=18,limpieza
ahorramas,Ambientador tipo mecha Lanta Flor de cerezo,ambientador tipo mecha lanta flor de cerezo,2.50,https://www.ahorramas.com/limpieza/?pmin=0.01&start=0&sz=18,limpieza
ahorramas,Papel higiénico húmedo Lanta 100 uds infantil,papel higienico humedo lanta 100 uds infantil,1.95,https://www.ahorramas.com/limpieza/?pmin=0.01&start=0&sz=18,limpieza
ahorramas,Ambientador spray Lanta 250ml Colonia,ambientador spray lanta 250ml colonia,2.00,https://www.ahorramas.com/limpieza/?pmin=0.01&start=0&sz=18,limpieza
ahorramas,Fregona Vileda super de tiras con cabezal universal,fregona vileda super de tiras con cabezal universal,1.99,https://www.ahorramas.com/limpieza/?pmin=0.01&start=0&sz=18,limpieza
ahorramas,Quitamanchas sin manchas KH-7 pistola 750ml Oxy-Effect,quitamanchas sin manchas kh-7 pistola 750ml oxy-effect,4.95,https://www.ahorramas.com/limpieza/?pmin=0.01&start=0&sz=18,limpieza
ahorramas,Limpiador spray KH-7 500ml madera y cuero,limpiador spray kh-7 500ml madera y cuero,1.99,https://www.ahorramas.com/limpieza/?pmin=0.01&start=0&sz=18,limpieza
ahorramas,Guantes de latex Lanta 100 uds. talla mediana,guantes de latex lanta 100 uds. talla mediana,5.99,https://www.ahorramas.com/limpieza/?pmin=0.01&start=0&sz=18,limpieza
ahorramas,Limpiador tubería Lanta 1l desodorizante,limpiador tuberia lanta 1l desodorizante,3.80,https://www.ahorramas.com/limpieza/?pmin=0.01&start=0&sz=18,limpieza
ahorramas,Pastilla antical Lanta 30 unidades,pastilla antical lanta 30 unidades,2.45,https://www.ahorramas.com/limpieza/?pmin=0.01&start=0&sz=18,limpieza
ahorramas,Ambientador tipo mecha Lanta melocotón,ambientador tipo mecha lanta melocoton,2.50,https://www.ahorramas.com/limpieza/?pmin=0.01&start=0&sz=18,limpieza
ahorramas,Agua fuerte La Tuna 1l,agua fuerte la tuna 1l,1.10,https://www.ahorramas.com/limpieza/?pmin=0.01&start=0&sz=18,limpieza
ahorramas,Ambientador absorbeolores Lanta 150g Flores blancas,ambientador absorbeolores lanta 150g flores blancas,0.80,https://www.ahorramas.com/limpieza/?pmin=0.01&start=0&sz=18,limpieza
ahorramas,Desinfectante Pato WC 750ml azul,desinfectante pato wc 750ml azul,2.99,https://www.ahorramas.com/limpieza/?pmin=0.01&start=0&sz=18,limpieza
ahorramas,Estropajo con esponja Lanta 3 uds fibra azul,estropajo con esponja lanta 3 uds fibra azul,0.90,https://www.ahorramas.com/limpieza/?pmin=0.01&start=0&sz=18,limpieza
ahorramas,Aditivo Limpia Lavadoras Colon 250 ml 2 Unidades,aditivo limpia lavadoras colon 250 ml 2 unidades,5.49,https://www.ahorramas.com/limpieza/?pmin=0.01&start=0&sz=18,limpieza
ahorramas,Limpiador desinfectante Sanytol 750ml baño,limpiador desinfectante sanytol 750ml bano,3.29,https://www.ahorramas.com/limpieza/?pmin=0.01&start=0&sz=18,limpieza
ahorramas,Plumero Lanta atrapapolvo,plumero lanta atrapapolvo,1.85,https://www.ahorramas.com/limpieza/?pmin=0.01&start=0&sz=18,limpieza
ahorramas,Lavavajillas Lanta 500ml ultra,lavavajillas lanta 500ml ultra,0.95,https://www.ahorramas.com/limpieza/?pmin=0.01&start=0&sz=18,limpieza
ahorramas,Bayeta Lanta posavajillas,bayeta lanta posavajillas,1.15,https://www.ahorramas.com/limpieza/?pmin=0.01&start=0&sz=18,limpieza
ahorramas,Fregona amarilla Ballerina,fregona amarilla ballerina,2.05,https://www.ahorramas.com/limpieza/?pmin=0.01&start=0&sz=18,limpieza
ahorramas,Ambientador automático Lanta recambio lavanda,ambientador automatico lanta recambio lavanda,1.80,https://www.ahorramas.com/limpieza/?pmin=0.01&start=0&sz=18,limpieza
ahorramas,"Limpiahogar Sanytol 1,2l","limpiahogar sanytol 1,2l",3.19,https://www.ahorramas.com/limpieza/?pmin=0.01&start=0&sz=18,limpieza
ahorramas,Perfumador Para La Ropa Lanta 720 ml,perfumador para la ropa lanta 720 ml,3.15,https://www.ahorramas.com/limpieza/?pmin=0.01&start=0&sz=18,limpieza
ahorramas,Estropajo con esponja Scoth-Brite 2 uds fibra verde,estropajo con esponja scoth-brite 2 uds fibra verde,2.15,https://www.ahorramas.com/limpieza/?pmin=0.01&start=0&sz=18,limpieza
ahorramas,Insecticida spray Lanta 750ml multiuso hogar,insecticida spray lanta 750ml multiuso hogar,2.25,https://www.ahorramas.com/limpieza/?pmin=0.01&start=0&sz=18,limpieza
ahorramas,Fregasuelos Asevi 1 Litro Ph Neutro,fregasuelos asevi 1 litro ph neutro,2.19,https://www.ahorramas.com/limpieza/?pmin=0.01&start=0&sz=18,limpieza
ahorramas,Limpiador WC bloc duo Lanta pino,limpiador wc bloc duo lanta pino,1.30,https://www.ahorramas.com/limpieza/?pmin=0.01&start=0&sz=18,limpieza
ahorramas,Guantes de nitrilo Lanta 20 unidades Talla P/M,guantes de nitrilo lanta 20 unidades talla p/m,1.60,https://www.ahorramas.com/limpieza/?pmin=0.01&start=0&sz=18,limpieza
ahorramas,Bayeta Lanta 6 uds colores multiusos,bayeta lanta 6 uds colores multiusos,0.80,https://www.ahorramas.com/limpieza/?pmin=0.01&start=0&sz=18,limpieza
ahorramas,Limpiador polvo Vim 750 gr Clorex,limpiador polvo vim 750 gr clorex,1.89,https://www.ahorramas.com/limpieza/?pmin=0.01&start=0&sz=18,limpieza
ahorramas,Antical en gel Calgon 750 ml contra cal suciedad y malos olores,antical en gel calgon 750 ml contra cal suciedad y malos olores,8.45,https://www.ahorramas.com/limpieza/?pmin=0.01&start=0&sz=18,limpieza
ahorramas,Limpiador spray KH-7 500ml placas de inducción,limpiador spray kh-7 500ml placas de induccion,1.99,https://www.ahorramas.com/limpieza/?pmin=0.01&start=0&sz=18,limpieza
ahorramas,Limpiador vitro Lanta 500ml,limpiador vitro lanta 500ml,2.00,https://www.ahorramas.com/limpieza/?pmin=0.01&start=0&sz=18,limpieza
ahorramas,Lavavajillas en gel Somat 35 lavados Oro,lavavajillas en gel somat 35 lavados oro,5.40,https://www.ahorramas.com/limpieza/?pmin=0.01&start=0&sz=18,limpieza
ahorramas,Esponja mágica Lanta 3 unidades,esponja magica lanta 3 unidades,1.45,https://www.ahorramas.com/limpieza/?pmin=0.01&start=0&sz=18,limpieza
ahorramas,Detergente Blanco Nuclear 6 uds para lavar a mano o a maquina,detergente blanco nuclear 6 uds para lavar a mano o a maquina,2.89,https://www.ahorramas.com/limpieza/?pmin=0.01&start=0&sz=18,limpieza
ahorramas,Perlas perfumadoras de ropa Lenor 195g frescor de abril,perlas perfumadoras de ropa lenor 195g frescor de abril,4.99,https://www.ahorramas.com/limpieza/?pmin=0.01&start=0&sz=18,limpieza
ahorramas,Detergente en cápsulas Ariel pods 12 lavados con toque de lenor poder quitamanchas,detergente en capsulas ariel pods 12 lavados con toque de lenor poder quitamanchas,6.99,https://www.ahorramas.com/limpieza/?pmin=0.01&start=0&sz=18,limpieza
ahorramas,Pastillas del lavavajillas Regular 50 pastillas Finish Powerball Power All in 1,pastillas del lavavajillas regular 50 pastillas finish powerball power all in 1,8.49,https://www.ahorramas.com/limpieza/?pmin=0.01&start=0&sz=18,limpieza
ahorramas,Pastillas Desinfectante Multiusos Cleanpill 48U,pastillas desinfectante multiusos cleanpill 48u,1.60,https://www.ahorramas.com/limpieza/?pmin=0.01&start=0&sz=18,limpieza
ahorramas,Perfumador Para La Ropa San 40 Lavados Atardecer Tropical,perfumador para la ropa san 40 lavados atardecer tropical,3.99,https://www.ahorramas.com/limpieza/?pmin=0.01&start=0&sz=18,limpieza
ahorramas,Detergente lavavajillas cápsulas Fairy 45 unidades ultra,detergente lavavajillas capsulas fairy 45 unidades ultra,8.80,https://www.ahorramas.com/limpieza/?pmin=0.01&start=0&sz=18,limpieza
ahorramas,Lavavajillas Fairy 450ml maxi poder,lavavajillas fairy 450ml maxi poder,3.85,https://www.ahorramas.com/limpieza/?pmin=0.01&start=0&sz=18,limpieza
ahorramas,Perlas perfumadoras de ropa Lenor 195g algodón,perlas perfumadoras de ropa lenor 195g algodon,4.99,https://www.ahorramas.com/limpieza/?pmin=0.01&start=0&sz=18,limpieza
ahorramas,Pañuelos Colhogar 6 unidades suavisimo resistentes a la lavadora,panuelos colhogar 6 unidades suavisimo resistentes a la lavadora,1.00,https://www.ahorramas.com/limpieza/?pmin=0.01&start=0&sz=18,limpieza
ahorramas,Ambientador spray Lanta 250ml frutos rojos,ambientador spray lanta 250ml frutos rojos,2.00,https://www.ahorramas.com/limpieza/?pmin=0.01&start=0&sz=18,limpieza
ahorramas,Papel higiénico húmedo Lanta 70 uds sensitive,papel higienico humedo lanta 70 uds sensitive,1.70,https://www.ahorramas.com/limpieza/?pmin=0.01&start=0&sz=18,limpieza
ahorramas,Ambientador automático Lanta recambio frutos rojos,ambientador automatico lanta recambio frutos rojos,1.80,https://www.ahorramas.com/limpieza/?pmin=0.01&start=0&sz=18,limpieza
ahorramas,Limpiador muebles Pronto 250 ml,limpiador muebles pronto 250 ml,2.89,https://www.ahorramas.com/limpieza/?pmin=0.01&start=0&sz=18,limpieza
ahorramas,Quitamanchas líquido Lanta 2l para ropa de color,quitamanchas liquido lanta 2l para ropa de color,1.75,https://www.ahorramas.com/limpieza/?pmin=0.01&start=0&sz=18,limpieza
ahorramas,Ambientador eléctrico Lanta recambio frutos rojos,ambientador electrico lanta recambio frutos rojos,1.60,https://www.ahorramas.com/limpieza/?pmin=0.01&start=0&sz=18,limpieza
ahorramas,Pañuelos compactos Lanta 10 uds aloe vera,panuelos compactos lanta 10 uds aloe vera,1.60,https://www.ahorramas.com/limpieza/?pmin=0.01&start=0&sz=18,limpieza
ahorramas,Bolsa de basura Plasbel 15 unidades repelente insecticida,bolsa de basura plasbel 15 unidades repelente insecticida,1.20,https://www.ahorramas.com/limpieza/?pmin=0.01&start=0&sz=18,limpieza
ahorramas,Ambientador Airwick decosphere 75ml mango&lima,ambientador airwick decosphere 75ml mango&lima,6.89,https://www.ahorramas.com/limpieza/?pmin=0.01&start=0&sz=18,limpieza
ahorramas,Vela aromatium Martínez Morales 2 uds frutas del bosque,vela aromatium martinez morales 2 uds frutas del bosque,1.85,https://www.ahorramas.com/limpieza/?pmin=0.01&start=0&sz=18,limpieza
ahorramas,Detergente líquido Lanta 30 lavados Color,detergente liquido lanta 30 lavados color,3.45,https://www.ahorramas.com/limpieza/?pmin=0.01&start=0&sz=18,limpieza
ahorramas,Guantes de algodón interior Lanta talla grande,guantes de algodon interior lanta talla grande,0.95,https://www.ahorramas.com/limpieza/?pmin=0.01&start=0&sz=18,limpieza
ahorramas,"Limpiador Las 3 Brujas 1L Marmol, Granito Y Cerámica","limpiador las 3 brujas 1l marmol, granito y ceramica",2.85,https://www.ahorramas.com/limpieza/?pmin=0.01&start=0&sz=18,limpieza
ahorramas,Insecticida en spray Casa Jardín 600 ml hogar rosas,insecticida en spray casa jardin 600 ml hogar rosas,3.45,https://www.ahorramas.com/limpieza/?pmin=0.01&start=0&sz=18,limpieza
ahorramas,Fregona de microfibra Vileda premium con cabezal universal,fregona de microfibra vileda premium con cabezal universal,2.99,https://www.ahorramas.com/limpieza/?pmin=0.01&start=0&sz=18,limpieza
ahorramas,Toallitas desinfectantes Sanytol 30 uds,toallitas desinfectantes sanytol 30 uds,1.49,https://www.ahorramas.com/limpieza/?pmin=0.01&start=0&sz=18,limpieza
ahorramas,Desodorante para calzado Sanytol 150ml desinfectante,desodorante para calzado sanytol 150ml desinfectante,3.19,https://www.ahorramas.com/limpieza/?pmin=0.01&start=0&sz=18,limpieza
ahorramas,Insecticida trampa casa jardín 2 uds hormigas,insecticida trampa casa jardin 2 uds hormigas,2.65,https://www.ahorramas.com/limpieza/?pmin=0.01&start=0&sz=18,limpieza
ahorramas,Vela Botánica 205g vainilla y magnolia,vela botanica 205g vainilla y magnolia,2.75,https://www.ahorramas.com/limpieza/?pmin=0.01&start=0&sz=18,limpieza
ahorramas,Detergente líquido Micolor 30 lavados Adiós al separado,detergente liquido micolor 30 lavados adios al separado,5.95,https://www.ahorramas.com/limpieza/?pmin=0.01&start=0&sz=18,limpieza
ahorramas,Desinfectante discos activos Pato WC lima,desinfectante discos activos pato wc lima,1.99,https://www.ahorramas.com/limpieza/?pmin=0.01&start=0&sz=18,limpieza
ahorramas,Bayeta microfibra Bayeco 3+1u gratis XXL,bayeta microfibra bayeco 3+1u gratis xxl,1.99,https://www.ahorramas.com/limpieza/?pmin=0.01&start=0&sz=18,limpieza
ahorramas,Detergente en cápsulas Ariel pods 12 lavados con toque de lenor frescor abril,detergente en capsulas ariel pods 12 lavados con toque de lenor frescor abril,4.85,https://www.ahorramas.com/limpieza/?pmin=0.01&start=0&sz=18,limpieza
ahorramas,Bolsa de basura Handy Bag 12 uds. Antigoteo,bolsa de basura handy bag 12 uds. antigoteo,2.10,https://www.ahorramas.com/limpieza/?pmin=0.01&start=0&sz=18,limpieza
ahorramas,Limpiador wc colgador Bref 2 unidades blue activ,limpiador wc colgador bref 2 unidades blue activ,3.79,https://www.ahorramas.com/limpieza/?pmin=0.01&start=0&sz=18,limpieza
ahorramas,Desengrasante líquido Green Lanta 750ml,desengrasante liquido green lanta 750ml,1.50,https://www.ahorramas.com/limpieza/?pmin=0.01&start=0&sz=18,limpieza
ahorramas,Lejía Multiusos Sanicentro 750ml pistola,lejia multiusos sanicentro 750ml pistola,2.35,https://www.ahorramas.com/limpieza/?pmin=0.01&start=0&sz=18,limpieza
ahorramas,Guantes de nitrilo Lanta talla mediana especiales para lejía,guantes de nitrilo lanta talla mediana especiales para lejia,1.95,https://www.ahorramas.com/limpieza/?pmin=0.01&start=0&sz=18,limpieza
ahorramas,Detergente en cápsulas para lavavajillas Fairy 60 uds naranja,detergente en capsulas para lavavajillas fairy 60 uds naranja,10.20,https://www.ahorramas.com/limpieza/?pmin=0.01&start=0&sz=18,limpieza
ahorramas,Recogedor Mik SP-Berner Antivuelco,recogedor mik sp-berner antivuelco,1.55,https://www.ahorramas.com/limpieza/?pmin=0.01&start=0&sz=18,limpieza
ahorramas,Tinte para ropa Iberia 40ºc 2 sobres azul marino no destiñe,tinte para ropa iberia 40oc 2 sobres azul marino no destine,2.99,https://www.ahorramas.com/limpieza/?pmin=0.01&start=0&sz=18,limpieza
ahorramas,Ambientador eléctrico Ambipur 3volution recambio japan,ambientador electrico ambipur 3volution recambio japan,5.45,https://www.ahorramas.com/limpieza/?pmin=0.01&start=0&sz=18,limpieza
ahorramas,Quitamanchas en polvo Sanytol bote 450g desinfectante sin bacterias,quitamanchas en polvo sanytol bote 450g desinfectante sin bacterias,4.99,https://www.ahorramas.com/limpieza/?pmin=0.01&start=0&sz=18,limpieza
ahorramas,Insecticida concentrado Lanta spray 520ml hogar,insecticida concentrado lanta spray 520ml hogar,1.95,https://www.ahorramas.com/limpieza/?pmin=0.01&start=0&sz=18,limpieza
ahorramas,Detergente vajilla polvo-líquido Lanta 22lavados,detergente vajilla polvo-liquido lanta 22lavados,3.80,https://www.ahorramas.com/limpieza/?pmin=0.01&start=0&sz=18,limpieza
ahorramas,Estropajo fibra blanca Lanta 2 unidades baño,estropajo fibra blanca lanta 2 unidades bano,1.00,https://www.ahorramas.com/limpieza/?pmin=0.01&start=0&sz=18,limpieza
ahorramas,Aditivo quitadesteñidos Iberia,aditivo quitadestenidos iberia,3.99,https://www.ahorramas.com/limpieza/?pmin=0.01&start=0&sz=18,limpieza
ahorramas,Vela vaso aromatium Martínez Morales 120g clean cotton,vela vaso aromatium martinez morales 120g clean cotton,1.85,https://www.ahorramas.com/limpieza/?pmin=0.01&start=0&sz=18,limpieza
ahorramas,Desinfectantes Sanytol 500 ml elimina olores antialergenos,desinfectantes sanytol 500 ml elimina olores antialergenos,3.99,https://www.ahorramas.com/limpieza/?pmin=0.01&start=0&sz=18,limpieza
ahorramas,Planchado fácil spray Lanta 750ml 2 en 1,planchado facil spray lanta 750ml 2 en 1,1.99,https://www.ahorramas.com/limpieza/?pmin=0.01&start=0&sz=18,limpieza
ahorramas,Palo Vileda 140 cm Universal,palo vileda 140 cm universal,4.49,https://www.ahorramas.com/limpieza/?pmin=0.01&start=0&sz=18,limpieza
ahorramas,Limpihogar gel Lanta 1.5 l clorado,limpihogar gel lanta 1.5 l clorado,1.90,https://www.ahorramas.com/limpieza/?pmin=0.01&start=0&sz=18,limpieza
ahorramas,Lavavajillas Fairy 820 ml Aloe y pepino,lavavajillas fairy 820 ml aloe y pepino,3.15,https://www.ahorramas.com/limpieza/?pmin=0.01&start=0&sz=18,limpieza
ahorramas,Quitamanchas en polvo Vanish 400 gr Gold White,quitamanchas en polvo vanish 400 gr gold white,4.49,https://www.ahorramas.com/limpieza/?pmin=0.01&start=0&sz=18,limpieza
ahorramas,Ambientador vaporizado Lanta 100ml ropa limpia,ambientador vaporizado lanta 100ml ropa limpia,2.49,https://www.ahorramas.com/limpieza/?pmin=0.01&start=0&sz=18,limpieza
ahorramas,Eliminaolor Lanta 40g para neveras,eliminaolor lanta 40g para neveras,1.80,https://www.ahorramas.com/limpieza/?pmin=0.01&start=0&sz=18,limpieza
ahorramas,Lavavajillas Lanta 500ml frutos rojos,lavavajillas lanta 500ml frutos rojos,1.00,https://www.ahorramas.com/limpieza/?pmin=0.01&start=0&sz=18,limpieza
ahorramas,Ambientador eléctrico Lanta recambio ropa limpia,ambientador electrico lanta recambio ropa limpia,1.60,https://www.ahorramas.com/limpieza/?pmin=0.01&start=0&sz=18,limpieza
ahorramas,Detergente líquido Lanta 66 lavados Piel sesible,detergente liquido lanta 66 lavados piel sesible,4.80,https://www.ahorramas.com/limpieza/?pmin=0.01&start=0&sz=18,limpieza
ahorramas,Bolsas de basura Lanta 20 uds 30 litros cubo alto,bolsas de basura lanta 20 uds 30 litros cubo alto,1.85,https://www.ahorramas.com/limpieza/?pmin=0.01&start=0&sz=18,limpieza
ahorramas,"Limpiahogar Tenn 1,3 litros Multisuperficies","limpiahogar tenn 1,3 litros multisuperficies",3.75,https://www.ahorramas.com/limpieza/?pmin=0.01&start=0&sz=18,limpieza
ahorramas,Limpiador Cillit Bang pistola 1 litro cal y suciedad,limpiador cillit bang pistola 1 litro cal y suciedad,3.90,https://www.ahorramas.com/limpieza/?pmin=0.01&start=0&sz=18,limpieza
ahorramas,Detergente en pastillas para lavavajillas Lanta 50 uds classic,detergente en pastillas para lavavajillas lanta 50 uds classic,3.40,https://www.ahorramas.com/limpieza/?pmin=0.01&start=0&sz=18,limpieza
ahorramas,Detergente en pastillas Puntomatic 4 lavados 8 unidades ropa blanca,detergente en pastillas puntomatic 4 lavados 8 unidades ropa blanca,1.05,https://www.ahorramas.com/limpieza/?pmin=0.01&start=0&sz=18,limpieza
ahorramas,Quitamanchas oxigeno activo en polvo Lanta 1kg para ropa blanca,quitamanchas oxigeno activo en polvo lanta 1kg para ropa blanca,3.10,https://www.ahorramas.com/limpieza/?pmin=0.01&start=0&sz=18,limpieza
ahorramas,Ambientador tipo bolsa Lanta 3 uds ropa limpia,ambientador tipo bolsa lanta 3 uds ropa limpia,1.99,https://www.ahorramas.com/limpieza/?pmin=0.01&start=0&sz=18,limpieza
ahorramas,Perlas perfumadas ropa unstoppables 270 gr Sensaciones,perlas perfumadas ropa unstoppables 270 gr sensaciones,9.99,https://www.ahorramas.com/limpieza/?pmin=0.01&start=0&sz=18,limpieza
ahorramas,Detergente liquido Dixan 40+8 lavados,detergente liquido dixan 40+8 lavados,8.35,https://www.ahorramas.com/limpieza/?pmin=0.01&start=0&sz=18,limpieza
ahorramas,Palo Ergoclean 140 cm,palo ergoclean 140 cm,1.75,https://www.ahorramas.com/limpieza/?pmin=0.01&start=0&sz=18,limpieza
ahorramas,Guantes de nitrilo Lanta 20 unidades Talla M/G,guantes de nitrilo lanta 20 unidades talla m/g,1.60,https://www.ahorramas.com/limpieza/?pmin=0.01&start=0&sz=18,limpieza
ahorramas,Limpiador multiusos 3 brujas 750ml pistola pH,limpiador multiusos 3 brujas 750ml pistola ph,2.55,https://www.ahorramas.com/limpieza/?pmin=0.01&start=0&sz=18,limpieza
ahorramas,Quitamanchas oxigeno activo en polvo Lanta 1kg para ropa de color,quitamanchas oxigeno activo en polvo lanta 1kg para ropa de color,3.10,https://www.ahorramas.com/limpieza/?pmin=0.01&start=0&sz=18,limpieza
ahorramas,Perfumador ropa San 40 lavador Cielo Primavera,perfumador ropa san 40 lavador cielo primavera,3.99,https://www.ahorramas.com/limpieza/?pmin=0.01&start=0&sz=18,limpieza
ahorramas,Desinfectante discos activos Pato recambio 2 unidades Marine,desinfectante discos activos pato recambio 2 unidades marine,5.55,https://www.ahorramas.com/limpieza/?pmin=0.01&start=0&sz=18,limpieza
ahorramas,Suavizante concentrado Lanta 60 lavados Green,suavizante concentrado lanta 60 lavados green,2.15,https://www.ahorramas.com/limpieza/?pmin=0.01&start=0&sz=18,limpieza
ahorramas,Ambientador coche Lanta 6ml aire fresco,ambientador coche lanta 6ml aire fresco,1.85,https://www.ahorramas.com/limpieza/?pmin=0.01&start=0&sz=18,limpieza
ahorramas,Perlas perfumadas unstoppables Lenor 270 gr Fresh,perlas perfumadas unstoppables lenor 270 gr fresh,9.99,https://www.ahorramas.com/limpieza/?pmin=0.01&start=0&sz=18,limpieza
ahorramas,Ambientador en perlas Lanta 110g lima,ambientador en perlas lanta 110g lima,1.45,https://www.ahorramas.com/limpieza/?pmin=0.01&start=0&sz=18,limpieza
ahorramas,Desatascador Baño Acción Turbo Sanicentro,desatascador bano accion turbo sanicentro,4.49,https://www.ahorramas.com/limpieza/?pmin=0.01&start=0&sz=18,limpieza
ahorramas,Detergente en polvo Lanta 20 lavados poder total,detergente en polvo lanta 20 lavados poder total,2.99,https://www.ahorramas.com/limpieza/?pmin=0.01&start=0&sz=18,limpieza
ahorramas,Limpihogar spray Viakal 700+100 ml antical,limpihogar spray viakal 700+100 ml antical,4.35,https://www.ahorramas.com/limpieza/?pmin=0.01&start=0&sz=18,limpieza
ahorramas,Bayeta de microfibra Lanta especial polvo,bayeta de microfibra lanta especial polvo,0.90,https://www.ahorramas.com/limpieza/?pmin=0.01&start=0&sz=18,limpieza
ahorramas,Cubo de fregar con escurridor Plastiken 16l rectangular varios colores,cubo de fregar con escurridor plastiken 16l rectangular varios colores,5.25,https://www.ahorramas.com/limpieza/?pmin=0.01&start=0&sz=18,limpieza
ahorramas,Detergente líquido Ariel platinum 25 lavados con un toque de lenor frescor de abril,detergente liquido ariel platinum 25 lavados con un toque de lenor frescor de abril,8.99,https://www.ahorramas.com/limpieza/?pmin=0.01&start=0&sz=18,limpieza
ahorramas,Ambientador en spray Lanta fantasy sin residuos húmedos 250ml,ambientador en spray lanta fantasy sin residuos humedos 250ml,2.00,https://www.ahorramas.com/limpieza/?pmin=0.01&start=0&sz=18,limpieza
ahorramas,Bayeta de microfibras Vileda 3+1u colors xl,bayeta de microfibras vileda 3+1u colors xl,3.49,https://www.ahorramas.com/limpieza/?pmin=0.01&start=0&sz=18,limpieza
ahorramas,Detergente líquido Wipp Express 35+18 Lavados Limpio&Liso,detergente liquido wipp express 35+18 lavados limpio&liso,9.99,https://www.ahorramas.com/limpieza/?pmin=0.01&start=0&sz=18,limpieza
ahorramas,Ambientador a pilas Airwick essential mist aparato cítrico,ambientador a pilas airwick essential mist aparato citrico,5.79,https://www.ahorramas.com/limpieza/?pmin=0.01&start=0&sz=18,limpieza
ahorramas,Ambientador eléctrico Ambipur aparato+recambio sky,ambientador electrico ambipur aparato+recambio sky,4.99,https://www.ahorramas.com/limpieza/?pmin=0.01&start=0&sz=18,limpieza
ahorramas,Detergente líquido Ariel platinum 25 lav+poder quitamanchas,detergente liquido ariel platinum 25 lav+poder quitamanchas,8.99,https://www.ahorramas.com/limpieza/?pmin=0.01&start=0&sz=18,limpieza
ahorramas,Ambientador Airwick essential mist 20ml recambio cítrico,ambientador airwick essential mist 20ml recambio citrico,4.99,https://www.ahorramas.com/limpieza/?pmin=0.01&start=0&sz=18,limpieza
ahorramas,Limpiador WC Colgador Bref 2 Unidades Hawaii,limpiador wc colgador bref 2 unidades hawaii,1.99,https://www.ahorramas.com/limpieza/?pmin=0.01&start=0&sz=18,limpieza
ahorramas,Ambientador Glade sense&spray recambio relaxing zen,ambientador glade sense&spray recambio relaxing zen,2.49,https://www.ahorramas.com/limpieza/?pmin=0.01&start=0&sz=18,limpieza
ahorramas,Desatascador líquido WC Net 500+500ml turbo,desatascador liquido wc net 500+500ml turbo,6.99,https://www.ahorramas.com/limpieza/?pmin=0.01&start=0&sz=18,limpieza
ahorramas,Detergente líquido Micolor 30 lavados Color Vivo,detergente liquido micolor 30 lavados color vivo,5.95,https://www.ahorramas.com/limpieza/?pmin=0.01&start=0&sz=18,limpieza
ahorramas,Ambientador Glade sense&spray lavanda y jazmín a pilas,ambientador glade sense&spray lavanda y jazmin a pilas,3.50,https://www.ahorramas.com/limpieza/?pmin=0.01&start=0&sz=18,limpieza
ahorramas,Insecticida trampa casa jardín 6 uds cucarachas,insecticida trampa casa jardin 6 uds cucarachas,2.65,https://www.ahorramas.com/limpieza/?pmin=0.01&start=0&sz=18,limpieza
ahorramas,Detergente Micolor Cápsulas 25 lavados A separar,detergente micolor capsulas 25 lavados a separar,5.95,https://www.ahorramas.com/limpieza/?pmin=0.01&start=0&sz=18,limpieza
ahorramas,Perfumador de ropa Flor 36 lavados Azul,perfumador de ropa flor 36 lavados azul,3.49,https://www.ahorramas.com/limpieza/?pmin=0.01&start=0&sz=18,limpieza
ahorramas,Ambientador eléctrico Ambipur recambio elegance,ambientador electrico ambipur recambio elegance,2.59,https://www.ahorramas.com/limpieza/?pmin=0.01&start=0&sz=18,limpieza
ahorramas,Desengrasante Don Limpio Cocina Cítrico Spray 800 ml,desengrasante don limpio cocina citrico spray 800 ml,2.99,https://www.ahorramas.com/limpieza/?pmin=0.01&start=0&sz=18,limpieza
ahorramas,Detergente liquido Ariel platinum 25 lavados con un toque de lenor frescor de sensaciones,detergente liquido ariel platinum 25 lavados con un toque de lenor frescor de sensaciones,8.99,https://www.ahorramas.com/limpieza/?pmin=0.01&start=0&sz=18,limpieza
ahorramas,Detergente líquido antiolores Wipp Express botella 53 dosis,detergente liquido antiolores wipp express botella 53 dosis,9.99,https://www.ahorramas.com/limpieza/?pmin=0.01&start=0&sz=18,limpieza
ahorramas,Ambientador Glade sense&spray recambio lavanda,ambientador glade sense&spray recambio lavanda,2.49,https://www.ahorramas.com/limpieza/?pmin=0.01&start=0&sz=18,limpieza
ahorramas,Lavavajillas en spray Fairy poder 3 en 1 500ml limón,lavavajillas en spray fairy poder 3 en 1 500ml limon,3.79,https://www.ahorramas.com/limpieza/?pmin=0.01&start=0&sz=18,limpieza
ahorramas,Limpiador de hornos Mr.Forza 300ml,limpiador de hornos mr.forza 300ml,5.99,https://www.ahorramas.com/limpieza/?pmin=0.01&start=0&sz=18,limpieza
ahorramas,Vela vaso aromatium Martínez Morales 120g vainilla,vela vaso aromatium martinez morales 120g vainilla,1.85,https://www.ahorramas.com/limpieza/?pmin=0.01&start=0&sz=18,limpieza
ahorramas,Plantilla Térmicas Achuchonas Talla 33-45,plantilla termicas achuchonas talla 33-45,4.99,https://www.ahorramas.com/limpieza/?pmin=0.01&start=0&sz=18,limpieza
ahorramas,Desinfectante discos activos Pato recambio 2 unidades lima,desinfectante discos activos pato recambio 2 unidades lima,5.55,https://www.ahorramas.com/limpieza/?pmin=0.01&start=0&sz=18,limpieza
ahorramas,"Limpiahogar Lanta 1,5 l Pino Alcohol","limpiahogar lanta 1,5 l pino alcohol",1.60,https://www.ahorramas.com/limpieza/?pmin=0.01&start=0&sz=18,limpieza
ahorramas,Insecticida cucarachida Lanta 400ml,insecticida cucarachida lanta 400ml,2.29,https://www.ahorramas.com/limpieza/?pmin=0.01&start=0&sz=18,limpieza
ahorramas,Insecticida spray Lanta 750ml sin olor,insecticida spray lanta 750ml sin olor,2.25,https://www.ahorramas.com/limpieza/?pmin=0.01&start=0&sz=18,limpieza
ahorramas,ESCOBILLERO WC VIGAR,escobillero wc vigar,1.99,https://www.ahorramas.com/limpieza/?pmin=0.01&start=0&sz=18,limpieza
ahorramas,Esencia hidrosoluble Ambar 50ml aire limpio,esencia hidrosoluble ambar 50ml aire limpio,1.99,https://www.ahorramas.com/limpieza/?pmin=0.01&start=0&sz=18,limpieza
ahorramas,Plantilla memory Achuchonas con soporte de arco 37-38,plantilla memory achuchonas con soporte de arco 37-38,9.99,https://www.ahorramas.com/limpieza/?pmin=0.01&start=0&sz=18,limpieza
ahorramas,Quitamanchas en gel Vanish 690ml gold white,quitamanchas en gel vanish 690ml gold white,4.49,https://www.ahorramas.com/limpieza/?pmin=0.01&start=0&sz=18,limpieza
ahorramas,"Ambientador baño Ambipur 7,5ml hierba fresca","ambientador bano ambipur 7,5ml hierba fresca",3.99,https://www.ahorramas.com/limpieza/?pmin=0.01&start=0&sz=18,limpieza
ahorramas,Renovador de piel spray Búfalo 250 ml incoloro,renovador de piel spray bufalo 250 ml incoloro,7.99,https://www.ahorramas.com/limpieza/?pmin=0.01&start=0&sz=18,limpieza
ahorramas,Fregona de microfibra Vileda super con cabezal universal,fregona de microfibra vileda super con cabezal universal,4.29,https://www.ahorramas.com/limpieza/?pmin=0.01&start=0&sz=18,limpieza
ahorramas,Betún en tarro incoloro Búfalo 40 ml,betun en tarro incoloro bufalo 40 ml,3.45,https://www.ahorramas.com/limpieza/?pmin=0.01&start=0&sz=18,limpieza
ahorramas,Insecticida en spray Raid 400ml multi-insectos,insecticida en spray raid 400ml multi-insectos,6.45,https://www.ahorramas.com/limpieza/?pmin=0.01&start=0&sz=18,limpieza
ahorramas,Limpieza mágica Tenn 375gr piedra blanca,limpieza magica tenn 375gr piedra blanca,6.99,https://www.ahorramas.com/limpieza/?pmin=0.01&start=0&sz=18,limpieza
ahorramas,Limpiador spray crema Cif 650 ml Multiusos,limpiador spray crema cif 650 ml multiusos,2.99,https://www.ahorramas.com/limpieza/?pmin=0.01&start=0&sz=18,limpieza
ahorramas,Palo extensible Sp-Berner 80-140 cm,palo extensible sp-berner 80-140 cm,2.80,https://www.ahorramas.com/limpieza/?pmin=0.01&start=0&sz=18,limpieza
ahorramas,Antihumedad Sec 2000 aparato,antihumedad sec 2000 aparato,3.15,https://www.ahorramas.com/limpieza/?pmin=0.01&start=0&sz=18,limpieza
ahorramas,Ambientador coche Lanta 6ml dama de noche,ambientador coche lanta 6ml dama de noche,1.85,https://www.ahorramas.com/limpieza/?pmin=0.01&start=0&sz=18,limpieza
ahorramas,Plantilla modelo memory antiolor Achuchonas talla 37-38,plantilla modelo memory antiolor achuchonas talla 37-38,7.99,https://www.ahorramas.com/limpieza/?pmin=0.01&start=0&sz=18,limpieza
ahorramas,Almohadilla Achuchonas adhesiva plantar,almohadilla achuchonas adhesiva plantar,2.99,https://www.ahorramas.com/limpieza/?pmin=0.01&start=0&sz=18,limpieza
ahorramas,Limpiador para mopas Lanta spray 750ml,limpiador para mopas lanta spray 750ml,2.85,https://www.ahorramas.com/limpieza/?pmin=0.01&start=0&sz=18,limpieza
ahorramas,Bolsas de basura Lanta 10 uds 120 litros sacos de jardín,bolsas de basura lanta 10 uds 120 litros sacos de jardin,2.65,https://www.ahorramas.com/limpieza/?pmin=0.01&start=0&sz=18,limpieza
ahorramas,"Ambientador coche Lanta 4,5ml 2 unidades frutas bosque","ambientador coche lanta 4,5ml 2 unidades frutas bosque",1.85,https://www.ahorramas.com/limpieza/?pmin=0.01&start=0&sz=18,limpieza
ahorramas,Insecticida pulsera perfumada citronella Lumar Talla L,insecticida pulsera perfumada citronella lumar talla l,1.50,https://www.ahorramas.com/limpieza/?pmin=0.01&start=0&sz=18,limpieza
ahorramas,Bayeta Vileda 2 Unidades Actifibre Soft,bayeta vileda 2 unidades actifibre soft,3.39,https://www.ahorramas.com/limpieza/?pmin=0.01&start=0&sz=18,limpieza
ahorramas,Cubo de fregar con escurridor Vileda color rojo,cubo de fregar con escurridor vileda color rojo,13.95,https://www.ahorramas.com/limpieza/?pmin=0.01&start=0&sz=18,limpieza
ahorramas,Desinfectante Discos Activos Pato Recambio 2 Unidades Azul,desinfectante discos activos pato recambio 2 unidades azul,5.99,https://www.ahorramas.com/limpieza/?pmin=0.01&start=0&sz=18,limpieza
ahorramas,Mopa Lanta atrapapolvo con 10 gamuzas de recambio,mopa lanta atrapapolvo con 10 gamuzas de recambio,4.50,https://www.ahorramas.com/limpieza/?pmin=0.01&start=0&sz=18,limpieza
ahorramas,Talonera adhesiva gel Achuchonas,talonera adhesiva gel achuchonas,3.20,https://www.ahorramas.com/limpieza/?pmin=0.01&start=0&sz=18,limpieza
ahorramas,Limpiador Bref WC colgador gel brillante océano ártico,limpiador bref wc colgador gel brillante oceano artico,2.10,https://www.ahorramas.com/limpieza/?pmin=0.01&start=0&sz=18,limpieza
ahorramas,"Limpiahogar Lanta 1,5 l Ph Neutro","limpiahogar lanta 1,5 l ph neutro",1.55,https://www.ahorramas.com/limpieza/?pmin=0.01&start=0&sz=18,limpieza
ahorramas,Plantilla memory Achuchonas con soporte de arco 39-40,plantilla memory achuchonas con soporte de arco 39-40,9.99,https://www.ahorramas.com/limpieza/?pmin=0.01&start=0&sz=18,limpieza
ahorramas,Repele multiinsectos vaporizador spray Autan 100 ml,repele multiinsectos vaporizador spray autan 100 ml,8.65,https://www.ahorramas.com/limpieza/?pmin=0.01&start=0&sz=18,limpieza
ahorramas,Sosa cáustica Diranzo 1kg,sosa caustica diranzo 1kg,3.50,https://www.ahorramas.com/limpieza/?pmin=0.01&start=0&sz=18,limpieza
ahorramas,Betún en tarro marrón Búfalo 40 ml,betun en tarro marron bufalo 40 ml,3.45,https://www.ahorramas.com/limpieza/?pmin=0.01&start=0&sz=18,limpieza
ahorramas,Betún crema autobrillante marrón Búfalo 50 ml,betun crema autobrillante marron bufalo 50 ml,2.55,https://www.ahorramas.com/limpieza/?pmin=0.01&start=0&sz=18,limpieza
ahorramas,"Ambientador baño Ambipur 7,5Ml Aroma A Limpio","ambientador bano ambipur 7,5ml aroma a limpio",3.99,https://www.ahorramas.com/limpieza/?pmin=0.01&start=0&sz=18,limpieza
ahorramas,Grasa de caballo Búfalo 75 ml Incoloro,grasa de caballo bufalo 75 ml incoloro,2.99,https://www.ahorramas.com/limpieza/?pmin=0.01&start=0&sz=18,limpieza
ahorramas,Betún en crema autobrillante blanco Búfalo 50 ml,betun en crema autobrillante blanco bufalo 50 ml,2.55,https://www.ahorramas.com/limpieza/?pmin=0.01&start=0&sz=18,limpieza
ahorramas,Tinte para ropa Iberia 40ºc 2 sobres negro,tinte para ropa iberia 40oc 2 sobres negro,2.99,https://www.ahorramas.com/limpieza/?pmin=0.01&start=0&sz=18,limpieza
ahorramas,Esencia hidrosoluble Ambar 50ml spa,esencia hidrosoluble ambar 50ml spa,1.99,https://www.ahorramas.com/limpieza/?pmin=0.01&start=0&sz=18,limpieza
ahorramas,Blanqueador juntas baldosinin 200ml concentrado,blanqueador juntas baldosinin 200ml concentrado,2.75,https://www.ahorramas.com/limpieza/?pmin=0.01&start=0&sz=18,limpieza
ahorramas,Plantilla de gel descanso Achuchonas talla 41-48,plantilla de gel descanso achuchonas talla 41-48,7.90,https://www.ahorramas.com/limpieza/?pmin=0.01&start=0&sz=18,limpieza
ahorramas,Limpiador Bref WC colgador power activ pine forest,limpiador bref wc colgador power activ pine forest,1.85,https://www.ahorramas.com/limpieza/?pmin=0.01&start=0&sz=18,limpieza
ahorramas,Guantes de nitrilo Lanta talla grande especiales para lejía,guantes de nitrilo lanta talla grande especiales para lejia,1.95,https://www.ahorramas.com/limpieza/?pmin=0.01&start=0&sz=18,limpieza
ahorramas,Estropajo fibra Lanta 4 unidades verde,estropajo fibra lanta 4 unidades verde,1.10,https://www.ahorramas.com/limpieza/?pmin=0.01&start=0&sz=18,limpieza
ahorramas,Reparador Pronto 100ml normal,reparador pronto 100ml normal,5.99,https://www.ahorramas.com/limpieza/?pmin=0.01&start=0&sz=18,limpieza
ahorramas,Detergente líquido Skip Limpieza Profunda 35+18 lavados 50% GRATIS,detergente liquido skip limpieza profunda 35+18 lavados 50% gratis,9.99,https://www.ahorramas.com/limpieza/?pmin=0.01&start=0&sz=18,limpieza
ahorramas,Jabón natural Pardo 2 uds 150g,jabon natural pardo 2 uds 150g,1.39,https://www.ahorramas.com/limpieza/?pmin=0.01&start=0&sz=18,limpieza
ahorramas,Betún en crema autobrillante incoloro Búfalo 50 ml,betun en crema autobrillante incoloro bufalo 50 ml,2.55,https://www.ahorramas.com/limpieza/?pmin=0.01&start=0&sz=18,limpieza
ahorramas,Protector de pieles spray Búfalo 250 ml,protector de pieles spray bufalo 250 ml,4.85,https://www.ahorramas.com/limpieza/?pmin=0.01&start=0&sz=18,limpieza
ahorramas,Suavizante Concentrado Bergamota Salvaje Mimosín Origins 50 lavados,suavizante concentrado bergamota salvaje mimosin origins 50 lavados,3.25,https://www.ahorramas.com/limpieza/?pmin=0.01&start=0&sz=18,limpieza
ahorramas,Ambientador Freshmatic Airwick Nenuco,ambientador freshmatic airwick nenuco,8.45,https://www.ahorramas.com/limpieza/?pmin=0.01&start=0&sz=18,limpieza
ahorramas,Plumero de avestruz Raspum telescópico,plumero de avestruz raspum telescopico,4.95,https://www.ahorramas.com/limpieza/?pmin=0.01&start=0&sz=18,limpieza
ahorramas,Protector impermeabilizante Búfalo 250ml pieles y tejidos todos los colores,protector impermeabilizante bufalo 250ml pieles y tejidos todos los colores,7.65,https://www.ahorramas.com/limpieza/?pmin=0.01&start=0&sz=18,limpieza
ahorramas,Apresto Toke 500ml Instantáneo,apresto toke 500ml instantaneo,5.15,https://www.ahorramas.com/limpieza/?pmin=0.01&start=0&sz=18,limpieza
ahorramas,"Lejía Neutrex 1,9l futura","lejia neutrex 1,9l futura",3.35,https://www.ahorramas.com/limpieza/?pmin=0.01&start=0&sz=18,limpieza
ahorramas,Ambientador minispray Lanta aparato + 3 recambios frutos rojos,ambientador minispray lanta aparato + 3 recambios frutos rojos,2.99,https://www.ahorramas.com/limpieza/?pmin=0.01&start=0&sz=18,limpieza
ahorramas,Detergente Cápsulas Dixan 24Lav Triocaps 4+1,detergente capsulas dixan 24lav triocaps 4+1,8.35,https://www.ahorramas.com/limpieza/?pmin=0.01&start=0&sz=18,limpieza
ahorramas,Plantillas Achuchonas 40-45 Memory Work,plantillas achuchonas 40-45 memory work,7.99,https://www.ahorramas.com/limpieza/?pmin=0.01&start=0&sz=18,limpieza
ahorramas,Plantilla sport Achuchonas talla 35-42,plantilla sport achuchonas talla 35-42,6.35,https://www.ahorramas.com/limpieza/?pmin=0.01&start=0&sz=18,limpieza
ahorramas,Amoniaco muy fuerte Lanta 750ml con detergente,amoniaco muy fuerte lanta 750ml con detergente,1.25,https://www.ahorramas.com/limpieza/?pmin=0.01&start=0&sz=18,limpieza
ahorramas,Estropajo de fibra Scoth-Brite 2 uds verde,estropajo de fibra scoth-brite 2 uds verde,1.95,https://www.ahorramas.com/limpieza/?pmin=0.01&start=0&sz=18,limpieza
ahorramas,Paño microfibra Lanta 2 unidades secavajillas,pano microfibra lanta 2 unidades secavajillas,2.50,https://www.ahorramas.com/limpieza/?pmin=0.01&start=0&sz=18,limpieza
ahorramas,Detergente líquido Green Lanta 40 lavados,detergente liquido green lanta 40 lavados,4.85,https://www.ahorramas.com/limpieza/?pmin=0.01&start=0&sz=18,limpieza
ahorramas,"Limpiahogar Tenn 1,3L Superficies delicadas Aloe Vera","limpiahogar tenn 1,3l superficies delicadas aloe vera",3.75,https://www.ahorramas.com/limpieza/?pmin=0.01&start=0&sz=18,limpieza
ahorramas,Plantilla De Gel Líquido Achuchonas Talla 36-39,plantilla de gel liquido achuchonas talla 36-39,5.50,https://www.ahorramas.com/limpieza/?pmin=0.01&start=0&sz=18,limpieza
ahorramas,Plantilla Memory Work Achuchonas Talla 36-40,plantilla memory work achuchonas talla 36-40,7.99,https://www.ahorramas.com/limpieza/?pmin=0.01&start=0&sz=18,limpieza
ahorramas,Guantes reforzados Lanta talla pequeña,guantes reforzados lanta talla pequena,2.00,https://www.ahorramas.com/limpieza/?pmin=0.01&start=0&sz=18,limpieza
ahorramas,Limpiador metales Luminia 500ml,limpiador metales luminia 500ml,2.99,https://www.ahorramas.com/limpieza/?pmin=0.01&start=0&sz=18,limpieza
ahorramas,Limpiador muebles Lanta 1l pistola,limpiador muebles lanta 1l pistola,2.15,https://www.ahorramas.com/limpieza/?pmin=0.01&start=0&sz=18,limpieza
ahorramas,Desinfectante Bref WC Triplo Active Pine 3x50gr,desinfectante bref wc triplo active pine 3x50gr,3.95,https://www.ahorramas.com/limpieza/?pmin=0.01&start=0&sz=18,limpieza
ahorramas,Antical en pastillas Calgon 15 uds contra cal suciedad y malos olores,antical en pastillas calgon 15 uds contra cal suciedad y malos olores,8.45,https://www.ahorramas.com/limpieza/?pmin=0.01&start=0&sz=18,limpieza
ahorramas,Plantilla de gel descanso Achuchonas talla 35-42,plantilla de gel descanso achuchonas talla 35-42,7.90,https://www.ahorramas.com/limpieza/?pmin=0.01&start=0&sz=18,limpieza
ahorramas,Escoba Mik SP-Berner Exterior,escoba mik sp-berner exterior,2.60,https://www.ahorramas.com/limpieza/?pmin=0.01&start=0&sz=18,limpieza
ahorramas,Insecticida cebo Cucal trampa 6 uds,insecticida cebo cucal trampa 6 uds,6.15,https://www.ahorramas.com/limpieza/?pmin=0.01&start=0&sz=18,limpieza
ahorramas,Ambientador eléctrico Lanta recambio Flores blancas,ambientador electrico lanta recambio flores blancas,1.60,https://www.ahorramas.com/limpieza/?pmin=0.01&start=0&sz=18,limpieza
ahorramas,Betún en crema autobrillante azul 50 ml,betun en crema autobrillante azul 50 ml,2.55,https://www.ahorramas.com/limpieza/?pmin=0.01&start=0&sz=18,limpieza
ahorramas,Paño microfibra Lanta secamanos,pano microfibra lanta secamanos,2.50,https://www.ahorramas.com/limpieza/?pmin=0.01&start=0&sz=18,limpieza
ahorramas,Betún en crema autobrillante negro Búfalo 50 ml,betun en crema autobrillante negro bufalo 50 ml,2.55,https://www.ahorramas.com/limpieza/?pmin=0.01&start=0&sz=18,limpieza
ahorramas,Humidificador esencia Ambar,humidificador esencia ambar,9.99,https://www.ahorramas.com/limpieza/?pmin=0.01&start=0&sz=18,limpieza
ahorramas,Ambientador neutralizador olores Lanta cubo de basura,ambientador neutralizador olores lanta cubo de basura,1.85,https://www.ahorramas.com/limpieza/?pmin=0.01&start=0&sz=18,limpieza
ahorramas,Ambientador automático Lanta 250ml recambio passion,ambientador automatico lanta 250ml recambio passion,1.80,https://www.ahorramas.com/limpieza/?pmin=0.01&start=0&sz=18,limpieza
ahorramas,"Ambientador baño Ambipur 7,5ml Flores elegantes","ambientador bano ambipur 7,5ml flores elegantes",3.99,https://www.ahorramas.com/limpieza/?pmin=0.01&start=0&sz=18,limpieza
ahorramas,Cordón deportivo Achuchonas 2x60cm blanco,cordon deportivo achuchonas 2x60cm blanco,1.40,https://www.ahorramas.com/limpieza/?pmin=0.01&start=0&sz=18,limpieza
ahorramas,"Detergente en polvo para ropa Flota Frescor Max. Eficacia, blancura, Perfume. Bolsa de 15 lavados","detergente en polvo para ropa flota frescor max. eficacia, blancura, perfume. bolsa de 15 lavados",2.99,https://www.ahorramas.com/limpieza/?pmin=0.01&start=0&sz=18,limpieza
ahorramas,Servilletas Lanta 50 uds doble capa color rojo,servilletas lanta 50 uds doble capa color rojo,1.55,https://www.ahorramas.com/limpieza/?pmin=0.01&start=0&sz=18,limpieza
ahorramas,Repele mosquitos spray Autan 100 ml Care,repele mosquitos spray autan 100 ml care,8.65,https://www.ahorramas.com/limpieza/?pmin=0.01&start=0&sz=18,limpieza
ahorramas,Recambio escoba cepillo 3action Vileda,recambio escoba cepillo 3action vileda,6.25,https://www.ahorramas.com/limpieza/?pmin=0.01&start=0&sz=18,limpieza
ahorramas,Plantilla modelo memory antiolor Achuchonas talla 39-40,plantilla modelo memory antiolor achuchonas talla 39-40,7.99,https://www.ahorramas.com/limpieza/?pmin=0.01&start=0&sz=18,limpieza
ahorramas,Plantilla memory Achuchonas con soporte de arco 41-42,plantilla memory achuchonas con soporte de arco 41-42,9.99,https://www.ahorramas.com/limpieza/?pmin=0.01&start=0&sz=18,limpieza
ahorramas,Limpiahornos-parrilla spray Cooper 300 ml,limpiahornos-parrilla spray cooper 300 ml,1.35,https://www.ahorramas.com/limpieza/?pmin=0.01&start=0&sz=18,limpieza
ahorramas,Guantes satinados Lanta sensibles talla pequeña,guantes satinados lanta sensibles talla pequena,0.75,https://www.ahorramas.com/limpieza/?pmin=0.01&start=0&sz=18,limpieza
ahorramas,Desinfectante para lavar fruta-verdura Sanicentro 750ml,desinfectante para lavar fruta-verdura sanicentro 750ml,2.35,https://www.ahorramas.com/limpieza/?pmin=0.01&start=0&sz=18,limpieza
ahorramas,Quitamanchas gel Vanish 690 ml Gold,quitamanchas gel vanish 690 ml gold,4.49,https://www.ahorramas.com/limpieza/?pmin=0.01&start=0&sz=18,limpieza
ahorramas,Ambientador eléctrico Ambipur 3volution recambio Flores,ambientador electrico ambipur 3volution recambio flores,5.45,https://www.ahorramas.com/limpieza/?pmin=0.01&start=0&sz=18,limpieza
ahorramas,Repelente spray Autan 100ml activo,repelente spray autan 100ml activo,8.65,https://www.ahorramas.com/limpieza/?pmin=0.01&start=0&sz=18,limpieza
ahorramas,Plumero antiestático rubic,plumero antiestatico rubic,1.99,https://www.ahorramas.com/limpieza/?pmin=0.01&start=0&sz=18,limpieza
ahorramas,Quitamanchas para ropa Cebralín spray 200ml,quitamanchas para ropa cebralin spray 200ml,3.89,https://www.ahorramas.com/limpieza/?pmin=0.01&start=0&sz=18,limpieza
ahorramas,"Desinfectante Textil Essence Perfumado Sanicentro 1,5 litros","desinfectante textil essence perfumado sanicentro 1,5 litros",4.29,https://www.ahorramas.com/limpieza/?pmin=0.01&start=0&sz=18,limpieza
ahorramas,Insecticida electrico aparato + recambio Bloom para mosquitos,insecticida electrico aparato + recambio bloom para mosquitos,8.65,https://www.ahorramas.com/limpieza/?pmin=0.01&start=0&sz=18,limpieza
ahorramas,Plantilla memory transpirable Achuchonas talla 25-46,plantilla memory transpirable achuchonas talla 25-46,6.95,https://www.ahorramas.com/limpieza/?pmin=0.01&start=0&sz=18,limpieza
ahorramas,Tubo de betún crema Búfalo incoloro 50 ml,tubo de betun crema bufalo incoloro 50 ml,2.69,https://www.ahorramas.com/limpieza/?pmin=0.01&start=0&sz=18,limpieza
ahorramas,Escoba Mik SP-Berner Cariñosa,escoba mik sp-berner carinosa,3.49,https://www.ahorramas.com/limpieza/?pmin=0.01&start=0&sz=18,limpieza
ahorramas,Perlas perfumadas ropa Unstoppables Lenor 270 gr Ariel,perlas perfumadas ropa unstoppables lenor 270 gr ariel,9.99,https://www.ahorramas.com/limpieza/?pmin=0.01&start=0&sz=18,limpieza
ahorramas,Antihumedad Sec 2000 recambio,antihumedad sec 2000 recambio,2.00,https://www.ahorramas.com/limpieza/?pmin=0.01&start=0&sz=18,limpieza
ahorramas,Agua plancha Lanta 1 litro,agua plancha lanta 1 litro,1.50,https://www.ahorramas.com/limpieza/?pmin=0.01&start=0&sz=18,limpieza
ahorramas,Ambientador eléctrico Ambipur 3volution recambio nube de algodón,ambientador electrico ambipur 3volution recambio nube de algodon,5.45,https://www.ahorramas.com/limpieza/?pmin=0.01&start=0&sz=18,limpieza
ahorramas,Ambientador eléctrico Lanta aparato+recambio 25ml frutos rojos,ambientador electrico lanta aparato+recambio 25ml frutos rojos,2.95,https://www.ahorramas.com/limpieza/?pmin=0.01&start=0&sz=18,limpieza
ahorramas,Ambientador Glade un toque aparato+recambio,ambientador glade un toque aparato+recambio,4.75,https://www.ahorramas.com/limpieza/?pmin=0.01&start=0&sz=18,limpieza
ahorramas,Cordón de zapato Achuchonas 2x75cm negro,cordon de zapato achuchonas 2x75cm negro,1.40,https://www.ahorramas.com/limpieza/?pmin=0.01&start=0&sz=18,limpieza
ahorramas,Cordones Achuchonas negro 160 cm,cordones achuchonas negro 160 cm,1.40,https://www.ahorramas.com/limpieza/?pmin=0.01&start=0&sz=18,limpieza
ahorramas,Cordones planos Achuchonas negros 110 cm,cordones planos achuchonas negros 110 cm,1.20,https://www.ahorramas.com/limpieza/?pmin=0.01&start=0&sz=18,limpieza
ahorramas,Limpiador vitroceramica induccion Lanta 1l pistola,limpiador vitroceramica induccion lanta 1l pistola,2.15,https://www.ahorramas.com/limpieza/?pmin=0.01&start=0&sz=18,limpieza
ahorramas,Repele mosquitos spray Autan 25 ml No+Pick,repele mosquitos spray autan 25 ml no+pick,8.65,https://www.ahorramas.com/limpieza/?pmin=0.01&start=0&sz=18,limpieza
ahorramas,Insecticida pulsera perfumada citronella Lumar Talla S,insecticida pulsera perfumada citronella lumar talla s,1.50,https://www.ahorramas.com/limpieza/?pmin=0.01&start=0&sz=18,limpieza
ahorramas,Barreño Plastiken 8l,barreno plastiken 8l,2.20,https://www.ahorramas.com/limpieza/?pmin=0.01&start=0&sz=18,limpieza
ahorramas,Guantes De Latex Lanta 20U T-P/M,guantes de latex lanta 20u t-p/m,1.25,https://www.ahorramas.com/limpieza/?pmin=0.01&start=0&sz=18,limpieza
ahorramas,Mopa de microfibra Spontex recambio,mopa de microfibra spontex recambio,4.50,https://www.ahorramas.com/limpieza/?pmin=0.01&start=0&sz=18,limpieza
ahorramas,Guantes satinados Lanta sensibles talla grande,guantes satinados lanta sensibles talla grande,0.75,https://www.ahorramas.com/limpieza/?pmin=0.01&start=0&sz=18,limpieza
ahorramas,Quitamanchas Pretratante Alfombras y Tapicerías Vanish Oxi Action Powerfoam 600ml,quitamanchas pretratante alfombras y tapicerias vanish oxi action powerfoam 600ml,7.99,https://www.ahorramas.com/limpieza/?pmin=0.01&start=0&sz=18,limpieza
ahorramas,Plantilla modelo carbón bicolor Achuchonas 2x1 talla 33-45,plantilla modelo carbon bicolor achuchonas 2x1 talla 33-45,3.99,https://www.ahorramas.com/limpieza/?pmin=0.01&start=0&sz=18,limpieza
ahorramas,Limpiador desinfectante Sanytol 750ml cocina,limpiador desinfectante sanytol 750ml cocina,3.29,https://www.ahorramas.com/limpieza/?pmin=0.01&start=0&sz=18,limpieza
ahorramas,Cordón para zapato achuchonas 2x75cm marrón,cordon para zapato achuchonas 2x75cm marron,1.40,https://www.ahorramas.com/limpieza/?pmin=0.01&start=0&sz=18,limpieza
ahorramas,Plumero Lanta atrapapolvo recambio,plumero lanta atrapapolvo recambio,1.85,https://www.ahorramas.com/limpieza/?pmin=0.01&start=0&sz=18,limpieza
ahorramas,Toallitas suavizantes Flor 40 unidades para secadora Elixir,toallitas suavizantes flor 40 unidades para secadora elixir,4.99,https://www.ahorramas.com/limpieza/?pmin=0.01&start=0&sz=18,limpieza
ahorramas,Detergente líquido Lanta 30 lavados Eliminaolores,detergente liquido lanta 30 lavados eliminaolores,3.45,https://www.ahorramas.com/limpieza/?pmin=0.01&start=0&sz=18,limpieza
ahorramas,Algodón mágico Stark 75g limpiametales,algodon magico stark 75g limpiametales,3.15,https://www.ahorramas.com/limpieza/?pmin=0.01&start=0&sz=18,limpieza
ahorramas,Ambientador minispray Lanta aparato + 3 recambios Floral,ambientador minispray lanta aparato + 3 recambios floral,2.99,https://www.ahorramas.com/limpieza/?pmin=0.01&start=0&sz=18,limpieza
ahorramas,Ambientador eléctrico Airwick Recambio 2 unidades pure Nenuco,ambientador electrico airwick recambio 2 unidades pure nenuco,7.99,https://www.ahorramas.com/limpieza/?pmin=0.01&start=0&sz=18,limpieza
ahorramas,Detergente en polvo Wipp 30+9 lavados limpieza profunda,detergente en polvo wipp 30+9 lavados limpieza profunda,9.99,https://www.ahorramas.com/limpieza/?pmin=0.01&start=0&sz=18,limpieza
ahorramas,Detergente liquido Dixan 40+8 lavados total,detergente liquido dixan 40+8 lavados total,8.35,https://www.ahorramas.com/limpieza/?pmin=0.01&start=0&sz=18,limpieza
ahorramas,Limpiamuebles Lanta 400ml,limpiamuebles lanta 400ml,1.75,https://www.ahorramas.com/limpieza/?pmin=0.01&start=0&sz=18,limpieza
ahorramas,Ambientador Glade un toque recambio pack-2 lavanda,ambientador glade un toque recambio pack-2 lavanda,6.79,https://www.ahorramas.com/limpieza/?pmin=0.01&start=0&sz=18,limpieza
ahorramas,Plantilla Aloe Carbón activo Achuchonas Talla 33/45,plantilla aloe carbon activo achuchonas talla 33/45,3.65,https://www.ahorramas.com/limpieza/?pmin=0.01&start=0&sz=18,limpieza
ahorramas,Estropajo jabonoso Ajax 7 unidades desengrasante,estropajo jabonoso ajax 7 unidades desengrasante,1.29,https://www.ahorramas.com/limpieza/?pmin=0.01&start=0&sz=18,limpieza
ahorramas,Plantilla modelo almohadilla gel extrafina Achuchonas,plantilla modelo almohadilla gel extrafina achuchonas,3.75,https://www.ahorramas.com/limpieza/?pmin=0.01&start=0&sz=18,limpieza
ahorramas,Jabon puro capricho 500g en escamas,jabon puro capricho 500g en escamas,2.90,https://www.ahorramas.com/limpieza/?pmin=0.01&start=0&sz=18,limpieza
ahorramas,Mopa de microfibra Spontex con mango extensible,mopa de microfibra spontex con mango extensible,9.99,https://www.ahorramas.com/limpieza/?pmin=0.01&start=0&sz=18,limpieza
ahorramas,Guantes reforzados Lanta talla grande,guantes reforzados lanta talla grande,2.00,https://www.ahorramas.com/limpieza/?pmin=0.01&start=0&sz=18,limpieza
ahorramas,Aditivo blanquea cortinas Iberia 150ml,aditivo blanquea cortinas iberia 150ml,1.89,https://www.ahorramas.com/limpieza/?pmin=0.01&start=0&sz=18,limpieza
ahorramas,Plantilla salvamedias de gel Achuchonas 2 uds talla única,plantilla salvamedias de gel achuchonas 2 uds talla unica,1.99,https://www.ahorramas.com/limpieza/?pmin=0.01&start=0&sz=18,limpieza
ahorramas,"Limpiahogar Lanta 1,5 l Aloe","limpiahogar lanta 1,5 l aloe",2.15,https://www.ahorramas.com/limpieza/?pmin=0.01&start=0&sz=18,limpieza
ahorramas,Toallitas Bodyplus 40 unidades adultos,toallitas bodyplus 40 unidades adultos,2.75,https://www.ahorramas.com/limpieza/?pmin=0.01&start=0&sz=18,limpieza
ahorramas,Paño de microfibra Lanta especial móviles y gafas,pano de microfibra lanta especial moviles y gafas,1.00,https://www.ahorramas.com/limpieza/?pmin=0.01&start=0&sz=18,limpieza
ahorramas,Mantel eco Maxi 1.20x5m blanco,mantel eco maxi 1.20x5m blanco,1.70,https://www.ahorramas.com/limpieza/?pmin=0.01&start=0&sz=18,limpieza
ahorramas,Esencia hidrosoluble Ambar 50ml frutos rojos,esencia hidrosoluble ambar 50ml frutos rojos,1.99,https://www.ahorramas.com/limpieza/?pmin=0.01&start=0&sz=18,limpieza
ahorramas,Detergente en capsula pentacámara Lanta 22 lavados color,detergente en capsula pentacamara lanta 22 lavados color,4.75,https://www.ahorramas.com/limpieza/?pmin=0.01&start=0&sz=18,limpieza
ahorramas,Insecticida spray Cucal 400ml para cucarachas y hormigas,insecticida spray cucal 400ml para cucarachas y hormigas,6.65,https://www.ahorramas.com/limpieza/?pmin=0.01&start=0&sz=18,limpieza
ahorramas,Ambientador automático Lanta aparato+recambio 250ml lavanda,ambientador automatico lanta aparato+recambio 250ml lavanda,5.99,https://www.ahorramas.com/limpieza/?pmin=0.01&start=0&sz=18,limpieza
ahorramas,Servilleta Papel Decorata Party 20 Unidades Little Princess 33x33 cm,servilleta papel decorata party 20 unidades little princess 33x33 cm,1.99,https://www.ahorramas.com/limpieza/?pmin=0.01&start=0&sz=18,limpieza
ahorramas,Quitamanchas prelavado Lanta 1L,quitamanchas prelavado lanta 1l,2.35,https://www.ahorramas.com/limpieza/?pmin=0.01&start=0&sz=18,limpieza
ahorramas,Detergente en cápsulas Ariel pods 12 lavados con toque de lenor frescor sensaciones,detergente en capsulas ariel pods 12 lavados con toque de lenor frescor sensaciones,6.99,https://www.ahorramas.com/limpieza/?pmin=0.01&start=0&sz=18,limpieza
ahorramas,Goma limpiadora tejidos Achuchonas,goma limpiadora tejidos achuchonas,4.99,https://www.ahorramas.com/limpieza/?pmin=0.01&start=0&sz=18,limpieza
ahorramas,Ambientador para lavavajillas Finish fragancia lima-limón,ambientador para lavavajillas finish fragancia lima-limon,3.99,https://www.ahorramas.com/limpieza/?pmin=0.01&start=0&sz=18,limpieza
ahorramas,Ambientador Glade toque recambio 2+1 unidades Relax Zen,ambientador glade toque recambio 2+1 unidades relax zen,6.79,https://www.ahorramas.com/limpieza/?pmin=0.01&start=0&sz=18,limpieza
ahorramas,"Ambientador baño Ambipur 7,5ml nubes de algodón","ambientador bano ambipur 7,5ml nubes de algodon",3.99,https://www.ahorramas.com/limpieza/?pmin=0.01&start=0&sz=18,limpieza
ahorramas,Insecticida eléctrico aparato + Recambio Raid líquido sin olor,insecticida electrico aparato + recambio raid liquido sin olor,3.99,https://www.ahorramas.com/limpieza/?pmin=0.01&start=0&sz=18,limpieza
ahorramas,Ambientador eléctrico Lanta recambio zen,ambientador electrico lanta recambio zen,1.60,https://www.ahorramas.com/limpieza/?pmin=0.01&start=0&sz=18,limpieza
ahorramas,Ambientador coche Lanta 6ml frutos secos,ambientador coche lanta 6ml frutos secos,1.85,https://www.ahorramas.com/limpieza/?pmin=0.01&start=0&sz=18,limpieza
ahorramas,Plantilla paseo Achuchonas talla 37-45,plantilla paseo achuchonas talla 37-45,5.95,https://www.ahorramas.com/limpieza/?pmin=0.01&start=0&sz=18,limpieza
ahorramas,Detergente en polvo Flota 45 lavados Active Plus,detergente en polvo flota 45 lavados active plus,6.99,https://www.ahorramas.com/limpieza/?pmin=0.01&start=0&sz=18,limpieza
ahorramas,Guantes reforzados Lanta talla mediana,guantes reforzados lanta talla mediana,2.00,https://www.ahorramas.com/limpieza/?pmin=0.01&start=0&sz=18,limpieza
ahorramas,SAL EN PASTILLAS 25KG SACO,sal en pastillas 25kg saco,8.99,https://www.ahorramas.com/limpieza/?pmin=0.01&start=0&sz=18,limpieza
ahorramas,Detergente en polvo Lanta 650g para lavar a mano,detergente en polvo lanta 650g para lavar a mano,1.90,https://www.ahorramas.com/limpieza/?pmin=0.01&start=0&sz=18,limpieza
ahorramas,Guantes de nitrilo Lanta talla pequeña especiales para lejía,guantes de nitrilo lanta talla pequena especiales para lejia,1.95,https://www.ahorramas.com/limpieza/?pmin=0.01&start=0&sz=18,limpieza
ahorramas,Cepillo para calzado barnizado leopardo nº2,cepillo para calzado barnizado leopardo no2,2.49,https://www.ahorramas.com/limpieza/?pmin=0.01&start=0&sz=18,limpieza
ahorramas,Insecticida eléctrico Lanta aparato+recambio mosquitos,insecticida electrico lanta aparato+recambio mosquitos,3.10,https://www.ahorramas.com/limpieza/?pmin=0.01&start=0&sz=18,limpieza
ahorramas,"Lejía Neutrex 1,9l frescor verde","lejia neutrex 1,9l frescor verde",3.15,https://www.ahorramas.com/limpieza/?pmin=0.01&start=0&sz=18,limpieza
ahorramas,Estropajo con esponja Lanta 2 uds vegetal,estropajo con esponja lanta 2 uds vegetal,0.90,https://www.ahorramas.com/limpieza/?pmin=0.01&start=0&sz=18,limpieza
ahorramas,Ambientador vaporizado Lanta 100ml frutos rojos,ambientador vaporizado lanta 100ml frutos rojos,2.49,https://www.ahorramas.com/limpieza/?pmin=0.01&start=0&sz=18,limpieza
ahorramas,"Ambientador coche Lanta 4,5ml 2 unidades océano","ambientador coche lanta 4,5ml 2 unidades oceano",1.85,https://www.ahorramas.com/limpieza/?pmin=0.01&start=0&sz=18,limpieza
ahorramas,Ambientador eléctrico Ambipur 3volution aparato+recambio tatami japon,ambientador electrico ambipur 3volution aparato+recambio tatami japon,8.79,https://www.ahorramas.com/limpieza/?pmin=0.01&start=0&sz=18,limpieza
ahorramas,Esponja de calzado Yak brillo incoloro,esponja de calzado yak brillo incoloro,1.75,https://www.ahorramas.com/limpieza/?pmin=0.01&start=0&sz=18,limpieza
ahorramas,Esponja de calzado Yak brillo y color negro,esponja de calzado yak brillo y color negro,1.75,https://www.ahorramas.com/limpieza/?pmin=0.01&start=0&sz=18,limpieza
ahorramas,Betún para calzado lata Búfalo 75ml Negro,betun para calzado lata bufalo 75ml negro,2.89,https://www.ahorramas.com/limpieza/?pmin=0.01&start=0&sz=18,limpieza
ahorramas,Betún en tarro azul Búfalo 40 ml,betun en tarro azul bufalo 40 ml,3.45,https://www.ahorramas.com/limpieza/?pmin=0.01&start=0&sz=18,limpieza
ahorramas,Ambientador automático Lanta recambio ropa limpia,ambientador automatico lanta recambio ropa limpia,1.80,https://www.ahorramas.com/limpieza/?pmin=0.01&start=0&sz=18,limpieza
ahorramas,Tubo de betún calzado Búfalo 50 ml negro,tubo de betun calzado bufalo 50 ml negro,2.69,https://www.ahorramas.com/limpieza/?pmin=0.01&start=0&sz=18,limpieza
ahorramas,Detergente lavavajillas en pastillas Finish 15+18 unidades Ultimate,detergente lavavajillas en pastillas finish 15+18 unidades ultimate,9.49,https://www.ahorramas.com/limpieza/?pmin=0.01&start=0&sz=18,limpieza
ahorramas,Betún en tarro negro Búfalo 40 ml,betun en tarro negro bufalo 40 ml,3.45,https://www.ahorramas.com/limpieza/?pmin=0.01&start=0&sz=18,limpieza
ahorramas,Cepillo de suelo Vileda duactiva con barrera antipolvo,cepillo de suelo vileda duactiva con barrera antipolvo,8.45,https://www.ahorramas.com/limpieza/?pmin=0.01&start=0&sz=18,limpieza
ahorramas,Servilleta De Papel Decorata Party 20U 33X33 Cm,servilleta de papel decorata party 20u 33x33 cm,1.99,https://www.ahorramas.com/limpieza/?pmin=0.01&start=0&sz=18,limpieza
ahorramas,Suavizante Vernel 60 lavados agua coco & minerales,suavizante vernel 60 lavados agua coco & minerales,3.35,https://www.ahorramas.com/limpieza/?pmin=0.01&start=0&sz=18,limpieza
ahorramas,Suavizante concentrado Mimosín 56 lavados azul vital,suavizante concentrado mimosin 56 lavados azul vital,3.25,https://www.ahorramas.com/limpieza/?pmin=0.01&start=0&sz=18,limpieza
ahorramas,Detergente Skip Ciclo corto 37 lavados Eficacia Express,detergente skip ciclo corto 37 lavados eficacia express,11.79,https://www.ahorramas.com/limpieza/?pmin=0.01&start=0&sz=18,limpieza
ahorramas,Pasta de dientes Colgate Triple Action anticaries y frescor a menta 100ml,pasta de dientes colgate triple action anticaries y frescor a menta 100ml,1.95,https://www.ahorramas.com/cuidado-personal/?pmin=0.01&start=0&sz=18,cuidado personal
ahorramas,Cepillo dental Colgate espuma limpiadora suave,cepillo dental colgate espuma limpiadora suave,4.70,https://www.ahorramas.com/cuidado-personal/?pmin=0.01&start=0&sz=18,cuidado personal
ahorramas,Gel de baño Bodyplus 750 ml frutas,gel de bano bodyplus 750 ml frutas,1.30,https://www.ahorramas.com/cuidado-personal/?pmin=0.01&start=0&sz=18,cuidado personal
ahorramas,Jabón de manos con dosificador Bodyplus 500ml dermoprotector,jabon de manos con dosificador bodyplus 500ml dermoprotector,0.90,https://www.ahorramas.com/cuidado-personal/?pmin=0.01&start=0&sz=18,cuidado personal
ahorramas,Pasta dental Parodontax 75ml reparación de encías,pasta dental parodontax 75ml reparacion de encias,4.95,https://www.ahorramas.com/cuidado-personal/?pmin=0.01&start=0&sz=18,cuidado personal
ahorramas,Gel de baño Bodyplus 750 ml mosqueta,gel de bano bodyplus 750 ml mosqueta,1.50,https://www.ahorramas.com/cuidado-personal/?pmin=0.01&start=0&sz=18,cuidado personal
ahorramas,Desodorante spray Rexona 200ml invisible black&white sin alcohol,desodorante spray rexona 200ml invisible black&white sin alcohol,2.70,https://www.ahorramas.com/cuidado-personal/?pmin=0.01&start=0&sz=18,cuidado personal
ahorramas,Gel de ducha o baño hidratante Sanex Cuidado Experto,gel de ducha o bano hidratante sanex cuidado experto,1.50,https://www.ahorramas.com/cuidado-personal/?pmin=0.01&start=0&sz=18,cuidado personal
ahorramas,Discos desmaquillantes de algodón orgánico Bel 70 uds,discos desmaquillantes de algodon organico bel 70 uds,0.89,https://www.ahorramas.com/cuidado-personal/?pmin=0.01&start=0&sz=18,cuidado personal
ahorramas,Desodorante spray Sanex Zero% Extra Control protección 48h 200ml,desodorante spray sanex zero% extra control proteccion 48h 200ml,2.90,https://www.ahorramas.com/cuidado-personal/?pmin=0.01&start=0&sz=18,cuidado personal
ahorramas,Compresas con alas cottonlike Evax 24 uds super,compresas con alas cottonlike evax 24 uds super,4.20,https://www.ahorramas.com/cuidado-personal/?pmin=0.01&start=0&sz=18,cuidado personal
ahorramas,Compresas con alas Bodyplus 24 uds super ultra,compresas con alas bodyplus 24 uds super ultra,1.84,https://www.ahorramas.com/cuidado-personal/?pmin=0.01&start=0&sz=18,cuidado personal
ahorramas,Gel de ducha Palmolive 600ml Leche&Miel,gel de ducha palmolive 600ml leche&miel,1.99,https://www.ahorramas.com/cuidado-personal/?pmin=0.01&start=0&sz=18,cuidado personal
ahorramas,Desodorante en spray Nivea 200ml invisible antitranspirante,desodorante en spray nivea 200ml invisible antitranspirante,2.95,https://www.ahorramas.com/cuidado-personal/?pmin=0.01&start=0&sz=18,cuidado personal
ahorramas,Salvaslip Evax en bolsitas 20 uds normal plegado,salvaslip evax en bolsitas 20 uds normal plegado,1.25,https://www.ahorramas.com/cuidado-personal/?pmin=0.01&start=0&sz=18,cuidado personal
ahorramas,Jabón de manos doypack Bodyplus 500ml aloe vera,jabon de manos doypack bodyplus 500ml aloe vera,1.00,https://www.ahorramas.com/cuidado-personal/?pmin=0.01&start=0&sz=18,cuidado personal
ahorramas,"Champú Bodyplus 1,25l familiar","champu bodyplus 1,25l familiar",1.85,https://www.ahorramas.com/cuidado-personal/?pmin=0.01&start=0&sz=18,cuidado personal
ahorramas,Pasta dental Signal 100ml bicarbonato,pasta dental signal 100ml bicarbonato,1.85,https://www.ahorramas.com/cuidado-personal/?pmin=0.01&start=0&sz=18,cuidado personal
ahorramas,Bastoncillos orgánicos Bel 200 uds nature,bastoncillos organicos bel 200 uds nature,0.90,https://www.ahorramas.com/cuidado-personal/?pmin=0.01&start=0&sz=18,cuidado personal
ahorramas,Desodorante spray Bodyplus 150 ml Fantasy,desodorante spray bodyplus 150 ml fantasy,1.35,https://www.ahorramas.com/cuidado-personal/?pmin=0.01&start=0&sz=18,cuidado personal
ahorramas,Gel de ducha Lactovit 750ml Nutritivo para piel Normal-Seca,gel de ducha lactovit 750ml nutritivo para piel normal-seca,2.95,https://www.ahorramas.com/cuidado-personal/?pmin=0.01&start=0&sz=18,cuidado personal
ahorramas,Jabón de manos doypack Bodyplus 1l dermo,jabon de manos doypack bodyplus 1l dermo,1.50,https://www.ahorramas.com/cuidado-personal/?pmin=0.01&start=0&sz=18,cuidado personal
ahorramas,Compresas con alas Ausonia 12 uds super,compresas con alas ausonia 12 uds super,1.75,https://www.ahorramas.com/cuidado-personal/?pmin=0.01&start=0&sz=18,cuidado personal
ahorramas,Pasta dental Colgate 75 ml max white carbon,pasta dental colgate 75 ml max white carbon,3.19,https://www.ahorramas.com/cuidado-personal/?pmin=0.01&start=0&sz=18,cuidado personal
ahorramas,Enjuague bucal Bodyplus 500ml menta fresca,enjuague bucal bodyplus 500ml menta fresca,1.35,https://www.ahorramas.com/cuidado-personal/?pmin=0.01&start=0&sz=18,cuidado personal
ahorramas,Desodorante Roll-On Sanex Dermo+ Sensitive 72-Horas Antitranspirante 50 ml,desodorante roll-on sanex dermo+ sensitive 72-horas antitranspirante 50 ml,2.35,https://www.ahorramas.com/cuidado-personal/?pmin=0.01&start=0&sz=18,cuidado personal
ahorramas,Desodorante en spray Rexona men 200ml cobalt dry,desodorante en spray rexona men 200ml cobalt dry,2.70,https://www.ahorramas.com/cuidado-personal/?pmin=0.01&start=0&sz=18,cuidado personal
ahorramas,Crema dental Bodyplus 100ml blanqueante,crema dental bodyplus 100ml blanqueante,1.10,https://www.ahorramas.com/cuidado-personal/?pmin=0.01&start=0&sz=18,cuidado personal
ahorramas,Pasta dental Colgate 75 ml total original,pasta dental colgate 75 ml total original,2.90,https://www.ahorramas.com/cuidado-personal/?pmin=0.01&start=0&sz=18,cuidado personal
ahorramas,Desodorante en Spray Axe 150 ml Black Vainilla,desodorante en spray axe 150 ml black vainilla,5.35,https://www.ahorramas.com/cuidado-personal/?pmin=0.01&start=0&sz=18,cuidado personal
ahorramas,Gel dental Bodyplus 100ml blanqueante,gel dental bodyplus 100ml blanqueante,1.29,https://www.ahorramas.com/cuidado-personal/?pmin=0.01&start=0&sz=18,cuidado personal
ahorramas,Pasta de dientes Sensodyne 75ml protección diaria,pasta de dientes sensodyne 75ml proteccion diaria,2.99,https://www.ahorramas.com/cuidado-personal/?pmin=0.01&start=0&sz=18,cuidado personal
ahorramas,"Gel Ducha 25 Instituto Español 1,25l Aloe Vera","gel ducha 25 instituto espanol 1,25l aloe vera",2.55,https://www.ahorramas.com/cuidado-personal/?pmin=0.01&start=0&sz=18,cuidado personal
ahorramas,Jabón de manos con dosificador Bodyplus 500ml sensaciones,jabon de manos con dosificador bodyplus 500ml sensaciones,1.40,https://www.ahorramas.com/cuidado-personal/?pmin=0.01&start=0&sz=18,cuidado personal
ahorramas,Jabón de manos con dosificador Bodyplus 500ml aloe vera,jabon de manos con dosificador bodyplus 500ml aloe vera,1.40,https://www.ahorramas.com/cuidado-personal/?pmin=0.01&start=0&sz=18,cuidado personal
ahorramas,Desodorante en roll-on Byly 50ml extrem 48-72h sin perfume,desodorante en roll-on byly 50ml extrem 48-72h sin perfume,1.99,https://www.ahorramas.com/cuidado-personal/?pmin=0.01&start=0&sz=18,cuidado personal
ahorramas,Desodorante Roll-On Sanex Dermo+ Extra Control 72-Horas Antitranspirante 50ml,desodorante roll-on sanex dermo+ extra control 72-horas antitranspirante 50ml,2.35,https://www.ahorramas.com/cuidado-personal/?pmin=0.01&start=0&sz=18,cuidado personal
ahorramas,Champú Elvive 380ml hidra hialurónico 72h de hidratación,champu elvive 380ml hidra hialuronico 72h de hidratacion,4.60,https://www.ahorramas.com/cuidado-personal/?pmin=0.01&start=0&sz=18,cuidado personal
ahorramas,Crema corporal Bodyplus 250ml con aceite de oliva,crema corporal bodyplus 250ml con aceite de oliva,1.50,https://www.ahorramas.com/cuidado-personal/?pmin=0.01&start=0&sz=18,cuidado personal
ahorramas,Gel de ducha Natural Honey 900ml hidratante,gel de ducha natural honey 900ml hidratante,2.85,https://www.ahorramas.com/cuidado-personal/?pmin=0.01&start=0&sz=18,cuidado personal
ahorramas,Gel de ducha La Toja 600 mlsales Minerales De Agua Termal,gel de ducha la toja 600 mlsales minerales de agua termal,2.95,https://www.ahorramas.com/cuidado-personal/?pmin=0.01&start=0&sz=18,cuidado personal
ahorramas,Compresas con alas cottonlike Evax 18 uds noche,compresas con alas cottonlike evax 18 uds noche,4.99,https://www.ahorramas.com/cuidado-personal/?pmin=0.01&start=0&sz=18,cuidado personal
ahorramas,Desodorante en roll-on Byly 50ml organic fresh activo,desodorante en roll-on byly 50ml organic fresh activo,1.99,https://www.ahorramas.com/cuidado-personal/?pmin=0.01&start=0&sz=18,cuidado personal
ahorramas,Gel de baño Bodyplus 750 ml leche y miel,gel de bano bodyplus 750 ml leche y miel,1.50,https://www.ahorramas.com/cuidado-personal/?pmin=0.01&start=0&sz=18,cuidado personal
ahorramas,Desodorante en spray 72h Rexona 200ml aloe vera,desodorante en spray 72h rexona 200ml aloe vera,3.40,https://www.ahorramas.com/cuidado-personal/?pmin=0.01&start=0&sz=18,cuidado personal
ahorramas,Compresas con alas Bodyplus 10 uds noche ultra,compresas con alas bodyplus 10 uds noche ultra,1.15,https://www.ahorramas.com/cuidado-personal/?pmin=0.01&start=0&sz=18,cuidado personal
ahorramas,Champú Bodyplus 400ml liso,champu bodyplus 400ml liso,1.80,https://www.ahorramas.com/cuidado-personal/?pmin=0.01&start=0&sz=18,cuidado personal
ahorramas,Compresa clásica sin alas Ausonia 9 unidades noche,compresa clasica sin alas ausonia 9 unidades noche,2.24,https://www.ahorramas.com/cuidado-personal/?pmin=0.01&start=0&sz=18,cuidado personal
ahorramas,Desodorante en spray Heno De Pravia 200ml original,desodorante en spray heno de pravia 200ml original,3.25,https://www.ahorramas.com/cuidado-personal/?pmin=0.01&start=0&sz=18,cuidado personal
ahorramas,Compresa Ausonia Discreet 12 unidades Extra Protección Completa,compresa ausonia discreet 12 unidades extra proteccion completa,4.94,https://www.ahorramas.com/cuidado-personal/?pmin=0.01&start=0&sz=18,cuidado personal
ahorramas,Desodorante Spray Axe 150ml Agua De Bergamota,desodorante spray axe 150ml agua de bergamota,5.35,https://www.ahorramas.com/cuidado-personal/?pmin=0.01&start=0&sz=18,cuidado personal
ahorramas,Enjuague bucal Bodyplus 500ml triple acción,enjuague bucal bodyplus 500ml triple accion,1.50,https://www.ahorramas.com/cuidado-personal/?pmin=0.01&start=0&sz=18,cuidado personal
ahorramas,Desodorante spray Sanex Natur Protect piel normal 24h con piedra de alumbre 200ml,desodorante spray sanex natur protect piel normal 24h con piedra de alumbre 200ml,3.49,https://www.ahorramas.com/cuidado-personal/?pmin=0.01&start=0&sz=18,cuidado personal
ahorramas,Máquina de afeitar desechable Gillette 15+5 uds Blue II,maquina de afeitar desechable gillette 15+5 uds blue ii,6.80,https://www.ahorramas.com/cuidado-personal/?pmin=0.01&start=0&sz=18,cuidado personal
ahorramas,"Cepillo de dientes Colgate Extra Clean elimina bacterias bucales, medio 4uds","cepillo de dientes colgate extra clean elimina bacterias bucales, medio 4uds",2.00,https://www.ahorramas.com/cuidado-personal/?pmin=0.01&start=0&sz=18,cuidado personal
ahorramas,Champú Pantene Pro-V 325ml active nutri-plex repara&protege,champu pantene pro-v 325ml active nutri-plex repara&protege,2.99,https://www.ahorramas.com/cuidado-personal/?pmin=0.01&start=0&sz=18,cuidado personal
ahorramas,Acondicionador Elvive 300ml hidra hialurónico,acondicionador elvive 300ml hidra hialuronico,4.10,https://www.ahorramas.com/cuidado-personal/?pmin=0.01&start=0&sz=18,cuidado personal
ahorramas,Hilo Dental Bodyplus Pack-2 Fluorado,hilo dental bodyplus pack-2 fluorado,1.80,https://www.ahorramas.com/cuidado-personal/?pmin=0.01&start=0&sz=18,cuidado personal
ahorramas,Acondicionador cabello Bodyplus 400ml dañado,acondicionador cabello bodyplus 400ml danado,1.80,https://www.ahorramas.com/cuidado-personal/?pmin=0.01&start=0&sz=18,cuidado personal
ahorramas,Suero fisiológico Senti2 30 monodosis,suero fisiologico senti2 30 monodosis,3.23,https://www.ahorramas.com/cuidado-personal/?pmin=0.01&start=0&sz=18,cuidado personal
ahorramas,Gel de ducha Avena Instituto Español 1250ML,gel de ducha avena instituto espanol 1250ml,2.55,https://www.ahorramas.com/cuidado-personal/?pmin=0.01&start=0&sz=18,cuidado personal
ahorramas,Gel de baño Bodyplus 750 ml dermo,gel de bano bodyplus 750 ml dermo,1.50,https://www.ahorramas.com/cuidado-personal/?pmin=0.01&start=0&sz=18,cuidado personal
ahorramas,Compresas con alas Bodyplus 28 uds normal ultra,compresas con alas bodyplus 28 uds normal ultra,1.88,https://www.ahorramas.com/cuidado-personal/?pmin=0.01&start=0&sz=18,cuidado personal
ahorramas,Champú Herbal Essences 350ml hidrata aroma a coco,champu herbal essences 350ml hidrata aroma a coco,5.29,https://www.ahorramas.com/cuidado-personal/?pmin=0.01&start=0&sz=18,cuidado personal
ahorramas,Compresas con alas liberty Evax 10 uds super,compresas con alas liberty evax 10 uds super,3.29,https://www.ahorramas.com/cuidado-personal/?pmin=0.01&start=0&sz=18,cuidado personal
ahorramas,Tampón con aplicador Tampax Pearl 24 uds super,tampon con aplicador tampax pearl 24 uds super,4.99,https://www.ahorramas.com/cuidado-personal/?pmin=0.01&start=0&sz=18,cuidado personal
ahorramas,Champú reparador Garnier Original Remedies 400ml tesoros de miel,champu reparador garnier original remedies 400ml tesoros de miel,3.99,https://www.ahorramas.com/cuidado-personal/?pmin=0.01&start=0&sz=18,cuidado personal
ahorramas,Enjuague bucal Listerine 500ml cuidado total menta,enjuague bucal listerine 500ml cuidado total menta,4.95,https://www.ahorramas.com/cuidado-personal/?pmin=0.01&start=0&sz=18,cuidado personal
ahorramas,Compresas Evax Liberty 9 unidades alas noche extra,compresas evax liberty 9 unidades alas noche extra,3.89,https://www.ahorramas.com/cuidado-personal/?pmin=0.01&start=0&sz=18,cuidado personal
ahorramas,Jabón en pastilla Heno De Pravia 115 gr 2 unidades,jabon en pastilla heno de pravia 115 gr 2 unidades,2.50,https://www.ahorramas.com/cuidado-personal/?pmin=0.01&start=0&sz=18,cuidado personal
ahorramas,Toallitas Bodyplus 25 uds desmaquillantes,toallitas bodyplus 25 uds desmaquillantes,1.15,https://www.ahorramas.com/cuidado-personal/?pmin=0.01&start=0&sz=18,cuidado personal
ahorramas,Desodorante en roll-on 0% Dove 50ml original,desodorante en roll-on 0% dove 50ml original,2.49,https://www.ahorramas.com/cuidado-personal/?pmin=0.01&start=0&sz=18,cuidado personal
ahorramas,Desodorante y Body Spray Bodyplus 150 ml Aqua,desodorante y body spray bodyplus 150 ml aqua,1.35,https://www.ahorramas.com/cuidado-personal/?pmin=0.01&start=0&sz=18,cuidado personal
ahorramas,"Pasta de dientes Colgate Maximum Caries Protection, protección caries 100ml","pasta de dientes colgate maximum caries protection, proteccion caries 100ml",1.95,https://www.ahorramas.com/cuidado-personal/?pmin=0.01&start=0&sz=18,cuidado personal
ahorramas,Compresas de incontinencia Bodyplus 10 uds maxi,compresas de incontinencia bodyplus 10 uds maxi,2.65,https://www.ahorramas.com/cuidado-personal/?pmin=0.01&start=0&sz=18,cuidado personal
ahorramas,Jabón Tocador La Toja 2Unidades 100G Sales Minerales,jabon tocador la toja 2unidades 100g sales minerales,2.15,https://www.ahorramas.com/cuidado-personal/?pmin=0.01&start=0&sz=18,cuidado personal
ahorramas,Champú Pantene pro-V 325ml active nutri-plex rizos definidos,champu pantene pro-v 325ml active nutri-plex rizos definidos,2.99,https://www.ahorramas.com/cuidado-personal/?pmin=0.01&start=0&sz=18,cuidado personal
ahorramas,Mascarilla capilar Babaria 400ml cebolla,mascarilla capilar babaria 400ml cebolla,3.50,https://www.ahorramas.com/cuidado-personal/?pmin=0.01&start=0&sz=18,cuidado personal
ahorramas,Desodorante spray Axe 48h Fresh 150ml Dark Tempt,desodorante spray axe 48h fresh 150ml dark tempt,3.75,https://www.ahorramas.com/cuidado-personal/?pmin=0.01&start=0&sz=18,cuidado personal
ahorramas,Desodorante en roll-on Nivea 50ml invisible black&white,desodorante en roll-on nivea 50ml invisible black&white,2.35,https://www.ahorramas.com/cuidado-personal/?pmin=0.01&start=0&sz=18,cuidado personal
ahorramas,Pasta dental Parodontax 75ml reparación de encías,pasta dental parodontax 75ml reparacion de encias,4.95,https://www.ahorramas.com/cuidado-personal/?pmin=0.01&start=0&sz=18,cuidado personal
ahorramas,Gel de ducha Lactovit 750ml Reparador para piel extra-seca,gel de ducha lactovit 750ml reparador para piel extra-seca,3.49,https://www.ahorramas.com/cuidado-personal/?pmin=0.01&start=0&sz=18,cuidado personal
ahorramas,Desodorante y Body Spray Bodyplus 150 ml Power,desodorante y body spray bodyplus 150 ml power,1.35,https://www.ahorramas.com/cuidado-personal/?pmin=0.01&start=0&sz=18,cuidado personal
ahorramas,Protegeslip Carefree 56 uds tacto de algodón natural,protegeslip carefree 56 uds tacto de algodon natural,2.70,https://www.ahorramas.com/cuidado-personal/?pmin=0.01&start=0&sz=18,cuidado personal
ahorramas,Enjuague bucal Bodyplus 500ml junior,enjuague bucal bodyplus 500ml junior,1.50,https://www.ahorramas.com/cuidado-personal/?pmin=0.01&start=0&sz=18,cuidado personal
ahorramas,Protegeslip Carefree 30 uds Flexible,protegeslip carefree 30 uds flexible,1.95,https://www.ahorramas.com/cuidado-personal/?pmin=0.01&start=0&sz=18,cuidado personal
ahorramas,Acondicionador Pantene pro-v 275ml repara & protege,acondicionador pantene pro-v 275ml repara & protege,2.99,https://www.ahorramas.com/cuidado-personal/?pmin=0.01&start=0&sz=18,cuidado personal
ahorramas,Pasta de dientes Sensodyne 75ml blanqueante,pasta de dientes sensodyne 75ml blanqueante,2.99,https://www.ahorramas.com/cuidado-personal/?pmin=0.01&start=0&sz=18,cuidado personal
ahorramas,Mascarilla capilar intensiva Pantene 300ml rizos o ondulado,mascarilla capilar intensiva pantene 300ml rizos o ondulado,3.35,https://www.ahorramas.com/cuidado-personal/?pmin=0.01&start=0&sz=18,cuidado personal
ahorramas,Acondicionador Garnier Original Remedies tesoros de miel 250ml,acondicionador garnier original remedies tesoros de miel 250ml,3.59,https://www.ahorramas.com/cuidado-personal/?pmin=0.01&start=0&sz=18,cuidado personal
ahorramas,Desodorante en spray Nivea men 200ml invisible ropa blanca y negra,desodorante en spray nivea men 200ml invisible ropa blanca y negra,2.95,https://www.ahorramas.com/cuidado-personal/?pmin=0.01&start=0&sz=18,cuidado personal
ahorramas,Pasta dental Oral-B 75ml Pack2 Pro Expert,pasta dental oral-b 75ml pack2 pro expert,5.48,https://www.ahorramas.com/cuidado-personal/?pmin=0.01&start=0&sz=18,cuidado personal
ahorramas,Gel de ducha Magno 600 ml Classic,gel de ducha magno 600 ml classic,3.70,https://www.ahorramas.com/cuidado-personal/?pmin=0.01&start=0&sz=18,cuidado personal
ahorramas,Gel de ducha Con Sales Minerales La Toja 600 ml Aloe Vera,gel de ducha con sales minerales la toja 600 ml aloe vera,2.95,https://www.ahorramas.com/cuidado-personal/?pmin=0.01&start=0&sz=18,cuidado personal
ahorramas,Discos desmaquillantes de algodón Bel 80 unidades maxi,discos desmaquillantes de algodon bel 80 unidades maxi,1.20,https://www.ahorramas.com/cuidado-personal/?pmin=0.01&start=0&sz=18,cuidado personal
ahorramas,Desodorante Antitranspirante Roll-On Sanex Dermo+ Invisible 72-Horas,desodorante antitranspirante roll-on sanex dermo+ invisible 72-horas,2.35,https://www.ahorramas.com/cuidado-personal/?pmin=0.01&start=0&sz=18,cuidado personal
ahorramas,Agua de Colonia fresca Álvarez Gómez 750ml unisex,agua de colonia fresca alvarez gomez 750ml unisex,6.95,https://www.ahorramas.com/cuidado-personal/?pmin=0.01&start=0&sz=18,cuidado personal
ahorramas,Gel de ducha Sanex Cuidado Experto Protector 850ml,gel de ducha sanex cuidado experto protector 850ml,3.90,https://www.ahorramas.com/cuidado-personal/?pmin=0.01&start=0&sz=18,cuidado personal
ahorramas,Gel Ducha Puro 0% Hidrogensse 800ml Máxima Hidratación,gel ducha puro 0% hidrogensse 800ml maxima hidratacion,2.25,https://www.ahorramas.com/cuidado-personal/?pmin=0.01&start=0&sz=18,cuidado personal
ahorramas,Gel Ducha Puro 0% Hidrogensse 800ml Relajante,gel ducha puro 0% hidrogensse 800ml relajante,2.25,https://www.ahorramas.com/cuidado-personal/?pmin=0.01&start=0&sz=18,cuidado personal
ahorramas,Compresas sin alas fina y segura Evax 24 uds normal,compresas sin alas fina y segura evax 24 uds normal,2.39,https://www.ahorramas.com/cuidado-personal/?pmin=0.01&start=0&sz=18,cuidado personal
ahorramas,Champú hidratación intensiva Tresemmé 685 ml,champu hidratacion intensiva tresemme 685 ml,5.99,https://www.ahorramas.com/cuidado-personal/?pmin=0.01&start=0&sz=18,cuidado personal
ahorramas,Gel de ducha Lactovit 750ml Activit Protector para piel normal-sensible,gel de ducha lactovit 750ml activit protector para piel normal-sensible,2.95,https://www.ahorramas.com/cuidado-personal/?pmin=0.01&start=0&sz=18,cuidado personal
ahorramas,Colonia s3 600+150ml classic,colonia s3 600+150ml classic,3.50,https://www.ahorramas.com/cuidado-personal/?pmin=0.01&start=0&sz=18,cuidado personal
ahorramas,Desodorante en roll-on Nivea 50ml invisible,desodorante en roll-on nivea 50ml invisible,2.35,https://www.ahorramas.com/cuidado-personal/?pmin=0.01&start=0&sz=18,cuidado personal
ahorramas,Acondicionador Intensa Hidratación TRESemmé para cabello seco o dañado 685ml x1,acondicionador intensa hidratacion tresemme para cabello seco o danado 685ml x1,5.99,https://www.ahorramas.com/cuidado-personal/?pmin=0.01&start=0&sz=18,cuidado personal
ahorramas,Champú anticaspa Bodyplus 400ml,champu anticaspa bodyplus 400ml,1.90,https://www.ahorramas.com/cuidado-personal/?pmin=0.01&start=0&sz=18,cuidado personal
ahorramas,Máquina de depilar desechable Venus Gillette 3 unidades dragonfruit,maquina de depilar desechable venus gillette 3 unidades dragonfruit,2.99,https://www.ahorramas.com/cuidado-personal/?pmin=0.01&start=0&sz=18,cuidado personal
ahorramas,Gel de baño Bodyplus 1l frescor verde,gel de bano bodyplus 1l frescor verde,1.20,https://www.ahorramas.com/cuidado-personal/?pmin=0.01&start=0&sz=18,cuidado personal
ahorramas,"Gel de ducha Sanex neutro sin, hidratante, piel normal 850ml","gel de ducha sanex neutro sin, hidratante, piel normal 850ml",3.99,https://www.ahorramas.com/cuidado-personal/?pmin=0.01&start=0&sz=18,cuidado personal
ahorramas,Pasta de dientes Sensodyne 75ml repair,pasta de dientes sensodyne 75ml repair,4.79,https://www.ahorramas.com/cuidado-personal/?pmin=0.01&start=0&sz=18,cuidado personal
ahorramas,Gel de ducha Dove advance 400ml hidratación profunda,gel de ducha dove advance 400ml hidratacion profunda,3.95,https://www.ahorramas.com/cuidado-personal/?pmin=0.01&start=0&sz=18,cuidado personal
ahorramas,Desodorante spray Dove Advanced Care Original 200ml,desodorante spray dove advanced care original 200ml,3.55,https://www.ahorramas.com/cuidado-personal/?pmin=0.01&start=0&sz=18,cuidado personal
ahorramas,Compresas de incontinencia leve Bodyplus 10 uds extra,compresas de incontinencia leve bodyplus 10 uds extra,1.68,https://www.ahorramas.com/cuidado-personal/?pmin=0.01&start=0&sz=18,cuidado personal
ahorramas,Desodorante spray Bodyplus 150 ml Fresh,desodorante spray bodyplus 150 ml fresh,1.35,https://www.ahorramas.com/cuidado-personal/?pmin=0.01&start=0&sz=18,cuidado personal
ahorramas,Compresas con alas cottonlike Evax 32 uds normal,compresas con alas cottonlike evax 32 uds normal,4.50,https://www.ahorramas.com/cuidado-personal/?pmin=0.01&start=0&sz=18,cuidado personal
ahorramas,Gel Ducha Palmolive 600 ml Natural&Balance,gel ducha palmolive 600 ml natural&balance,1.99,https://www.ahorramas.com/cuidado-personal/?pmin=0.01&start=0&sz=18,cuidado personal
ahorramas,Mascarilla capilar Fructis 390ml revitalizante sandía,mascarilla capilar fructis 390ml revitalizante sandia,6.95,https://www.ahorramas.com/cuidado-personal/?pmin=0.01&start=0&sz=18,cuidado personal
ahorramas,Compresas con alas liberty Evax 12 uds normal,compresas con alas liberty evax 12 uds normal,3.29,https://www.ahorramas.com/cuidado-personal/?pmin=0.01&start=0&sz=18,cuidado personal
ahorramas,Compresa Ausonia Discreet 14 unidades normal protección completa,compresa ausonia discreet 14 unidades normal proteccion completa,4.94,https://www.ahorramas.com/cuidado-personal/?pmin=0.01&start=0&sz=18,cuidado personal
ahorramas,Desodorante spray corporal Rexona 150 ml Fresh Citrus,desodorante spray corporal rexona 150 ml fresh citrus,2.99,https://www.ahorramas.com/cuidado-personal/?pmin=0.01&start=0&sz=18,cuidado personal
ahorramas,Champú nutrición extrema Garnier Original Remedies 400ml oliva mitica,champu nutricion extrema garnier original remedies 400ml oliva mitica,3.99,https://www.ahorramas.com/cuidado-personal/?pmin=0.01&start=0&sz=18,cuidado personal
ahorramas,Champú Bodyplus 400ml rizado,champu bodyplus 400ml rizado,1.80,https://www.ahorramas.com/cuidado-personal/?pmin=0.01&start=0&sz=18,cuidado personal
ahorramas,Cepillo Dental Bodyplus Pack 2 Avanzado Suave,cepillo dental bodyplus pack 2 avanzado suave,1.99,https://www.ahorramas.com/cuidado-personal/?pmin=0.01&start=0&sz=18,cuidado personal
ahorramas,Gel de ducha Moussel 650 ml Lima y menta,gel de ducha moussel 650 ml lima y menta,3.79,https://www.ahorramas.com/cuidado-personal/?pmin=0.01&start=0&sz=18,cuidado personal
ahorramas,Pasta Dental Signal 100Ml Anticaries,pasta dental signal 100ml anticaries,1.85,https://www.ahorramas.com/cuidado-personal/?pmin=0.01&start=0&sz=18,cuidado personal
ahorramas,Pasta de dientes infantil Colgate Animal Gang +3 años 50ml,pasta de dientes infantil colgate animal gang +3 anos 50ml,1.99,https://www.ahorramas.com/cuidado-personal/?pmin=0.01&start=0&sz=18,cuidado personal
ahorramas,Desodorante en spray Advanced Care Dove 200ml pepino,desodorante en spray advanced care dove 200ml pepino,3.55,https://www.ahorramas.com/cuidado-personal/?pmin=0.01&start=0&sz=18,cuidado personal
ahorramas,Protector labial Liposan 24h hidratación intensa,protector labial liposan 24h hidratacion intensa,2.95,https://www.ahorramas.com/cuidado-personal/?pmin=0.01&start=0&sz=18,cuidado personal
ahorramas,Alcohol 96º Cidas 250ml,alcohol 96o cidas 250ml,0.75,https://www.ahorramas.com/cuidado-personal/?pmin=0.01&start=0&sz=18,cuidado personal
ahorramas,Banda de cera depilatoria Pure Veet 16 unidades corporal,banda de cera depilatoria pure veet 16 unidades corporal,3.30,https://www.ahorramas.com/cuidado-personal/?pmin=0.01&start=0&sz=18,cuidado personal
ahorramas,Champú Cuidado CLÁSICO TRESemmé para todo tipo de cabello 685ml,champu cuidado clasico tresemme para todo tipo de cabello 685ml,5.99,https://www.ahorramas.com/cuidado-personal/?pmin=0.01&start=0&sz=18,cuidado personal
ahorramas,Gel de ducha Magno 600 ml Marine,gel de ducha magno 600 ml marine,3.70,https://www.ahorramas.com/cuidado-personal/?pmin=0.01&start=0&sz=18,cuidado personal
ahorramas,Champú Flex 650ml fortificante con keratina,champu flex 650ml fortificante con keratina,3.75,https://www.ahorramas.com/cuidado-personal/?pmin=0.01&start=0&sz=18,cuidado personal
ahorramas,Espuma fijadora Pantene 300 ml Rizos Definidos,espuma fijadora pantene 300 ml rizos definidos,3.75,https://www.ahorramas.com/cuidado-personal/?pmin=0.01&start=0&sz=18,cuidado personal
ahorramas,Loción Instituto Español 950ml hidratante rosa mosqueta,locion instituto espanol 950ml hidratante rosa mosqueta,4.95,https://www.ahorramas.com/cuidado-personal/?pmin=0.01&start=0&sz=18,cuidado personal
ahorramas,Champú Flex 650ml cuidado clásico con keratina todo tipo de cabello,champu flex 650ml cuidado clasico con keratina todo tipo de cabello,3.75,https://www.ahorramas.com/cuidado-personal/?pmin=0.01&start=0&sz=18,cuidado personal
ahorramas,Máquina desechable Gillette 4+1 unidades sensor,maquina desechable gillette 4+1 unidades sensor,4.35,https://www.ahorramas.com/cuidado-personal/?pmin=0.01&start=0&sz=18,cuidado personal
ahorramas,Desodorante spray Sanex Dermo Invisible Protección antitranspirante 24h 200ml,desodorante spray sanex dermo invisible proteccion antitranspirante 24h 200ml,3.49,https://www.ahorramas.com/cuidado-personal/?pmin=0.01&start=0&sz=18,cuidado personal
ahorramas,Mascarilla capilar intensiva Pantene 300ml repara & protege,mascarilla capilar intensiva pantene 300ml repara & protege,3.35,https://www.ahorramas.com/cuidado-personal/?pmin=0.01&start=0&sz=18,cuidado personal
ahorramas,Desinfectante prótesis dental Polident 30 unidades Oxígeno activo,desinfectante protesis dental polident 30 unidades oxigeno activo,3.99,https://www.ahorramas.com/cuidado-personal/?pmin=0.01&start=0&sz=18,cuidado personal
ahorramas,Champú Aceite de Argán de Marruecos OGX Cabellos Secos y Dañados 385 ml,champu aceite de argan de marruecos ogx cabellos secos y danados 385 ml,6.99,https://www.ahorramas.com/cuidado-personal/?pmin=0.01&start=0&sz=18,cuidado personal
ahorramas,Champú protector Elvive 380ml Color Vive para cabello teñido o mechas,champu protector elvive 380ml color vive para cabello tenido o mechas,4.60,https://www.ahorramas.com/cuidado-personal/?pmin=0.01&start=0&sz=18,cuidado personal
ahorramas,Pasta de dientes blanqueadora Colgate Max White Ultra 50ml,pasta de dientes blanqueadora colgate max white ultra 50ml,3.99,https://www.ahorramas.com/cuidado-personal/?pmin=0.01&start=0&sz=18,cuidado personal
ahorramas,Esponja Bodyplus Flor,esponja bodyplus flor,0.75,https://www.ahorramas.com/cuidado-personal/?pmin=0.01&start=0&sz=18,cuidado personal
ahorramas,Vaselina Senti2 20ml neutro,vaselina senti2 20ml neutro,2.15,https://www.ahorramas.com/cuidado-personal/?pmin=0.01&start=0&sz=18,cuidado personal
ahorramas,Crema protectora bebé pañal Johnson's 100ml alivio inmediato,crema protectora bebe panal johnson's 100ml alivio inmediato,4.55,https://www.ahorramas.com/cuidado-personal/?pmin=0.01&start=0&sz=18,cuidado personal
ahorramas,Champú Herbal Essences 350ml repara aceite de argan,champu herbal essences 350ml repara aceite de argan,5.29,https://www.ahorramas.com/cuidado-personal/?pmin=0.01&start=0&sz=18,cuidado personal
ahorramas,Gel de ducha Dove 720ml hidratante 0% sulfato,gel de ducha dove 720ml hidratante 0% sulfato,3.95,https://www.ahorramas.com/cuidado-personal/?pmin=0.01&start=0&sz=18,cuidado personal
ahorramas,Salvaslip Evax 38+22 unidades Maxi-Plus,salvaslip evax 38+22 unidades maxi-plus,4.39,https://www.ahorramas.com/cuidado-personal/?pmin=0.01&start=0&sz=18,cuidado personal
ahorramas,Jabón de manos con dosificador Bodyplus 500ml frutos rojos,jabon de manos con dosificador bodyplus 500ml frutos rojos,1.40,https://www.ahorramas.com/cuidado-personal/?pmin=0.01&start=0&sz=18,cuidado personal
ahorramas,Tampón con aplicador Tampax Pearl compak 16 uds super,tampon con aplicador tampax pearl compak 16 uds super,3.99,https://www.ahorramas.com/cuidado-personal/?pmin=0.01&start=0&sz=18,cuidado personal
ahorramas,Locion Hidratante Insatituto Español 500ml Aloe Vera,locion hidratante insatituto espanol 500ml aloe vera,2.99,https://www.ahorramas.com/cuidado-personal/?pmin=0.01&start=0&sz=18,cuidado personal
ahorramas,"Acondicionador cabello Bodyplus 1,25l familiar","acondicionador cabello bodyplus 1,25l familiar",1.99,https://www.ahorramas.com/cuidado-personal/?pmin=0.01&start=0&sz=18,cuidado personal
ahorramas,Champú 2en1 H&S 800 ml Clásico,champu 2en1 h&s 800 ml clasico,10.80,https://www.ahorramas.com/cuidado-personal/?pmin=0.01&start=0&sz=18,cuidado personal
ahorramas,Gel de baño Bodyplus 750 ml argan,gel de bano bodyplus 750 ml argan,1.50,https://www.ahorramas.com/cuidado-personal/?pmin=0.01&start=0&sz=18,cuidado personal
ahorramas,Banda de cera depilatoria Pure Veet 16 unidades facial,banda de cera depilatoria pure veet 16 unidades facial,2.95,https://www.ahorramas.com/cuidado-personal/?pmin=0.01&start=0&sz=18,cuidado personal
ahorramas,Melatonina Naturtierra 30 cápsulas,melatonina naturtierra 30 capsulas,3.95,https://www.ahorramas.com/cuidado-personal/?pmin=0.01&start=0&sz=18,cuidado personal
ahorramas,Desodorante en roll-on Nivea men 50ml invisible,desodorante en roll-on nivea men 50ml invisible,2.35,https://www.ahorramas.com/cuidado-personal/?pmin=0.01&start=0&sz=18,cuidado personal
ahorramas,Gel de ducha Bodyplus 200ml exfoliante con aloe vera,gel de ducha bodyplus 200ml exfoliante con aloe vera,2.45,https://www.ahorramas.com/cuidado-personal/?pmin=0.01&start=0&sz=18,cuidado personal
ahorramas,Mousse creme Loctourea 400 ml piel seca,mousse creme loctourea 400 ml piel seca,4.99,https://www.ahorramas.com/cuidado-personal/?pmin=0.01&start=0&sz=18,cuidado personal
ahorramas,Gel de ducha infantil con dosificador Johnson's 750ml dulces sueños,gel de ducha infantil con dosificador johnson's 750ml dulces suenos,3.99,https://www.ahorramas.com/cuidado-personal/?pmin=0.01&start=0&sz=18,cuidado personal
ahorramas,Laca fijadora Nelly 600 ml Normal,laca fijadora nelly 600 ml normal,3.50,https://www.ahorramas.com/cuidado-personal/?pmin=0.01&start=0&sz=18,cuidado personal
ahorramas,Champú Lamellar Shine TRESemme para cabello sin vida o apagado 685ml,champu lamellar shine tresemme para cabello sin vida o apagado 685ml,5.99,https://www.ahorramas.com/cuidado-personal/?pmin=0.01&start=0&sz=18,cuidado personal
ahorramas,Body milk q10 Nivea 400 ml reafirmante piel madura aceite de argan,body milk q10 nivea 400 ml reafirmante piel madura aceite de argan,6.89,https://www.ahorramas.com/cuidado-personal/?pmin=0.01&start=0&sz=18,cuidado personal
ahorramas,Esparadrapo Cosmoplast Sensitive,esparadrapo cosmoplast sensitive,1.30,https://www.ahorramas.com/cuidado-personal/?pmin=0.01&start=0&sz=18,cuidado personal
ahorramas,Crema dental Bodyplus 100ml herbal,crema dental bodyplus 100ml herbal,1.10,https://www.ahorramas.com/cuidado-personal/?pmin=0.01&start=0&sz=18,cuidado personal
ahorramas,Bastoncillos ecológicos Bel nature 56 uds baby,bastoncillos ecologicos bel nature 56 uds baby,0.90,https://www.ahorramas.com/cuidado-personal/?pmin=0.01&start=0&sz=18,cuidado personal
ahorramas,Champú Babaria 700ml cebolla antioxidante sin olor a cebolla,champu babaria 700ml cebolla antioxidante sin olor a cebolla,3.50,https://www.ahorramas.com/cuidado-personal/?pmin=0.01&start=0&sz=18,cuidado personal
ahorramas,Loción hidratante Instituto Español 500ml Avena,locion hidratante instituto espanol 500ml avena,2.99,https://www.ahorramas.com/cuidado-personal/?pmin=0.01&start=0&sz=18,cuidado personal
ahorramas,Body milk Nivea 400 ml nutritivo piel seca,body milk nivea 400 ml nutritivo piel seca,4.95,https://www.ahorramas.com/cuidado-personal/?pmin=0.01&start=0&sz=18,cuidado personal
ahorramas,Desodorante Dermo Protect Roll-On Bodyplus 75 ml,desodorante dermo protect roll-on bodyplus 75 ml,1.25,https://www.ahorramas.com/cuidado-personal/?pmin=0.01&start=0&sz=18,cuidado personal
ahorramas,Bastoncillos Bel 70 unidades,bastoncillos bel 70 unidades,0.89,https://www.ahorramas.com/cuidado-personal/?pmin=0.01&start=0&sz=18,cuidado personal
ahorramas,Apósitos Cosmoplast Water resistent 40 unidades,apositos cosmoplast water resistent 40 unidades,1.49,https://www.ahorramas.com/cuidado-personal/?pmin=0.01&start=0&sz=18,cuidado personal
ahorramas,Palillo interdental Pierrot 40 uds regular,palillo interdental pierrot 40 uds regular,2.95,https://www.ahorramas.com/cuidado-personal/?pmin=0.01&start=0&sz=18,cuidado personal
ahorramas,Desodorante spray Bodyplus 150ml sweet,desodorante spray bodyplus 150ml sweet,1.35,https://www.ahorramas.com/cuidado-personal/?pmin=0.01&start=0&sz=18,cuidado personal
ahorramas,Desodorante en spray Rexona men 200ml invisible ice,desodorante en spray rexona men 200ml invisible ice,2.70,https://www.ahorramas.com/cuidado-personal/?pmin=0.01&start=0&sz=18,cuidado personal
ahorramas,Gel de baño Bodyplus 750 ml pieles atopicas,gel de bano bodyplus 750 ml pieles atopicas,1.60,https://www.ahorramas.com/cuidado-personal/?pmin=0.01&start=0&sz=18,cuidado personal
ahorramas,Enjuague bucal Bodyplus 500ml plus,enjuague bucal bodyplus 500ml plus,1.50,https://www.ahorramas.com/cuidado-personal/?pmin=0.01&start=0&sz=18,cuidado personal
ahorramas,Tinte de cabello sin amoníaco Garnier Olia nº 6 rubio oscuro,tinte de cabello sin amoniaco garnier olia no 6 rubio oscuro,8.35,https://www.ahorramas.com/cuidado-personal/?pmin=0.01&start=0&sz=18,cuidado personal
ahorramas,Champú iluminador Garnier Original Remedies 400ml camomila y miel de flores,champu iluminador garnier original remedies 400ml camomila y miel de flores,3.99,https://www.ahorramas.com/cuidado-personal/?pmin=0.01&start=0&sz=18,cuidado personal
ahorramas,"Cepillo de dientes Colgate ZigZag limpieza profunda, medio, 3uds","cepillo de dientes colgate zigzag limpieza profunda, medio, 3uds",3.00,https://www.ahorramas.com/cuidado-personal/?pmin=0.01&start=0&sz=18,cuidado personal
ahorramas,Mascarilla capilar nutritiva Fructis 390ml para cabello seco,mascarilla capilar nutritiva fructis 390ml para cabello seco,6.95,https://www.ahorramas.com/cuidado-personal/?pmin=0.01&start=0&sz=18,cuidado personal
ahorramas,Champú Pantene pro-V 625ml XL active nutri-plex repara&protege,champu pantene pro-v 625ml xl active nutri-plex repara&protege,4.99,https://www.ahorramas.com/cuidado-personal/?pmin=0.01&start=0&sz=18,cuidado personal
ahorramas,Laca fijadora para el cabello Elnett 300ml normal,laca fijadora para el cabello elnett 300ml normal,5.25,https://www.ahorramas.com/cuidado-personal/?pmin=0.01&start=0&sz=18,cuidado personal
ahorramas,Mascarilla capilar protectora Elvive 310ml Color Vive cabello teñido,mascarilla capilar protectora elvive 310ml color vive cabello tenido,4.40,https://www.ahorramas.com/cuidado-personal/?pmin=0.01&start=0&sz=18,cuidado personal
ahorramas,Pasta de dientes blanqueadora Colgate Max White Purple Reveal 75ml,pasta de dientes blanqueadora colgate max white purple reveal 75ml,3.19,https://www.ahorramas.com/cuidado-personal/?pmin=0.01&start=0&sz=18,cuidado personal
ahorramas,Crema fijadora Polident 44 gr Fuerte Menta,crema fijadora polident 44 gr fuerte menta,3.99,https://www.ahorramas.com/cuidado-personal/?pmin=0.01&start=0&sz=18,cuidado personal
ahorramas,Desodorante spray Sanex Dermo Extra Control 48h 200ml,desodorante spray sanex dermo extra control 48h 200ml,2.90,https://www.ahorramas.com/cuidado-personal/?pmin=0.01&start=0&sz=18,cuidado personal
ahorramas,Desodorante En Spray Sanex Men 200 ml Active Control Antitranspirante Sin Alcohol,desodorante en spray sanex men 200 ml active control antitranspirante sin alcohol,3.49,https://www.ahorramas.com/cuidado-personal/?pmin=0.01&start=0&sz=18,cuidado personal
ahorramas,Tinte de cabello L'Oréal Excellence Creme nº 10 rubio clarisimo,tinte de cabello l'oreal excellence creme no 10 rubio clarisimo,9.70,https://www.ahorramas.com/cuidado-personal/?pmin=0.01&start=0&sz=18,cuidado personal
ahorramas,Desodorante roll-on Bodyplus 75 ml Aloe Vera,desodorante roll-on bodyplus 75 ml aloe vera,1.25,https://www.ahorramas.com/cuidado-personal/?pmin=0.01&start=0&sz=18,cuidado personal
ahorramas,Mascarilla capilar hidratante Tresemmé 440ml cabellos secos o dañados,mascarilla capilar hidratante tresemme 440ml cabellos secos o danados,5.99,https://www.ahorramas.com/cuidado-personal/?pmin=0.01&start=0&sz=18,cuidado personal
ahorramas,Solución única Senti2 500ml para lentes de contacto blandas,solucion unica senti2 500ml para lentes de contacto blandas,5.55,https://www.ahorramas.com/cuidado-personal/?pmin=0.01&start=0&sz=18,cuidado personal
ahorramas,Salvaslip Exav 70+26 unidades Normal,salvaslip exav 70+26 unidades normal,3.50,https://www.ahorramas.com/cuidado-personal/?pmin=0.01&start=0&sz=18,cuidado personal
ahorramas,Desodorante Roll on Sanex Men Active Control 50 ml,desodorante roll on sanex men active control 50 ml,2.35,https://www.ahorramas.com/cuidado-personal/?pmin=0.01&start=0&sz=18,cuidado personal
ahorramas,Compresas Bodyplus 28 uds anatomica ultra,compresas bodyplus 28 uds anatomica ultra,1.88,https://www.ahorramas.com/cuidado-personal/?pmin=0.01&start=0&sz=18,cuidado personal
ahorramas,Crema de manos Famos 75 ml reparadora con extracto de caléndula,crema de manos famos 75 ml reparadora con extracto de calendula,1.30,https://www.ahorramas.com/cuidado-personal/?pmin=0.01&start=0&sz=18,cuidado personal
ahorramas,Tinte de cabello Alcántara Brilliant Color nº 8.2 arena,tinte de cabello alcantara brilliant color no 8.2 arena,3.15,https://www.ahorramas.com/cuidado-personal/?pmin=0.01&start=0&sz=18,cuidado personal
ahorramas,Jabón de manos en mousse Bodyplus 300ml melón,jabon de manos en mousse bodyplus 300ml melon,2.00,https://www.ahorramas.com/cuidado-personal/?pmin=0.01&start=0&sz=18,cuidado personal
ahorramas,Gel afeitar Gillette 200ml series refrescante,gel afeitar gillette 200ml series refrescante,3.95,https://www.ahorramas.com/cuidado-personal/?pmin=0.01&start=0&sz=18,cuidado personal
ahorramas,Enjuague bucal Oral-B 500ml pro-expert menta,enjuague bucal oral-b 500ml pro-expert menta,5.49,https://www.ahorramas.com/cuidado-personal/?pmin=0.01&start=0&sz=18,cuidado personal
ahorramas,Crema corporal Instituto Español 400ml piel atópica,crema corporal instituto espanol 400ml piel atopica,5.85,https://www.ahorramas.com/cuidado-personal/?pmin=0.01&start=0&sz=18,cuidado personal
ahorramas,Enjuague bucal Listerine 500ml mentol,enjuague bucal listerine 500ml mentol,5.35,https://www.ahorramas.com/cuidado-personal/?pmin=0.01&start=0&sz=18,cuidado personal
ahorramas,Desodorante en spray advanced care Dove 200ml invisible,desodorante en spray advanced care dove 200ml invisible,3.55,https://www.ahorramas.com/cuidado-personal/?pmin=0.01&start=0&sz=18,cuidado personal
ahorramas,Desodorante en spray Axe 48h non stop fresh 150ml apollo,desodorante en spray axe 48h non stop fresh 150ml apollo,3.75,https://www.ahorramas.com/cuidado-personal/?pmin=0.01&start=0&sz=18,cuidado personal
ahorramas,Toallitas Bodyplus 24 uds íntimas,toallitas bodyplus 24 uds intimas,1.40,https://www.ahorramas.com/cuidado-personal/?pmin=0.01&start=0&sz=18,cuidado personal
ahorramas,Desodorante roll-on Nivea 50 ml Protect&care,desodorante roll-on nivea 50 ml protect&care,2.35,https://www.ahorramas.com/cuidado-personal/?pmin=0.01&start=0&sz=18,cuidado personal
ahorramas,Tinte de cabello Llongueras Color Advance nº 8.1 rubio claro ceniza,tinte de cabello llongueras color advance no 8.1 rubio claro ceniza,7.49,https://www.ahorramas.com/cuidado-personal/?pmin=0.01&start=0&sz=18,cuidado personal
ahorramas,Agua de colonia aguas esenciales Victorio&Lucchino 250ml pura vida,agua de colonia aguas esenciales victorio&lucchino 250ml pura vida,15.95,https://www.ahorramas.com/cuidado-personal/?pmin=0.01&start=0&sz=18,cuidado personal
ahorramas,Compresa Discreet Ausonia 12 unidades Max Noche,compresa discreet ausonia 12 unidades max noche,7.45,https://www.ahorramas.com/cuidado-personal/?pmin=0.01&start=0&sz=18,cuidado personal
ahorramas,Crema contorno de ojos Garnier 15 ml Vitamina C,crema contorno de ojos garnier 15 ml vitamina c,12.90,https://www.ahorramas.com/cuidado-personal/?pmin=0.01&start=0&sz=18,cuidado personal
ahorramas,Mascarilla capilar hidratante Fructis 390ml hair food aloe vera,mascarilla capilar hidratante fructis 390ml hair food aloe vera,6.95,https://www.ahorramas.com/cuidado-personal/?pmin=0.01&start=0&sz=18,cuidado personal
ahorramas,Tinte de cabello L'Oréal Excellence Creme nº 4 castaño,tinte de cabello l'oreal excellence creme no 4 castano,9.70,https://www.ahorramas.com/cuidado-personal/?pmin=0.01&start=0&sz=18,cuidado personal
ahorramas,Compresa incontinencia Bodyplus 20 unidades mini,compresa incontinencia bodyplus 20 unidades mini,1.99,https://www.ahorramas.com/cuidado-personal/?pmin=0.01&start=0&sz=18,cuidado personal
ahorramas,Acondicionador Flex cabello dañado o castigado 650ml,acondicionador flex cabello danado o castigado 650ml,3.75,https://www.ahorramas.com/cuidado-personal/?pmin=0.01&start=0&sz=18,cuidado personal
ahorramas,Desodorante en roll-on Lactovit 50ml sin alcohol,desodorante en roll-on lactovit 50ml sin alcohol,2.10,https://www.ahorramas.com/cuidado-personal/?pmin=0.01&start=0&sz=18,cuidado personal
ahorramas,Tampón con aplicador Tampax Pearl 24 uds regular,tampon con aplicador tampax pearl 24 uds regular,4.99,https://www.ahorramas.com/cuidado-personal/?pmin=0.01&start=0&sz=18,cuidado personal
ahorramas,Bálsamo del Tigre rojo 19g,balsamo del tigre rojo 19g,7.99,https://www.ahorramas.com/cuidado-personal/?pmin=0.01&start=0&sz=18,cuidado personal
ahorramas,Champú fortificante Fructis 380ml fuerza&brillo,champu fortificante fructis 380ml fuerza&brillo,4.55,https://www.ahorramas.com/cuidado-personal/?pmin=0.01&start=0&sz=18,cuidado personal
ahorramas,Mascarilla Capilar Fortificante Fructis 320Ml Hair Bomb Biotina,mascarilla capilar fortificante fructis 320ml hair bomb biotina,4.70,https://www.ahorramas.com/cuidado-personal/?pmin=0.01&start=0&sz=18,cuidado personal
ahorramas,Mascarilla capilar reparadora Fructis 390ml cabello dañado,mascarilla capilar reparadora fructis 390ml cabello danado,6.95,https://www.ahorramas.com/cuidado-personal/?pmin=0.01&start=0&sz=18,cuidado personal
ahorramas,Quitaesmaltes Cutex 200 ml Ultra efectivo,quitaesmaltes cutex 200 ml ultra efectivo,2.50,https://www.ahorramas.com/cuidado-personal/?pmin=0.01&start=0&sz=18,cuidado personal
ahorramas,Crema protección solar capilar Babaria 100 ml Aloe,crema proteccion solar capilar babaria 100 ml aloe,3.85,https://www.ahorramas.com/cuidado-personal/?pmin=0.01&start=0&sz=18,cuidado personal
ahorramas,Protector de calor en spray Elvive 150ml,protector de calor en spray elvive 150ml,5.99,https://www.ahorramas.com/cuidado-personal/?pmin=0.01&start=0&sz=18,cuidado personal
ahorramas,Crema solar pistola Delial 270 ml FPS50,crema solar pistola delial 270 ml fps50,11.85,https://www.ahorramas.com/cuidado-personal/?pmin=0.01&start=0&sz=18,cuidado personal
ahorramas,Champú Pantene pro-V 325ml nutri-plex suave&liso,champu pantene pro-v 325ml nutri-plex suave&liso,2.99,https://www.ahorramas.com/cuidado-personal/?pmin=0.01&start=0&sz=18,cuidado personal
ahorramas,Tinte de cabello Garnier Color Sensation nº 5.0 castaño luminoso,tinte de cabello garnier color sensation no 5.0 castano luminoso,3.90,https://www.ahorramas.com/cuidado-personal/?pmin=0.01&start=0&sz=18,cuidado personal
ahorramas,Agua micelar Garnier 400ml desmaquilla limpia y tonifica,agua micelar garnier 400ml desmaquilla limpia y tonifica,5.25,https://www.ahorramas.com/cuidado-personal/?pmin=0.01&start=0&sz=18,cuidado personal
ahorramas,Agua micelar Garnier 400ml aceite que desmaquilla limpia y nutre,agua micelar garnier 400ml aceite que desmaquilla limpia y nutre,5.25,https://www.ahorramas.com/cuidado-personal/?pmin=0.01&start=0&sz=18,cuidado personal
ahorramas,Enjuague bucal Listerine 500ml dientes y encias menta fresca,enjuague bucal listerine 500ml dientes y encias menta fresca,4.95,https://www.ahorramas.com/cuidado-personal/?pmin=0.01&start=0&sz=18,cuidado personal
ahorramas,Champú H&S 330 ml Menthol Fresh,champu h&s 330 ml menthol fresh,3.55,https://www.ahorramas.com/cuidado-personal/?pmin=0.01&start=0&sz=18,cuidado personal
ahorramas,Crema facial de día L'Oréal revitalift 50ml hidratante antiarrugas,crema facial de dia l'oreal revitalift 50ml hidratante antiarrugas,9.50,https://www.ahorramas.com/cuidado-personal/?pmin=0.01&start=0&sz=18,cuidado personal
ahorramas,Tinte permanente Syoss nº7.1 rubio medio con keratina,tinte permanente syoss no7.1 rubio medio con keratina,4.99,https://www.ahorramas.com/cuidado-personal/?pmin=0.01&start=0&sz=18,cuidado personal
ahorramas,Laca Pantene 370 ml Ultra Fuerte,laca pantene 370 ml ultra fuerte,3.75,https://www.ahorramas.com/cuidado-personal/?pmin=0.01&start=0&sz=18,cuidado personal
ahorramas,Ejuague bucal sin alcohol Listerine 250 ml mentol,ejuague bucal sin alcohol listerine 250 ml mentol,1.50,https://www.ahorramas.com/cuidado-personal/?pmin=0.01&start=0&sz=18,cuidado personal
ahorramas,Crema facial L'Oréal men expert 50ml stop arrugas,crema facial l'oreal men expert 50ml stop arrugas,10.99,https://www.ahorramas.com/cuidado-personal/?pmin=0.01&start=0&sz=18,cuidado personal
ahorramas,"Champú Biotina y Colágeno OGX Cabello Fino,385 ml","champu biotina y colageno ogx cabello fino,385 ml",6.99,https://www.ahorramas.com/cuidado-personal/?pmin=0.01&start=0&sz=18,cuidado personal
ahorramas,Champú H&S 330 ml Anticaída,champu h&s 330 ml anticaida,3.55,https://www.ahorramas.com/cuidado-personal/?pmin=0.01&start=0&sz=18,cuidado personal
ahorramas,Desodorante spray Corporal Dove 150 ml Lavanda&camomila,desodorante spray corporal dove 150 ml lavanda&camomila,2.99,https://www.ahorramas.com/cuidado-personal/?pmin=0.01&start=0&sz=18,cuidado personal
ahorramas,Acondicionador OGX 385 ml Biotina&Colageno,acondicionador ogx 385 ml biotina&colageno,6.99,https://www.ahorramas.com/cuidado-personal/?pmin=0.01&start=0&sz=18,cuidado personal
ahorramas,Champú fortificante Fructis 380ml raíces grasas y puntas secas,champu fortificante fructis 380ml raices grasas y puntas secas,4.55,https://www.ahorramas.com/cuidado-personal/?pmin=0.01&start=0&sz=18,cuidado personal
ahorramas,Tampon con aplicador Bodyplus compact 28 uds super plus,tampon con aplicador bodyplus compact 28 uds super plus,3.79,https://www.ahorramas.com/cuidado-personal/?pmin=0.01&start=0&sz=18,cuidado personal
ahorramas,Mascarilla capilar Bodyplus 400ml dañado,mascarilla capilar bodyplus 400ml danado,2.15,https://www.ahorramas.com/cuidado-personal/?pmin=0.01&start=0&sz=18,cuidado personal
ahorramas,Gel fijador Giorgi 170 ml Extrafuerte,gel fijador giorgi 170 ml extrafuerte,2.95,https://www.ahorramas.com/cuidado-personal/?pmin=0.01&start=0&sz=18,cuidado personal
ahorramas,Hilo dental encerado Oral-B satin tape menta,hilo dental encerado oral-b satin tape menta,3.99,https://www.ahorramas.com/cuidado-personal/?pmin=0.01&start=0&sz=18,cuidado personal
ahorramas,Champú infantil Johnson's 500ml gotas brillo,champu infantil johnson's 500ml gotas brillo,4.29,https://www.ahorramas.com/cuidado-personal/?pmin=0.01&start=0&sz=18,cuidado personal
ahorramas,Pasta de dientes Oral-B 75ml complete,pasta de dientes oral-b 75ml complete,1.99,https://www.ahorramas.com/cuidado-personal/?pmin=0.01&start=0&sz=18,cuidado personal
ahorramas,Corrector facial en barra Rimmel Hide Blemish 001,corrector facial en barra rimmel hide blemish 001,5.99,https://www.ahorramas.com/cuidado-personal/?pmin=0.01&start=0&sz=18,cuidado personal
ahorramas,Cuchilla de cejas Mas Beauty,cuchilla de cejas mas beauty,1.00,https://www.ahorramas.com/cuidado-personal/?pmin=0.01&start=0&sz=18,cuidado personal
ahorramas,Esponja Bodyplus nature,esponja bodyplus nature,1.50,https://www.ahorramas.com/cuidado-personal/?pmin=0.01&start=0&sz=18,cuidado personal
ahorramas,Maquina desechable mujer 2h Bodyplus 10 unidades,maquina desechable mujer 2h bodyplus 10 unidades,2.00,https://www.ahorramas.com/cuidado-personal/?pmin=0.01&start=0&sz=18,cuidado personal
ahorramas,Esponja Suavipiel jabonosa desechable,esponja suavipiel jabonosa desechable,1.20,https://www.ahorramas.com/cuidado-personal/?pmin=0.01&start=0&sz=18,cuidado personal
ahorramas,Esponja Bodyplus pack-2 rizo rectangular,esponja bodyplus pack-2 rizo rectangular,1.30,https://www.ahorramas.com/cuidado-personal/?pmin=0.01&start=0&sz=18,cuidado personal
ahorramas,Desodorante en crema Dove 50ml sin alcohol antitranspirante,desodorante en crema dove 50ml sin alcohol antitranspirante,2.30,https://www.ahorramas.com/cuidado-personal/?pmin=0.01&start=0&sz=18,cuidado personal
ahorramas,Crema corporal Bodyplus 250ml con aceite de argán,crema corporal bodyplus 250ml con aceite de argan,1.80,https://www.ahorramas.com/cuidado-personal/?pmin=0.01&start=0&sz=18,cuidado personal
ahorramas,Champú anticaspa men Bodyplus 400ml,champu anticaspa men bodyplus 400ml,1.90,https://www.ahorramas.com/cuidado-personal/?pmin=0.01&start=0&sz=18,cuidado personal
ahorramas,Agua de Colonia Bodyplus 750ml frescor,agua de colonia bodyplus 750ml frescor,1.95,https://www.ahorramas.com/cuidado-personal/?pmin=0.01&start=0&sz=18,cuidado personal
ahorramas,Crema día Bodyplus 50ml ácido hialurónico y ceramidas,crema dia bodyplus 50ml acido hialuronico y ceramidas,3.99,https://www.ahorramas.com/cuidado-personal/?pmin=0.01&start=0&sz=18,cuidado personal
ahorramas,Esponja Bodyplus natural,esponja bodyplus natural,3.35,https://www.ahorramas.com/cuidado-personal/?pmin=0.01&start=0&sz=18,cuidado personal
ahorramas,Pasta de dientes Oral-B 75ml sensibilidad + blanqueador,pasta de dientes oral-b 75ml sensibilidad + blanqueador,3.49,https://www.ahorramas.com/cuidado-personal/?pmin=0.01&start=0&sz=18,cuidado personal
ahorramas,Pasta de dientes blanqueadora Colgate Sensitive con Sensi-espuma 100ml,pasta de dientes blanqueadora colgate sensitive con sensi-espuma 100ml,2.99,https://www.ahorramas.com/cuidado-personal/?pmin=0.01&start=0&sz=18,cuidado personal
ahorramas,Agua fresca de flores Álvarez Gómez 175ml bergamota,agua fresca de flores alvarez gomez 175ml bergamota,11.95,https://www.ahorramas.com/cuidado-personal/?pmin=0.01&start=0&sz=18,cuidado personal
ahorramas,Compresas con alas Ausonia 14 uds normal,compresas con alas ausonia 14 uds normal,1.75,https://www.ahorramas.com/cuidado-personal/?pmin=0.01&start=0&sz=18,cuidado personal
ahorramas,Pasta de dientes Kemphor 75ml original,pasta de dientes kemphor 75ml original,2.25,https://www.ahorramas.com/cuidado-personal/?pmin=0.01&start=0&sz=18,cuidado personal
ahorramas,Compresa con alas Ausonia 8 unidades Noche Ultrafina,compresa con alas ausonia 8 unidades noche ultrafina,1.80,https://www.ahorramas.com/cuidado-personal/?pmin=0.01&start=0&sz=18,cuidado personal
ahorramas,Gel Limpiador Vitamina C 50 ml,gel limpiador vitamina c 50 ml,4.79,https://www.ahorramas.com/cuidado-personal/?pmin=0.01&start=0&sz=18,cuidado personal
ahorramas,Gel de ducha Natural Honey 650 ml Coco,gel de ducha natural honey 650 ml coco,2.69,https://www.ahorramas.com/cuidado-personal/?pmin=0.01&start=0&sz=18,cuidado personal
ahorramas,Gel de ducha Natural Honey 650 ml Amazonian,gel de ducha natural honey 650 ml amazonian,2.69,https://www.ahorramas.com/cuidado-personal/?pmin=0.01&start=0&sz=18,cuidado personal
ahorramas,Pasta de dientes Colgate Total Advanced Esmalte Sano 24h de protección 75ml,pasta de dientes colgate total advanced esmalte sano 24h de proteccion 75ml,3.79,https://www.ahorramas.com/cuidado-personal/?pmin=0.01&start=0&sz=18,cuidado personal
ahorramas,Jabon pastilla Dove 90gr 4 unidades,jabon pastilla dove 90gr 4 unidades,3.50,https://www.ahorramas.com/cuidado-personal/?pmin=0.01&start=0&sz=18,cuidado personal
ahorramas,Tiras Cosmoplast Sensitive,tiras cosmoplast sensitive,1.20,https://www.ahorramas.com/cuidado-personal/?pmin=0.01&start=0&sz=18,cuidado personal
ahorramas,Gel íntimo Bodyplus 500 ml Aloe Vera,gel intimo bodyplus 500 ml aloe vera,1.25,https://www.ahorramas.com/cuidado-personal/?pmin=0.01&start=0&sz=18,cuidado personal
ahorramas,Cepillo Dental Bodyplus Pack-3 Medio,cepillo dental bodyplus pack-3 medio,1.00,https://www.ahorramas.com/cuidado-personal/?pmin=0.01&start=0&sz=18,cuidado personal
ahorramas,Apósitos Cosmoplast 10 uds ultrasensibles,apositos cosmoplast 10 uds ultrasensibles,1.99,https://www.ahorramas.com/cuidado-personal/?pmin=0.01&start=0&sz=18,cuidado personal
ahorramas,Pasta de dientes Bodyplus 100ml 2en1 flúor,pasta de dientes bodyplus 100ml 2en1 fluor,1.05,https://www.ahorramas.com/cuidado-personal/?pmin=0.01&start=0&sz=18,cuidado personal
ahorramas,Jabón manos Sanytol 250ml hidratante,jabon manos sanytol 250ml hidratante,2.25,https://www.ahorramas.com/cuidado-personal/?pmin=0.01&start=0&sz=18,cuidado personal
ahorramas,Recambio cepilla Oral-B 4 unidades Pro Cross Action,recambio cepilla oral-b 4 unidades pro cross action,19.95,https://www.ahorramas.com/cuidado-personal/?pmin=0.01&start=0&sz=18,cuidado personal
ahorramas,Lecitina de soja Vive+ 250g,lecitina de soja vive+ 250g,4.85,https://www.ahorramas.com/cuidado-personal/?pmin=0.01&start=0&sz=18,cuidado personal
ahorramas,Desodorante en roll-on Nivea 50ml,desodorante en roll-on nivea 50ml,2.35,https://www.ahorramas.com/cuidado-personal/?pmin=0.01&start=0&sz=18,cuidado personal
ahorramas,Agua oxigenada Oxicida 250ml,agua oxigenada oxicida 250ml,0.65,https://www.ahorramas.com/cuidado-personal/?pmin=0.01&start=0&sz=18,cuidado personal
ahorramas,Esponja Bodyplus 3 uds oval,esponja bodyplus 3 uds oval,1.00,https://www.ahorramas.com/cuidado-personal/?pmin=0.01&start=0&sz=18,cuidado personal
ahorramas,Recambio cepillo eléctrico tm electron 4 uds,recambio cepillo electrico tm electron 4 uds,5.95,https://www.ahorramas.com/cuidado-personal/?pmin=0.01&start=0&sz=18,cuidado personal
ahorramas,Crema dental Bodyplus 100ml sensibles,crema dental bodyplus 100ml sensibles,1.50,https://www.ahorramas.com/cuidado-personal/?pmin=0.01&start=0&sz=18,cuidado personal
ahorramas,Crema dental Bodyplus 100ml anticaries,crema dental bodyplus 100ml anticaries,1.05,https://www.ahorramas.com/cuidado-personal/?pmin=0.01&start=0&sz=18,cuidado personal
ahorramas,Toallitas desmaquillantes Vitesse 25 unidades Piel sensible,toallitas desmaquillantes vitesse 25 unidades piel sensible,2.69,https://www.ahorramas.com/cuidado-personal/?pmin=0.01&start=0&sz=18,cuidado personal
ahorramas,Protegeslip carefree 36 unidades large,protegeslip carefree 36 unidades large,2.59,https://www.ahorramas.com/cuidado-personal/?pmin=0.01&start=0&sz=18,cuidado personal
ahorramas,Cepillo Dental Bodyplus Pack-2 Cepillo Dent.Bodyplus P2 Avanzado Medio,cepillo dental bodyplus pack-2 cepillo dent.bodyplus p2 avanzado medio,1.99,https://www.ahorramas.com/cuidado-personal/?pmin=0.01&start=0&sz=18,cuidado personal
ahorramas,Colonia Denenes infantil 600ml muy suave con aceites esenciales naturales,colonia denenes infantil 600ml muy suave con aceites esenciales naturales,3.99,https://www.ahorramas.com/cuidado-personal/?pmin=0.01&start=0&sz=18,cuidado personal
ahorramas,Loción corporal Nivea 400 ml aloe vera piel normal y seca,locion corporal nivea 400 ml aloe vera piel normal y seca,5.49,https://www.ahorramas.com/cuidado-personal/?pmin=0.01&start=0&sz=18,cuidado personal
ahorramas,Body milk Lactovit lactourea 400ml reparador para piel seca,body milk lactovit lactourea 400ml reparador para piel seca,4.99,https://www.ahorramas.com/cuidado-personal/?pmin=0.01&start=0&sz=18,cuidado personal
ahorramas,LEVADURA DE CERVEZA VIVE+ 125G,levadura de cerveza vive+ 125g,2.85,https://www.ahorramas.com/cuidado-personal/?pmin=0.01&start=0&sz=18,cuidado personal
ahorramas,Compresas Bodyplus 20 uds extraplana,compresas bodyplus 20 uds extraplana,0.85,https://www.ahorramas.com/cuidado-personal/?pmin=0.01&start=0&sz=18,cuidado personal
ahorramas,Agua De Colonia Gotas Frescas 250 ml Familia,agua de colonia gotas frescas 250 ml familia,4.99,https://www.ahorramas.com/cuidado-personal/?pmin=0.01&start=0&sz=18,cuidado personal
ahorramas,Pintauñas Rimmel Super Shine 60 seconds 708,pintaunas rimmel super shine 60 seconds 708,2.25,https://www.ahorramas.com/cuidado-personal/?pmin=0.01&start=0&sz=18,cuidado personal
ahorramas,Jabón de manos con dosificador Heno De Pravia 300ml,jabon de manos con dosificador heno de pravia 300ml,3.10,https://www.ahorramas.com/cuidado-personal/?pmin=0.01&start=0&sz=18,cuidado personal
ahorramas,Pasta de dientes Parodontax 75ml complete,pasta de dientes parodontax 75ml complete,5.79,https://www.ahorramas.com/cuidado-personal/?pmin=0.01&start=0&sz=18,cuidado personal
ahorramas,Espuma de afeitar Bodyplus 300 ml pieles sensibles,espuma de afeitar bodyplus 300 ml pieles sensibles,1.55,https://www.ahorramas.com/cuidado-personal/?pmin=0.01&start=0&sz=18,cuidado personal
ahorramas,Crema dental fijadora Corega 40g Power Max,crema dental fijadora corega 40g power max,10.89,https://www.ahorramas.com/cuidado-personal/?pmin=0.01&start=0&sz=18,cuidado personal
ahorramas,Loción corporal Dove 400ml cuidado envolvente,locion corporal dove 400ml cuidado envolvente,4.99,https://www.ahorramas.com/cuidado-personal/?pmin=0.01&start=0&sz=18,cuidado personal
ahorramas,Algodón orgánico Bel 100g nature,algodon organico bel 100g nature,1.20,https://www.ahorramas.com/cuidado-personal/?pmin=0.01&start=0&sz=18,cuidado personal
ahorramas,Crema depilatoria Veet men tubo 200ml para el cuerpo y piel normal,crema depilatoria veet men tubo 200ml para el cuerpo y piel normal,5.00,https://www.ahorramas.com/cuidado-personal/?pmin=0.01&start=0&sz=18,cuidado personal
ahorramas,Crema hidratante Nivea 375ml soft,crema hidratante nivea 375ml soft,5.99,https://www.ahorramas.com/cuidado-personal/?pmin=0.01&start=0&sz=18,cuidado personal
ahorramas,Pasta de dientes Sensodyne 75ml sensible y encías,pasta de dientes sensodyne 75ml sensible y encias,4.79,https://www.ahorramas.com/cuidado-personal/?pmin=0.01&start=0&sz=18,cuidado personal
ahorramas,Desodorante Roll-On 75 h Rexona 50 ml Tropical,desodorante roll-on 75 h rexona 50 ml tropical,2.35,https://www.ahorramas.com/cuidado-personal/?pmin=0.01&start=0&sz=18,cuidado personal
ahorramas,Clorhexidina 2% Dyns 125ml,clorhexidina 2% dyns 125ml,2.95,https://www.ahorramas.com/cuidado-personal/?pmin=0.01&start=0&sz=18,cuidado personal
ahorramas,Mascarilla capilar Bodyplus 400ml liso,mascarilla capilar bodyplus 400ml liso,2.15,https://www.ahorramas.com/cuidado-personal/?pmin=0.01&start=0&sz=18,cuidado personal
ahorramas,Fragancia Monogotas 100ml coco,fragancia monogotas 100ml coco,3.25,https://www.ahorramas.com/cuidado-personal/?pmin=0.01&start=0&sz=18,cuidado personal
ahorramas,Crema Face&Body Tabaibaloe 300 ml Aloe,crema face&body tabaibaloe 300 ml aloe,2.69,https://www.ahorramas.com/cuidado-personal/?pmin=0.01&start=0&sz=18,cuidado personal
ahorramas,Desodorante spray Rexona Men 200ml Thermo Fresh,desodorante spray rexona men 200ml thermo fresh,3.40,https://www.ahorramas.com/cuidado-personal/?pmin=0.01&start=0&sz=18,cuidado personal
ahorramas,Gel ducha Natural Honey 650 ml Argán,gel ducha natural honey 650 ml argan,2.69,https://www.ahorramas.com/cuidado-personal/?pmin=0.01&start=0&sz=18,cuidado personal
ahorramas,Body Milk Agrado 400 ml Rosa Mosqueta,body milk agrado 400 ml rosa mosqueta,1.39,https://www.ahorramas.com/cuidado-personal/?pmin=0.01&start=0&sz=18,cuidado personal
ahorramas,Diadema con puas Mas Beauty,diadema con puas mas beauty,2.50,https://www.ahorramas.com/cuidado-personal/?pmin=0.01&start=0&sz=18,cuidado personal
ahorramas,Gel de ducha Le Petit Marseillais 650 ml flor de naranjo,gel de ducha le petit marseillais 650 ml flor de naranjo,3.99,https://www.ahorramas.com/cuidado-personal/?pmin=0.01&start=0&sz=18,cuidado personal
ahorramas,Quitaesmalte Bodyplus 200ml hidratante,quitaesmalte bodyplus 200ml hidratante,1.15,https://www.ahorramas.com/cuidado-personal/?pmin=0.01&start=0&sz=18,cuidado personal
ahorramas,Pasta dental Colgate total 75 ml 2 unidades prevención activa,pasta dental colgate total 75 ml 2 unidades prevencion activa,3.79,https://www.ahorramas.com/cuidado-personal/?pmin=0.01&start=0&sz=18,cuidado personal
ahorramas,Coletero tie dye Mas Beauty,coletero tie dye mas beauty,1.99,https://www.ahorramas.com/cuidado-personal/?pmin=0.01&start=0&sz=18,cuidado personal
ahorramas,Desodorante spray Axe 48h Fresh 150 ml Black,desodorante spray axe 48h fresh 150 ml black,3.75,https://www.ahorramas.com/cuidado-personal/?pmin=0.01&start=0&sz=18,cuidado personal
ahorramas,Complejo multivitamínico Naturtierra 60 cápsulas,complejo multivitaminico naturtierra 60 capsulas,3.99,https://www.ahorramas.com/cuidado-personal/?pmin=0.01&start=0&sz=18,cuidado personal
ahorramas,Jabon íntimo Chilly 250ml protect fórmula activa,jabon intimo chilly 250ml protect formula activa,4.59,https://www.ahorramas.com/cuidado-personal/?pmin=0.01&start=0&sz=18,cuidado personal
ahorramas,Pasta de dientes Bodyplus 50ml junior,pasta de dientes bodyplus 50ml junior,0.80,https://www.ahorramas.com/cuidado-personal/?pmin=0.01&start=0&sz=18,cuidado personal
ahorramas,Compresas de incontinencia leve Bodyplus 12 uds normal,compresas de incontinencia leve bodyplus 12 uds normal,1.69,https://www.ahorramas.com/cuidado-personal/?pmin=0.01&start=0&sz=18,cuidado personal
ahorramas,Champú Bodyplus 400ml dañado,champu bodyplus 400ml danado,1.80,https://www.ahorramas.com/cuidado-personal/?pmin=0.01&start=0&sz=18,cuidado personal
ahorramas,Gel afeitado Gillette 200 ml Sensitive,gel afeitado gillette 200 ml sensitive,3.29,https://www.ahorramas.com/cuidado-personal/?pmin=0.01&start=0&sz=18,cuidado personal
ahorramas,Crema solar pistola Nivea 270ml protege&broncea FPS 30,crema solar pistola nivea 270ml protege&broncea fps 30,17.95,https://www.ahorramas.com/cuidado-personal/?pmin=0.01&start=0&sz=18,cuidado personal
ahorramas,Pasta de dientes Colgate 50 ml Junior 7-12 años,pasta de dientes colgate 50 ml junior 7-12 anos,2.25,https://www.ahorramas.com/cuidado-personal/?pmin=0.01&start=0&sz=18,cuidado personal
ahorramas,Eau De Toilette Poseidon Gold Men 150 ml,eau de toilette poseidon gold men 150 ml,12.99,https://www.ahorramas.com/cuidado-personal/?pmin=0.01&start=0&sz=18,cuidado personal
ahorramas,Tampón compact Bodyplus 20 unidades normal,tampon compact bodyplus 20 unidades normal,2.55,https://www.ahorramas.com/cuidado-personal/?pmin=0.01&start=0&sz=18,cuidado personal
ahorramas,Gel de baño Bodyplus 750 ml avena,gel de bano bodyplus 750 ml avena,1.50,https://www.ahorramas.com/cuidado-personal/?pmin=0.01&start=0&sz=18,cuidado personal
ahorramas,Mascarilla capilar Bodyplus 400ml rizado,mascarilla capilar bodyplus 400ml rizado,2.15,https://www.ahorramas.com/cuidado-personal/?pmin=0.01&start=0&sz=18,cuidado personal
ahorramas,Protegeslip Bodyplus 30 uds plegable aloe,protegeslip bodyplus 30 uds plegable aloe,1.18,https://www.ahorramas.com/cuidado-personal/?pmin=0.01&start=0&sz=18,cuidado personal
ahorramas,Desodorante en roll-on 0% Dove 50ml Invisible,desodorante en roll-on 0% dove 50ml invisible,2.49,https://www.ahorramas.com/cuidado-personal/?pmin=0.01&start=0&sz=18,cuidado personal
ahorramas,Desodorante en roll-on Nivea men 50ml,desodorante en roll-on nivea men 50ml,2.35,https://www.ahorramas.com/cuidado-personal/?pmin=0.01&start=0&sz=18,cuidado personal
ahorramas,Gel de ducha Moussel 650 ml,gel de ducha moussel 650 ml,3.79,https://www.ahorramas.com/cuidado-personal/?pmin=0.01&start=0&sz=18,cuidado personal
ahorramas,Set esponjas partibles Mas Beauty 3 unidades Mariposa,set esponjas partibles mas beauty 3 unidades mariposa,1.99,https://www.ahorramas.com/cuidado-personal/?pmin=0.01&start=0&sz=18,cuidado personal
ahorramas,Colonia Nenuco 500 ml,colonia nenuco 500 ml,2.85,https://www.ahorramas.com/cuidado-personal/?pmin=0.01&start=0&sz=18,cuidado personal
ahorramas,Champú H&S 800 ml Menthol Fresh,champu h&s 800 ml menthol fresh,10.80,https://www.ahorramas.com/cuidado-personal/?pmin=0.01&start=0&sz=18,cuidado personal
ahorramas,Gel afeitar Bodyplus 75ml pieles sensibles,gel afeitar bodyplus 75ml pieles sensibles,1.35,https://www.ahorramas.com/cuidado-personal/?pmin=0.01&start=0&sz=18,cuidado personal
ahorramas,Acondicionador intenso Pro-V Pantene Miracles 150 ml Bond Repair,acondicionador intenso pro-v pantene miracles 150 ml bond repair,9.99,https://www.ahorramas.com/cuidado-personal/?pmin=0.01&start=0&sz=18,cuidado personal
ahorramas,crema dental fijadora Corega 70 g sin sabor,crema dental fijadora corega 70 g sin sabor,14.49,https://www.ahorramas.com/cuidado-personal/?pmin=0.01&start=0&sz=18,cuidado personal
ahorramas,Protegeslip Bodyplus 60 unidades normal,protegeslip bodyplus 60 unidades normal,1.54,https://www.ahorramas.com/cuidado-personal/?pmin=0.01&start=0&sz=18,cuidado personal
ahorramas,Desodorante en barra Williams 75ml ice blue 24h,desodorante en barra williams 75ml ice blue 24h,2.99,https://www.ahorramas.com/cuidado-personal/?pmin=0.01&start=0&sz=18,cuidado personal
ahorramas,Crema corporal Nivea lata 250ml para todo tipo de piel,crema corporal nivea lata 250ml para todo tipo de piel,4.00,https://www.ahorramas.com/cuidado-personal/?pmin=0.01&start=0&sz=18,cuidado personal
ahorramas,Agua de Colonia Bodyplus 750ml lavanda,agua de colonia bodyplus 750ml lavanda,1.95,https://www.ahorramas.com/cuidado-personal/?pmin=0.01&start=0&sz=18,cuidado personal
ahorramas,Maquina Desechable Hombre 2H Bodyplus 10 Unidades,maquina desechable hombre 2h bodyplus 10 unidades,1.10,https://www.ahorramas.com/cuidado-personal/?pmin=0.01&start=0&sz=18,cuidado personal
ahorramas,Esponja Bodyplus exfOliante,esponja bodyplus exfoliante,1.20,https://www.ahorramas.com/cuidado-personal/?pmin=0.01&start=0&sz=18,cuidado personal
ahorramas,After shave en bálsamo Nivea 100ml protege&cuida,after shave en balsamo nivea 100ml protege&cuida,5.80,https://www.ahorramas.com/cuidado-personal/?pmin=0.01&start=0&sz=18,cuidado personal
ahorramas,Maquinillas Desechables Para Mujer Gillette Blue II Plus 5 + 1 Uds,maquinillas desechables para mujer gillette blue ii plus 5 + 1 uds,2.99,https://www.ahorramas.com/cuidado-personal/?pmin=0.01&start=0&sz=18,cuidado personal
ahorramas,Bálsamo after shave Bodyplus 100 ml Sensitive,balsamo after shave bodyplus 100 ml sensitive,2.85,https://www.ahorramas.com/cuidado-personal/?pmin=0.01&start=0&sz=18,cuidado personal
ahorramas,Champú Pantene Pro-V Miracles 250 ml Hidratación y Brillo,champu pantene pro-v miracles 250 ml hidratacion y brillo,5.99,https://www.ahorramas.com/cuidado-personal/?pmin=0.01&start=0&sz=18,cuidado personal
ahorramas,Desodorante en stick natural Bioglow 60g mineral de alumbre,desodorante en stick natural bioglow 60g mineral de alumbre,1.99,https://www.ahorramas.com/cuidado-personal/?pmin=0.01&start=0&sz=18,cuidado personal
ahorramas,Acondicionador Herbal Essences 250ml suavidad aroma a rosas,acondicionador herbal essences 250ml suavidad aroma a rosas,5.29,https://www.ahorramas.com/cuidado-personal/?pmin=0.01&start=0&sz=18,cuidado personal
ahorramas,Compresas con alas liberty Evax 9 uds noche,compresas con alas liberty evax 9 uds noche,3.29,https://www.ahorramas.com/cuidado-personal/?pmin=0.01&start=0&sz=18,cuidado personal
ahorramas,Espuja fijadora Pantene 300 ml Volumen Perfecto,espuja fijadora pantene 300 ml volumen perfecto,3.75,https://www.ahorramas.com/cuidado-personal/?pmin=0.01&start=0&sz=18,cuidado personal
ahorramas,Cepillo dental Sensodyne repair suave,cepillo dental sensodyne repair suave,1.99,https://www.ahorramas.com/cuidado-personal/?pmin=0.01&start=0&sz=18,cuidado personal
ahorramas,Moldeador capilar Pantene 145ml para rizos,moldeador capilar pantene 145ml para rizos,5.25,https://www.ahorramas.com/cuidado-personal/?pmin=0.01&start=0&sz=18,cuidado personal
ahorramas,Crema Solar Pistola Ecran 270ml F50,crema solar pistola ecran 270ml f50,13.20,https://www.ahorramas.com/cuidado-personal/?pmin=0.01&start=0&sz=18,cuidado personal
ahorramas,Mascarilla capilar Fructis Garnier 400ml nº2 método rizos,mascarilla capilar fructis garnier 400ml no2 metodo rizos,7.99,https://www.ahorramas.com/cuidado-personal/?pmin=0.01&start=0&sz=18,cuidado personal
ahorramas,Mascarilla capilar reconstructora Elvive 250ml violeta,mascarilla capilar reconstructora elvive 250ml violeta,7.19,https://www.ahorramas.com/cuidado-personal/?pmin=0.01&start=0&sz=18,cuidado personal
ahorramas,Marcarilla capilar Elvive 310 ml Hidra Hialurónico,marcarilla capilar elvive 310 ml hidra hialuronico,4.40,https://www.ahorramas.com/cuidado-personal/?pmin=0.01&start=0&sz=18,cuidado personal
ahorramas,Delineador de ojos Maybelline hyper easy liner 801 matte black,delineador de ojos maybelline hyper easy liner 801 matte black,9.49,https://www.ahorramas.com/cuidado-personal/?pmin=0.01&start=0&sz=18,cuidado personal
ahorramas,Maquillaje pintalabios bold Maybelline pink pose 233,maquillaje pintalabios bold maybelline pink pose 233,6.95,https://www.ahorramas.com/cuidado-personal/?pmin=0.01&start=0&sz=18,cuidado personal
ahorramas,Maquillaje Brillo De Labios Maybelline Lifter Gloss Petal+ Ácido Hyalurónico 005,maquillaje brillo de labios maybelline lifter gloss petal+ acido hyaluronico 005,10.50,https://www.ahorramas.com/cuidado-personal/?pmin=0.01&start=0&sz=18,cuidado personal
ahorramas,Crema facial Garnier skinactive 50ml BB Cream hidratante tono medio,crema facial garnier skinactive 50ml bb cream hidratante tono medio,10.95,https://www.ahorramas.com/cuidado-personal/?pmin=0.01&start=0&sz=18,cuidado personal
ahorramas,Tinte de cabello Garnier Color Sensation nº 3.0 castaño oscuro,tinte de cabello garnier color sensation no 3.0 castano oscuro,3.90,https://www.ahorramas.com/cuidado-personal/?pmin=0.01&start=0&sz=18,cuidado personal
ahorramas,Lápiz de ojos Maybelline tattoo liner 910,lapiz de ojos maybelline tattoo liner 910,6.95,https://www.ahorramas.com/cuidado-personal/?pmin=0.01&start=0&sz=18,cuidado personal
ahorramas,Tinte de cabello sin amoníaco Garnier Olia nº 4.15 chocolate,tinte de cabello sin amoniaco garnier olia no 4.15 chocolate,8.35,https://www.ahorramas.com/cuidado-personal/?pmin=0.01&start=0&sz=18,cuidado personal
ahorramas,Tinte de cabello L'Oréal Excellence Creme nº 9.1 rubio muy claro ceniza,tinte de cabello l'oreal excellence creme no 9.1 rubio muy claro ceniza,9.70,https://www.ahorramas.com/cuidado-personal/?pmin=0.01&start=0&sz=18,cuidado personal
ahorramas,Serum Skin Active Active Garnier 30ml anti manchas,serum skin active active garnier 30ml anti manchas,15.95,https://www.ahorramas.com/cuidado-personal/?pmin=0.01&start=0&sz=18,cuidado personal
ahorramas,Espuma fijadora Elvive 200ml ondas definidas,espuma fijadora elvive 200ml ondas definidas,5.99,https://www.ahorramas.com/cuidado-personal/?pmin=0.01&start=0&sz=18,cuidado personal
ahorramas,Crema facial de noche L'Oréal 50ml age perfect,crema facial de noche l'oreal 50ml age perfect,9.99,https://www.ahorramas.com/cuidado-personal/?pmin=0.01&start=0&sz=18,cuidado personal
ahorramas,Sérum facial Revitalif L'Oréal 30ml Laser,serum facial revitalif l'oreal 30ml laser,25.50,https://www.ahorramas.com/cuidado-personal/?pmin=0.01&start=0&sz=18,cuidado personal
ahorramas,Acondicionador liso y brillo Fructis 250 ml,acondicionador liso y brillo fructis 250 ml,4.85,https://www.ahorramas.com/cuidado-personal/?pmin=0.01&start=0&sz=18,cuidado personal
ahorramas,Base de maquillaje Maybelline Fit Me! Matte + Poreless 320,base de maquillaje maybelline fit me! matte + poreless 320,7.00,https://www.ahorramas.com/cuidado-personal/?pmin=0.01&start=0&sz=18,cuidado personal
ahorramas,Pintalabios Maybelline Superstay Matte Ink 065 seductrees,pintalabios maybelline superstay matte ink 065 seductrees,8.95,https://www.ahorramas.com/cuidado-personal/?pmin=0.01&start=0&sz=18,cuidado personal
ahorramas,Tinte de cabello sin amoníaco Garnier Olia nº 5.3 cappuccino,tinte de cabello sin amoniaco garnier olia no 5.3 cappuccino,8.35,https://www.ahorramas.com/cuidado-personal/?pmin=0.01&start=0&sz=18,cuidado personal
ahorramas,Tinte de cabello L'Oréal Excellence Creme nº 8.1 rubio claro ceniza,tinte de cabello l'oreal excellence creme no 8.1 rubio claro ceniza,9.70,https://www.ahorramas.com/cuidado-personal/?pmin=0.01&start=0&sz=18,cuidado personal
ahorramas,Champú seco Elvive 200ml air volume,champu seco elvive 200ml air volume,5.99,https://www.ahorramas.com/cuidado-personal/?pmin=0.01&start=0&sz=18,cuidado personal
ahorramas,Fluido facial Hidratante Antimanchas Loreal Bright Reveal 50 ml F50+ Niacinamida + Lha,fluido facial hidratante antimanchas loreal bright reveal 50 ml f50+ niacinamida + lha,20.95,https://www.ahorramas.com/cuidado-personal/?pmin=0.01&start=0&sz=18,cuidado personal
ahorramas,Enjuague Colgate Total Cuidado de Encías 500ml,enjuague colgate total cuidado de encias 500ml,3.99,https://www.ahorramas.com/cuidado-personal/?pmin=0.01&start=0&sz=18,cuidado personal
ahorramas,Loción autobronceadora Dove 400 ml Light,locion autobronceadora dove 400 ml light,3.99,https://www.ahorramas.com/cuidado-personal/?pmin=0.01&start=0&sz=18,cuidado personal
ahorramas,Maquillaje corrector de ojeras borrador Maybelline light 01,maquillaje corrector de ojeras borrador maybelline light 01,11.50,https://www.ahorramas.com/cuidado-personal/?pmin=0.01&start=0&sz=18,cuidado personal
ahorramas,Gel lubricante Durex 50ml fresa,gel lubricante durex 50ml fresa,9.65,https://www.ahorramas.com/cuidado-personal/?pmin=0.01&start=0&sz=18,cuidado personal
ahorramas,Sérum Fructis Garnier 150ml nº3 metodo rizos,serum fructis garnier 150ml no3 metodo rizos,7.99,https://www.ahorramas.com/cuidado-personal/?pmin=0.01&start=0&sz=18,cuidado personal
ahorramas,Fluido protector facial Delial 40ml FPS 50,fluido protector facial delial 40ml fps 50,10.99,https://www.ahorramas.com/cuidado-personal/?pmin=0.01&start=0&sz=18,cuidado personal
ahorramas,Laca Pantene 370ml Volumen Perfecto,laca pantene 370ml volumen perfecto,3.75,https://www.ahorramas.com/cuidado-personal/?pmin=0.01&start=0&sz=18,cuidado personal
ahorramas,Acondicionador intensivo Pro-V Pantene 3mm 220 Rizos,acondicionador intensivo pro-v pantene 3mm 220 rizos,3.75,https://www.ahorramas.com/cuidado-personal/?pmin=0.01&start=0&sz=18,cuidado personal
ahorramas,Cepillo dental electronico Oral-B kids 3+ edición especial,cepillo dental electronico oral-b kids 3+ edicion especial,22.99,https://www.ahorramas.com/cuidado-personal/?pmin=0.01&start=0&sz=18,cuidado personal
ahorramas,Champú purificante Garnier Original Remedies 400ml arcilla suave y limon,champu purificante garnier original remedies 400ml arcilla suave y limon,3.99,https://www.ahorramas.com/cuidado-personal/?pmin=0.01&start=0&sz=18,cuidado personal
ahorramas,Pasta Dental Colgate 75 ml Max White One,pasta dental colgate 75 ml max white one,2.65,https://www.ahorramas.com/cuidado-personal/?pmin=0.01&start=0&sz=18,cuidado personal
ahorramas,Fluido protector solar Ecran 50 ml F50 Cara y escote,fluido protector solar ecran 50 ml f50 cara y escote,9.75,https://www.ahorramas.com/cuidado-personal/?pmin=0.01&start=0&sz=18,cuidado personal
ahorramas,Crema protección solar Babaria FPP30 100 ml Accíón bronceadora,crema proteccion solar babaria fpp30 100 ml accion bronceadora,5.95,https://www.ahorramas.com/cuidado-personal/?pmin=0.01&start=0&sz=18,cuidado personal
ahorramas,Tinte de cabello L'Oréal Excellence Creme nº 9.3 rubio muy claro dorado,tinte de cabello l'oreal excellence creme no 9.3 rubio muy claro dorado,9.70,https://www.ahorramas.com/cuidado-personal/?pmin=0.01&start=0&sz=18,cuidado personal
ahorramas,Champú Pantene Pro-V 325 ml Purificante,champu pantene pro-v 325 ml purificante,2.99,https://www.ahorramas.com/cuidado-personal/?pmin=0.01&start=0&sz=18,cuidado personal
ahorramas,Maquillaje Brillo De Labios Maybelline Lifter Gloss Ice + Ácido Hyalurónico 002,maquillaje brillo de labios maybelline lifter gloss ice + acido hyaluronico 002,10.50,https://www.ahorramas.com/cuidado-personal/?pmin=0.01&start=0&sz=18,cuidado personal
ahorramas,Tinte de cabello sin amoníaco Garnier Olia nº 4 castaño,tinte de cabello sin amoniaco garnier olia no 4 castano,8.35,https://www.ahorramas.com/cuidado-personal/?pmin=0.01&start=0&sz=18,cuidado personal
ahorramas,Tinte de cabello sin amoníaco Garnier Olia nº 7 rubio,tinte de cabello sin amoniaco garnier olia no 7 rubio,8.35,https://www.ahorramas.com/cuidado-personal/?pmin=0.01&start=0&sz=18,cuidado personal
ahorramas,Sérum Facial Niacinamida Loreal 30 ml Anti-Manchas,serum facial niacinamida loreal 30 ml anti-manchas,24.50,https://www.ahorramas.com/cuidado-personal/?pmin=0.01&start=0&sz=18,cuidado personal
ahorramas,Pre-Champú Elvive 200Ml Bond Repair,pre-champu elvive 200ml bond repair,9.99,https://www.ahorramas.com/cuidado-personal/?pmin=0.01&start=0&sz=18,cuidado personal
ahorramas,Pintalabios Maybelline Superstay Matte Ink 125 inspirer,pintalabios maybelline superstay matte ink 125 inspirer,8.95,https://www.ahorramas.com/cuidado-personal/?pmin=0.01&start=0&sz=18,cuidado personal
ahorramas,Acondicionador Elvive Color Vive cabello teñido 300ml,acondicionador elvive color vive cabello tenido 300ml,4.10,https://www.ahorramas.com/cuidado-personal/?pmin=0.01&start=0&sz=18,cuidado personal
ahorramas,Crema facial para el contorno de ojos L'Oréal 15ml revitalift,crema facial para el contorno de ojos l'oreal 15ml revitalift,10.49,https://www.ahorramas.com/cuidado-personal/?pmin=0.01&start=0&sz=18,cuidado personal
ahorramas,Acondicionador Glycolic Gloss L'Oréal Paris Elvive Cabello Suave Y Brillante 150 ml,acondicionador glycolic gloss l'oreal paris elvive cabello suave y brillante 150 ml,6.15,https://www.ahorramas.com/cuidado-personal/?pmin=0.01&start=0&sz=18,cuidado personal
ahorramas,Tinte para el cabello Color Sensation Rubio Extra Claro Ceniza 110 Garnier,tinte para el cabello color sensation rubio extra claro ceniza 110 garnier,3.90,https://www.ahorramas.com/cuidado-personal/?pmin=0.01&start=0&sz=18,cuidado personal
ahorramas,Lápiz perfilador de cejas Maybelline Brow Ultra 00 light blonde,lapiz perfilador de cejas maybelline brow ultra 00 light blonde,7.99,https://www.ahorramas.com/cuidado-personal/?pmin=0.01&start=0&sz=18,cuidado personal
ahorramas,Tinte de cabello L'Oréal Excellence Creme nº 7 rubio,tinte de cabello l'oreal excellence creme no 7 rubio,9.70,https://www.ahorramas.com/cuidado-personal/?pmin=0.01&start=0&sz=18,cuidado personal
ahorramas,Base Maquillaje En Polvo Super Stay 24H Maybelline 48,base maquillaje en polvo super stay 24h maybelline 48,15.95,https://www.ahorramas.com/cuidado-personal/?pmin=0.01&start=0&sz=18,cuidado personal
ahorramas,Maquillaje Brillo De Labios Maybelline Lifter Gloss Pearl+ Ácido Hyalurónico 001,maquillaje brillo de labios maybelline lifter gloss pearl+ acido hyaluronico 001,10.50,https://www.ahorramas.com/cuidado-personal/?pmin=0.01&start=0&sz=18,cuidado personal
ahorramas,Crema facial de día L'Oréal 50ml expert 55 + calcio antiarrugas densificadora,crema facial de dia l'oreal 50ml expert 55 + calcio antiarrugas densificadora,7.45,https://www.ahorramas.com/cuidado-personal/?pmin=0.01&start=0&sz=18,cuidado personal
ahorramas,Pintalabios Maybelline Superstay Matte Ink 115 founder,pintalabios maybelline superstay matte ink 115 founder,8.95,https://www.ahorramas.com/cuidado-personal/?pmin=0.01&start=0&sz=18,cuidado personal
ahorramas,Lápiz perfilador de cejas Maybelline Brow Ultra 01 blonde,lapiz perfilador de cejas maybelline brow ultra 01 blonde,7.99,https://www.ahorramas.com/cuidado-personal/?pmin=0.01&start=0&sz=18,cuidado personal
ahorramas,Colonia Sandía Cocktail Splash TFC 40 ml,colonia sandia cocktail splash tfc 40 ml,2.99,https://www.ahorramas.com/cuidado-personal/?pmin=0.01&start=0&sz=18,cuidado personal
ahorramas,Tinte de cabello Garnier Color Sensation nº 6.0 rubio oscuro,tinte de cabello garnier color sensation no 6.0 rubio oscuro,3.90,https://www.ahorramas.com/cuidado-personal/?pmin=0.01&start=0&sz=18,cuidado personal
ahorramas,Pintalabios Maybelline Superstay Matte Ink 050 voyager,pintalabios maybelline superstay matte ink 050 voyager,8.95,https://www.ahorramas.com/cuidado-personal/?pmin=0.01&start=0&sz=18,cuidado personal
ahorramas,Champú Elvive 200Ml Bond Repair,champu elvive 200ml bond repair,6.15,https://www.ahorramas.com/cuidado-personal/?pmin=0.01&start=0&sz=18,cuidado personal
ahorramas,Tinte de cabello sin amoníaco Garnier Olia nº 9 rubio muy claro,tinte de cabello sin amoniaco garnier olia no 9 rubio muy claro,8.35,https://www.ahorramas.com/cuidado-personal/?pmin=0.01&start=0&sz=18,cuidado personal
ahorramas,Iluminador Maybelline face studio strobing stick 100,iluminador maybelline face studio strobing stick 100,9.99,https://www.ahorramas.com/cuidado-personal/?pmin=0.01&start=0&sz=18,cuidado personal
ahorramas,Máscara de pestañas Maybelline lash sensational waterproof,mascara de pestanas maybelline lash sensational waterproof,11.99,https://www.ahorramas.com/cuidado-personal/?pmin=0.01&start=0&sz=18,cuidado personal
ahorramas,Tinte de cabello L'Oréal Excellence Creme nº 6 rubio oscuro,tinte de cabello l'oreal excellence creme no 6 rubio oscuro,9.70,https://www.ahorramas.com/cuidado-personal/?pmin=0.01&start=0&sz=18,cuidado personal
ahorramas,Contorno de ojos Energizante Nivea Q10 Energy 15ml,contorno de ojos energizante nivea q10 energy 15ml,9.35,https://www.ahorramas.com/cuidado-personal/?pmin=0.01&start=0&sz=18,cuidado personal
ahorramas,Cobertura Instantánea Canas Palette Rubio Oscuro,cobertura instantanea canas palette rubio oscuro,4.75,https://www.ahorramas.com/cuidado-personal/?pmin=0.01&start=0&sz=18,cuidado personal
ahorramas,Ampollas de rescate Pantene 3 uds,ampollas de rescate pantene 3 uds,3.75,https://www.ahorramas.com/cuidado-personal/?pmin=0.01&start=0&sz=18,cuidado personal
ahorramas,Tratamiento para el cabello magic flash Revlon 10 beneficios en 1,tratamiento para el cabello magic flash revlon 10 beneficios en 1,3.75,https://www.ahorramas.com/cuidado-personal/?pmin=0.01&start=0&sz=18,cuidado personal
ahorramas,Desodorante en spray Lactovit 200ml extra eficaz sin alcohol,desodorante en spray lactovit 200ml extra eficaz sin alcohol,2.35,https://www.ahorramas.com/cuidado-personal/?pmin=0.01&start=0&sz=18,cuidado personal
ahorramas,Ampollas de rescate Pantene 3 uds Suave&Liso,ampollas de rescate pantene 3 uds suave&liso,3.75,https://www.ahorramas.com/cuidado-personal/?pmin=0.01&start=0&sz=18,cuidado personal
ahorramas,Polvos Volumen Pelo Got2B 10G,polvos volumen pelo got2b 10g,4.50,https://www.ahorramas.com/cuidado-personal/?pmin=0.01&start=0&sz=18,cuidado personal
ahorramas,Gel de Ducha Sanex Neutro Nutritivo piel seca 600 ml,gel de ducha sanex neutro nutritivo piel seca 600 ml,3.65,https://www.ahorramas.com/cuidado-personal/?pmin=0.01&start=0&sz=18,cuidado personal
ahorramas,Champú fortificante Fructis 380 ml nutri-rizo para cabello rizado,champu fortificante fructis 380 ml nutri-rizo para cabello rizado,4.55,https://www.ahorramas.com/cuidado-personal/?pmin=0.01&start=0&sz=18,cuidado personal
ahorramas,Aceite protector SPF 20 Babaria Protección media,aceite protector spf 20 babaria proteccion media,4.65,https://www.ahorramas.com/cuidado-personal/?pmin=0.01&start=0&sz=18,cuidado personal
ahorramas,Acondicionador Pantene pro-V 275 ml suave & liso,acondicionador pantene pro-v 275 ml suave & liso,2.99,https://www.ahorramas.com/cuidado-personal/?pmin=0.01&start=0&sz=18,cuidado personal
ahorramas,Champú H&S 330 ml Clasic,champu h&s 330 ml clasic,3.55,https://www.ahorramas.com/cuidado-personal/?pmin=0.01&start=0&sz=18,cuidado personal
ahorramas,Bruma solar spray Ecran 250ml FPS 50 sport resistente al agua y al sudor,bruma solar spray ecran 250ml fps 50 sport resistente al agua y al sudor,12.10,https://www.ahorramas.com/cuidado-personal/?pmin=0.01&start=0&sz=18,cuidado personal
ahorramas,Aceite protector SPF50 Babaria 100 ml Protección muy alta,aceite protector spf50 babaria 100 ml proteccion muy alta,6.79,https://www.ahorramas.com/cuidado-personal/?pmin=0.01&start=0&sz=18,cuidado personal
ahorramas,Crema Día Hidratante Skin Active Garnier 50Ml Aloe,crema dia hidratante skin active garnier 50ml aloe,12.95,https://www.ahorramas.com/cuidado-personal/?pmin=0.01&start=0&sz=18,cuidado personal
ahorramas,Pintalabios Maybelline Superstay 24h 135 perpetual rose,pintalabios maybelline superstay 24h 135 perpetual rose,15.50,https://www.ahorramas.com/cuidado-personal/?pmin=0.01&start=0&sz=18,cuidado personal
ahorramas,Tinte de cabello L'Oréal Excellence Creme nº 7.3 rubio dorado,tinte de cabello l'oreal excellence creme no 7.3 rubio dorado,9.70,https://www.ahorramas.com/cuidado-personal/?pmin=0.01&start=0&sz=18,cuidado personal
ahorramas,Pintalabios Maybelline Superstay Matte Ink 035 creator,pintalabios maybelline superstay matte ink 035 creator,8.95,https://www.ahorramas.com/cuidado-personal/?pmin=0.01&start=0&sz=18,cuidado personal
ahorramas,Pintalabios Maybelline Superstay Matte Ink 140 soloist,pintalabios maybelline superstay matte ink 140 soloist,8.95,https://www.ahorramas.com/cuidado-personal/?pmin=0.01&start=0&sz=18,cuidado personal
ahorramas,Maquillaje en polvo matificante Maybelline Fit Me! 250,maquillaje en polvo matificante maybelline fit me! 250,7.79,https://www.ahorramas.com/cuidado-personal/?pmin=0.01&start=0&sz=18,cuidado personal
ahorramas,Champú Elvive Color-Vive 500ml Ecopack,champu elvive color-vive 500ml ecopack,4.75,https://www.ahorramas.com/cuidado-personal/?pmin=0.01&start=0&sz=18,cuidado personal
ahorramas,Tinte permanente Syoss nº6.1 rubio oscuro con keratina,tinte permanente syoss no6.1 rubio oscuro con keratina,4.99,https://www.ahorramas.com/cuidado-personal/?pmin=0.01&start=0&sz=18,cuidado personal
ahorramas,Mascarilla facial Garnier 28gr hydra bomb,mascarilla facial garnier 28gr hydra bomb,3.19,https://www.ahorramas.com/cuidado-personal/?pmin=0.01&start=0&sz=18,cuidado personal
ahorramas,Tinte de cabello L'Oréal Excellence Creme nº 3 castaño oscuro,tinte de cabello l'oreal excellence creme no 3 castano oscuro,9.70,https://www.ahorramas.com/cuidado-personal/?pmin=0.01&start=0&sz=18,cuidado personal
ahorramas,Maquillaje Máscara De Pestañas Maybelline The Falsies Surreal Waterproof,maquillaje mascara de pestanas maybelline the falsies surreal waterproof,14.50,https://www.ahorramas.com/cuidado-personal/?pmin=0.01&start=0&sz=18,cuidado personal
ahorramas,Lápiz de ojos Maybelline tattoo liner 900,lapiz de ojos maybelline tattoo liner 900,6.95,https://www.ahorramas.com/cuidado-personal/?pmin=0.01&start=0&sz=18,cuidado personal
ahorramas,Gel limpiador hidratante Garnier 250 ml,gel limpiador hidratante garnier 250 ml,7.50,https://www.ahorramas.com/cuidado-personal/?pmin=0.01&start=0&sz=18,cuidado personal
ahorramas,Pintalabios Maybelline Superstay 24h 250 sugar plum,pintalabios maybelline superstay 24h 250 sugar plum,15.50,https://www.ahorramas.com/cuidado-personal/?pmin=0.01&start=0&sz=18,cuidado personal
ahorramas,Maquillaje en polvo matificante Maybelline Fit Me! 115,maquillaje en polvo matificante maybelline fit me! 115,7.79,https://www.ahorramas.com/cuidado-personal/?pmin=0.01&start=0&sz=18,cuidado personal
ahorramas,"Mascarilla Aceite de Argán de Marruecos OGX Extra Strength, Hidrata y Repara, 300 ml","mascarilla aceite de argan de marruecos ogx extra strength, hidrata y repara, 300 ml",6.99,https://www.ahorramas.com/cuidado-personal/?pmin=0.01&start=0&sz=18,cuidado personal
ahorramas,Enjuague bucal Listerine 500ml Cuidado Total,enjuague bucal listerine 500ml cuidado total,4.95,https://www.ahorramas.com/cuidado-personal/?pmin=0.01&start=0&sz=18,cuidado personal
ahorramas,Lápiz de cejas Maybelline Tattoo Brow 03 soft brown,lapiz de cejas maybelline tattoo brow 03 soft brown,9.50,https://www.ahorramas.com/cuidado-personal/?pmin=0.01&start=0&sz=18,cuidado personal
ahorramas,Labial Líquido Superstay Vinylink 16H Maybelline 105 Golden,labial liquido superstay vinylink 16h maybelline 105 golden,12.99,https://www.ahorramas.com/cuidado-personal/?pmin=0.01&start=0&sz=18,cuidado personal
ahorramas,Tinte Pelo Good Garnier Rubio Nº 8.0,tinte pelo good garnier rubio no 8.0,9.95,https://www.ahorramas.com/cuidado-personal/?pmin=0.01&start=0&sz=18,cuidado personal
ahorramas,Máscara de pestañas Maybelline lash sensation sky waterproof,mascara de pestanas maybelline lash sensation sky waterproof,13.99,https://www.ahorramas.com/cuidado-personal/?pmin=0.01&start=0&sz=18,cuidado personal
ahorramas,Tinte para el pelo sin amoníaco Casting Crème Gloss nº 200 negro,tinte para el pelo sin amoniaco casting creme gloss no 200 negro,6.60,https://www.ahorramas.com/cuidado-personal/?pmin=0.01&start=0&sz=18,cuidado personal
ahorramas,Sombra de ojos Maybelline Color Tattoo 24h 035 on&on bronze,sombra de ojos maybelline color tattoo 24h 035 on&on bronze,7.99,https://www.ahorramas.com/cuidado-personal/?pmin=0.01&start=0&sz=18,cuidado personal
ahorramas,Cobertura Instantánea Canas Palette Castaño,cobertura instantanea canas palette castano,4.75,https://www.ahorramas.com/cuidado-personal/?pmin=0.01&start=0&sz=18,cuidado personal
ahorramas,Estuche protección solar Nivea kids camp,estuche proteccion solar nivea kids camp,20.99,https://www.ahorramas.com/cuidado-personal/?pmin=0.01&start=0&sz=18,cuidado personal
ahorramas,Mascarilla Capilar Intensiva Fructis 300ml Liso&Brillo+Champú,mascarilla capilar intensiva fructis 300ml liso&brillo+champu,4.00,https://www.ahorramas.com/cuidado-personal/?pmin=0.01&start=0&sz=18,cuidado personal
ahorramas,Cera peinado GOT2B 100 ml Beach Matt,cera peinado got2b 100 ml beach matt,4.50,https://www.ahorramas.com/cuidado-personal/?pmin=0.01&start=0&sz=18,cuidado personal
ahorramas,Compresa Ausonia Discreet 10 unidades maxi extra seguridad,compresa ausonia discreet 10 unidades maxi extra seguridad,4.94,https://www.ahorramas.com/cuidado-personal/?pmin=0.01&start=0&sz=18,cuidado personal
ahorramas,Bruma Anti-UV Garnier 75 ml FP50+ Vitamina C,bruma anti-uv garnier 75 ml fp50+ vitamina c,13.99,https://www.ahorramas.com/cuidado-personal/?pmin=0.01&start=0&sz=18,cuidado personal
ahorramas,Agua micelar Garnier Skin Active 700 ml Formato Maxi,agua micelar garnier skin active 700 ml formato maxi,9.30,https://www.ahorramas.com/cuidado-personal/?pmin=0.01&start=0&sz=18,cuidado personal
ahorramas,Loción corporal Mixa 250 ml Urea Cica Repair+,locion corporal mixa 250 ml urea cica repair+,4.99,https://www.ahorramas.com/cuidado-personal/?pmin=0.01&start=0&sz=18,cuidado personal
ahorramas,Mascarilla Capilar Nutritiva Original Remedies 340ml Carbón Magnético,mascarilla capilar nutritiva original remedies 340ml carbon magnetico,4.75,https://www.ahorramas.com/cuidado-personal/?pmin=0.01&start=0&sz=18,cuidado personal
ahorramas,Champú suave calmante Garnier Original Remedies 400ml delicatesse de avena cabello sensible,champu suave calmante garnier original remedies 400ml delicatesse de avena cabello sensible,3.99,https://www.ahorramas.com/cuidado-personal/?pmin=0.01&start=0&sz=18,cuidado personal
ahorramas,Aceite solar spray Ecran 250ml FPS 30,aceite solar spray ecran 250ml fps 30,10.65,https://www.ahorramas.com/cuidado-personal/?pmin=0.01&start=0&sz=18,cuidado personal
ahorramas,Champú fortificante Fructis 380ml liso&brillo,champu fortificante fructis 380ml liso&brillo,4.55,https://www.ahorramas.com/cuidado-personal/?pmin=0.01&start=0&sz=18,cuidado personal
ahorramas,Sérum rellenador Elvive 150ml hidra hialurónico 72h de hidratación,serum rellenador elvive 150ml hidra hialuronico 72h de hidratacion,7.85,https://www.ahorramas.com/cuidado-personal/?pmin=0.01&start=0&sz=18,cuidado personal
ahorramas,Aceite cabello Pantene 100ml con argán,aceite cabello pantene 100ml con argan,5.99,https://www.ahorramas.com/cuidado-personal/?pmin=0.01&start=0&sz=18,cuidado personal
ahorramas,Aftersun Ecran 400ml hidratante reparadora,aftersun ecran 400ml hidratante reparadora,5.75,https://www.ahorramas.com/cuidado-personal/?pmin=0.01&start=0&sz=18,cuidado personal
ahorramas,Tinte de cabello Garnier Color Sensation nº 7.0 rubio,tinte de cabello garnier color sensation no 7.0 rubio,3.90,https://www.ahorramas.com/cuidado-personal/?pmin=0.01&start=0&sz=18,cuidado personal
ahorramas,Base de maquillaje Maybelline Fit Me! Matte + Poreless 118,base de maquillaje maybelline fit me! matte + poreless 118,7.00,https://www.ahorramas.com/cuidado-personal/?pmin=0.01&start=0&sz=18,cuidado personal
ahorramas,Aceite cabello extraordinario Elvive dosificador 100ml,aceite cabello extraordinario elvive dosificador 100ml,11.99,https://www.ahorramas.com/cuidado-personal/?pmin=0.01&start=0&sz=18,cuidado personal
ahorramas,Serum Revitalift Clinical Loreal 30Ml,serum revitalift clinical loreal 30ml,25.95,https://www.ahorramas.com/cuidado-personal/?pmin=0.01&start=0&sz=18,cuidado personal
ahorramas,Delineador de ojos Maybelline hyper easy liner 801 pitch brown,delineador de ojos maybelline hyper easy liner 801 pitch brown,9.49,https://www.ahorramas.com/cuidado-personal/?pmin=0.01&start=0&sz=18,cuidado personal
ahorramas,Tinte de cabello L'Oréal Excellence Creme nº 01 rubio aclarante,tinte de cabello l'oreal excellence creme no 01 rubio aclarante,9.70,https://www.ahorramas.com/cuidado-personal/?pmin=0.01&start=0&sz=18,cuidado personal
ahorramas,Tinte de cabello sin amoníaco Garnier Olia nº 8 rubio claro,tinte de cabello sin amoniaco garnier olia no 8 rubio claro,8.35,https://www.ahorramas.com/cuidado-personal/?pmin=0.01&start=0&sz=18,cuidado personal
ahorramas,Coloración Spray Magic Retouch 75 ml castaño-oscuro,coloracion spray magic retouch 75 ml castano-oscuro,6.25,https://www.ahorramas.com/cuidado-personal/?pmin=0.01&start=0&sz=18,cuidado personal
ahorramas,Base de maquillaje Maybelline Fit Me! Matte + Poreless 124,base de maquillaje maybelline fit me! matte + poreless 124,7.00,https://www.ahorramas.com/cuidado-personal/?pmin=0.01&start=0&sz=18,cuidado personal
ahorramas,Pintalabios Maybelline Superstay Matte Ink 150 path finder,pintalabios maybelline superstay matte ink 150 path finder,8.95,https://www.ahorramas.com/cuidado-personal/?pmin=0.01&start=0&sz=18,cuidado personal
ahorramas,Lápiz perfilador de cejas Maybelline Brow Ultra 03 warm brown,lapiz perfilador de cejas maybelline brow ultra 03 warm brown,7.99,https://www.ahorramas.com/cuidado-personal/?pmin=0.01&start=0&sz=18,cuidado personal
ahorramas,Serum Revitalift L'oreal 30ml antiarrugas,serum revitalift l'oreal 30ml antiarrugas,24.95,https://www.ahorramas.com/cuidado-personal/?pmin=0.01&start=0&sz=18,cuidado personal
ahorramas,Tratamiento Facial Skinactive Garnier 40 ml Invisible Sf+50,tratamiento facial skinactive garnier 40 ml invisible sf+50,14.95,https://www.ahorramas.com/cuidado-personal/?pmin=0.01&start=0&sz=18,cuidado personal
ahorramas,Lápiz ojos Tattoo Maybelline 911,lapiz ojos tattoo maybelline 911,6.95,https://www.ahorramas.com/cuidado-personal/?pmin=0.01&start=0&sz=18,cuidado personal
ahorramas,Mascarilla Facial Skin Active Garnier 28 gramos Vitamina C,mascarilla facial skin active garnier 28 gramos vitamina c,3.19,https://www.ahorramas.com/cuidado-personal/?pmin=0.01&start=0&sz=18,cuidado personal
ahorramas,Lápiz perfilador de cejas Maybelline Brow Ultra 05 deep brown,lapiz perfilador de cejas maybelline brow ultra 05 deep brown,7.99,https://www.ahorramas.com/cuidado-personal/?pmin=0.01&start=0&sz=18,cuidado personal
ahorramas,Tampón con aplicador Tampax Pearl 24 uds super plus,tampon con aplicador tampax pearl 24 uds super plus,4.99,https://www.ahorramas.com/cuidado-personal/?pmin=0.01&start=0&sz=18,cuidado personal
ahorramas,Aceite crema Original Remedies 200ml aceite oliva,aceite crema original remedies 200ml aceite oliva,3.75,https://www.ahorramas.com/cuidado-personal/?pmin=0.01&start=0&sz=18,cuidado personal
ahorramas,Champú Elvive 380ml hialuronico pure 72h purificante,champu elvive 380ml hialuronico pure 72h purificante,4.60,https://www.ahorramas.com/cuidado-personal/?pmin=0.01&start=0&sz=18,cuidado personal
ahorramas,Tratamiento facial Garnier Pure Active Fluido UV Diario con BHA + Niacinamida FPS50+,tratamiento facial garnier pure active fluido uv diario con bha + niacinamida fps50+,14.95,https://www.ahorramas.com/cuidado-personal/?pmin=0.01&start=0&sz=18,cuidado personal
ahorramas,Champú H&S 330 ml Citrus Fresh 2en1 Todo En Uno,champu h&s 330 ml citrus fresh 2en1 todo en uno,3.55,https://www.ahorramas.com/cuidado-personal/?pmin=0.01&start=0&sz=18,cuidado personal
ahorramas,Aceite solar bronceador Babaria FP50 Coco,aceite solar bronceador babaria fp50 coco,8.49,https://www.ahorramas.com/cuidado-personal/?pmin=0.01&start=0&sz=18,cuidado personal
ahorramas,Labial Líquido Superstay Vinylink 16H Maybelline 125 Keen,labial liquido superstay vinylink 16h maybelline 125 keen,12.99,https://www.ahorramas.com/cuidado-personal/?pmin=0.01&start=0&sz=18,cuidado personal
ahorramas,Base de maquillaje Maybelline Fit Me! Matte + Poreless 250,base de maquillaje maybelline fit me! matte + poreless 250,7.00,https://www.ahorramas.com/cuidado-personal/?pmin=0.01&start=0&sz=18,cuidado personal
ahorramas,Pintalabios Maybelline Superstay 24h 185 rose dust,pintalabios maybelline superstay 24h 185 rose dust,15.50,https://www.ahorramas.com/cuidado-personal/?pmin=0.01&start=0&sz=18,cuidado personal
ahorramas,Champú reparador Elvive 380ml total repair 5 para cabello dañado,champu reparador elvive 380ml total repair 5 para cabello danado,4.60,https://www.ahorramas.com/cuidado-personal/?pmin=0.01&start=0&sz=18,cuidado personal
ahorramas,Tinte de cabello sin amoníaco Garnier Olia nº 5 castaño claro,tinte de cabello sin amoniaco garnier olia no 5 castano claro,8.35,https://www.ahorramas.com/cuidado-personal/?pmin=0.01&start=0&sz=18,cuidado personal
ahorramas,Máscara de pestañas Maybelline the colossal 001,mascara de pestanas maybelline the colossal 001,10.55,https://www.ahorramas.com/cuidado-personal/?pmin=0.01&start=0&sz=18,cuidado personal
ahorramas,Leche protectora Babaria SPF50 100ml Aceite bronceador,leche protectora babaria spf50 100ml aceite bronceador,6.79,https://www.ahorramas.com/cuidado-personal/?pmin=0.01&start=0&sz=18,cuidado personal
ahorramas,Champú Pantene Pro-V 325ml active nutri-plex anticaspa,champu pantene pro-v 325ml active nutri-plex anticaspa,2.99,https://www.ahorramas.com/cuidado-personal/?pmin=0.01&start=0&sz=18,cuidado personal
ahorramas,Gel de Ducha Sanex Cuidado Experto Pro Hydrate piel muy seca 600 ml,gel de ducha sanex cuidado experto pro hydrate piel muy seca 600 ml,3.65,https://www.ahorramas.com/cuidado-personal/?pmin=0.01&start=0&sz=18,cuidado personal
ahorramas,Crema Corporal Mixa 400 ml Ceramide Protect,crema corporal mixa 400 ml ceramide protect,7.99,https://www.ahorramas.com/cuidado-personal/?pmin=0.01&start=0&sz=18,cuidado personal
ahorramas,Gel lubricante Durex 200ml massage con aloe vera,gel lubricante durex 200ml massage con aloe vera,12.00,https://www.ahorramas.com/cuidado-personal/?pmin=0.01&start=0&sz=18,cuidado personal
ahorramas,Crema dental fijado Corega 70gr Extra fuerte,crema dental fijado corega 70gr extra fuerte,11.80,https://www.ahorramas.com/cuidado-personal/?pmin=0.01&start=0&sz=18,cuidado personal
ahorramas,Cafeína+taurina Vive+ 30 cápsulas,cafeina+taurina vive+ 30 capsulas,5.99,https://www.ahorramas.com/cuidado-personal/?pmin=0.01&start=0&sz=18,cuidado personal
ahorramas,Champú H&S 330 ml Clásico 2en1,champu h&s 330 ml clasico 2en1,3.55,https://www.ahorramas.com/cuidado-personal/?pmin=0.01&start=0&sz=18,cuidado personal
ahorramas,Champú equilibrante Garnier Original Remedies 400ml carbón magnetico y aceite de semilla negra,champu equilibrante garnier original remedies 400ml carbon magnetico y aceite de semilla negra,3.99,https://www.ahorramas.com/cuidado-personal/?pmin=0.01&start=0&sz=18,cuidado personal
ahorramas,Labial líquido Vinylink Maybelline 110,labial liquido vinylink maybelline 110,12.99,https://www.ahorramas.com/cuidado-personal/?pmin=0.01&start=0&sz=18,cuidado personal
ahorramas,Coloración spray Magic Retouch 75 ml Castaño,coloracion spray magic retouch 75 ml castano,6.25,https://www.ahorramas.com/cuidado-personal/?pmin=0.01&start=0&sz=18,cuidado personal
ahorramas,Tinte de cabello Garnier Color Sensation nº 4.15 chocolate,tinte de cabello garnier color sensation no 4.15 chocolate,3.90,https://www.ahorramas.com/cuidado-personal/?pmin=0.01&start=0&sz=18,cuidado personal
ahorramas,Crema facial de día L'Oréal 50ml expert 45 + retinol,crema facial de dia l'oreal 50ml expert 45 + retinol,7.45,https://www.ahorramas.com/cuidado-personal/?pmin=0.01&start=0&sz=18,cuidado personal
ahorramas,Crema facial de día L'Oréal revitalift 50ml,crema facial de dia l'oreal revitalift 50ml,11.95,https://www.ahorramas.com/cuidado-personal/?pmin=0.01&start=0&sz=18,cuidado personal
ahorramas,Espuma en mousse Elnett 200ml rizos fijación fuerte,espuma en mousse elnett 200ml rizos fijacion fuerte,5.25,https://www.ahorramas.com/cuidado-personal/?pmin=0.01&start=0&sz=18,cuidado personal
ahorramas,Labial Líquido Superstay Vinylink 16H Maybelline 130 Extra,labial liquido superstay vinylink 16h maybelline 130 extra,12.99,https://www.ahorramas.com/cuidado-personal/?pmin=0.01&start=0&sz=18,cuidado personal
ahorramas,Lápiz perfilador de cejas Maybelline Brow Ultra 04 medium brown,lapiz perfilador de cejas maybelline brow ultra 04 medium brown,7.99,https://www.ahorramas.com/cuidado-personal/?pmin=0.01&start=0&sz=18,cuidado personal
ahorramas,Máscara de pestañas Maybelline lash sensational efecto abanico,mascara de pestanas maybelline lash sensational efecto abanico,13.99,https://www.ahorramas.com/cuidado-personal/?pmin=0.01&start=0&sz=18,cuidado personal
ahorramas,Tinte de cabello Garnier Color Sensation nº 6.35 rubio caramelo,tinte de cabello garnier color sensation no 6.35 rubio caramelo,3.90,https://www.ahorramas.com/cuidado-personal/?pmin=0.01&start=0&sz=18,cuidado personal
ahorramas,Tratamiento Facial Skinactive Garnier 40 ml Glow Sf+50,tratamiento facial skinactive garnier 40 ml glow sf+50,14.95,https://www.ahorramas.com/cuidado-personal/?pmin=0.01&start=0&sz=18,cuidado personal
ahorramas,Perfilador Ojos Eyeliner Maybelline Tatto Liner880 Jet Black,perfilador ojos eyeliner maybelline tatto liner880 jet black,9.49,https://www.ahorramas.com/cuidado-personal/?pmin=0.01&start=0&sz=18,cuidado personal
ahorramas,Maquillaje máscara de pestañas Maybelline the falsies,maquillaje mascara de pestanas maybelline the falsies,6.95,https://www.ahorramas.com/cuidado-personal/?pmin=0.01&start=0&sz=18,cuidado personal
ahorramas,Iluminador Maybelline face studio strobing stick 200,iluminador maybelline face studio strobing stick 200,9.99,https://www.ahorramas.com/cuidado-personal/?pmin=0.01&start=0&sz=18,cuidado personal
ahorramas,Champú reconstructor Elvive 380ml dream long para cabello largo,champu reconstructor elvive 380ml dream long para cabello largo,4.60,https://www.ahorramas.com/cuidado-personal/?pmin=0.01&start=0&sz=18,cuidado personal
ahorramas,Tinte permanente Syoss nº3.3 violin intenso con keratina,tinte permanente syoss no3.3 violin intenso con keratina,4.99,https://www.ahorramas.com/cuidado-personal/?pmin=0.01&start=0&sz=18,cuidado personal
ahorramas,Tinte Olia Garnier Nº10.1 Rubio Extra Claro Sin Amoniaco,tinte olia garnier no10.1 rubio extra claro sin amoniaco,8.35,https://www.ahorramas.com/cuidado-personal/?pmin=0.01&start=0&sz=18,cuidado personal
ahorramas,Tinte Para El Cabello Good Garnier Castaño Nº 4.15,tinte para el cabello good garnier castano no 4.15,9.95,https://www.ahorramas.com/cuidado-personal/?pmin=0.01&start=0&sz=18,cuidado personal
ahorramas,Delineador de ojos Maybelline hyper precise black,delineador de ojos maybelline hyper precise black,9.49,https://www.ahorramas.com/cuidado-personal/?pmin=0.01&start=0&sz=18,cuidado personal
ahorramas,Base de maquillaje Maybelline Fit Me! Matte + Poreless 128,base de maquillaje maybelline fit me! matte + poreless 128,7.00,https://www.ahorramas.com/cuidado-personal/?pmin=0.01&start=0&sz=18,cuidado personal
ahorramas,Serum en crema Skin Active Garnier 50ml Anti-Manchas Vitamina C,serum en crema skin active garnier 50ml anti-manchas vitamina c,12.95,https://www.ahorramas.com/cuidado-personal/?pmin=0.01&start=0&sz=18,cuidado personal
ahorramas,Tinte para el pelo sin amoníaco Casting Crème Gloss nº 535 castaño caoba,tinte para el pelo sin amoniaco casting creme gloss no 535 castano caoba,6.60,https://www.ahorramas.com/cuidado-personal/?pmin=0.01&start=0&sz=18,cuidado personal
ahorramas,Tratamiento de laminados para el cabello Elvive 200ml glycolic gloss,tratamiento de laminados para el cabello elvive 200ml glycolic gloss,9.99,https://www.ahorramas.com/cuidado-personal/?pmin=0.01&start=0&sz=18,cuidado personal
ahorramas,Loción autobronceadora Dove 400 ml Dark,locion autobronceadora dove 400 ml dark,3.99,https://www.ahorramas.com/cuidado-personal/?pmin=0.01&start=0&sz=18,cuidado personal
ahorramas,Maquillaje Máscara De Pestañas Maybelline The Falsies Surreal,maquillaje mascara de pestanas maybelline the falsies surreal,14.50,https://www.ahorramas.com/cuidado-personal/?pmin=0.01&start=0&sz=18,cuidado personal
ahorramas,Labial Líquido Superstay Vinylink 16H Maybelline 100 Charmed,labial liquido superstay vinylink 16h maybelline 100 charmed,12.99,https://www.ahorramas.com/cuidado-personal/?pmin=0.01&start=0&sz=18,cuidado personal
ahorramas,Serum Revitalift Clinical Loreal 50 ml Hidratante,serum revitalift clinical loreal 50 ml hidratante,20.95,https://www.ahorramas.com/cuidado-personal/?pmin=0.01&start=0&sz=18,cuidado personal
ahorramas,Tinte de cabello L'Oréal Excellence Creme nº 5 castaño claro,tinte de cabello l'oreal excellence creme no 5 castano claro,9.70,https://www.ahorramas.com/cuidado-personal/?pmin=0.01&start=0&sz=18,cuidado personal
ahorramas,Acondicionador Elvive total repair 5 cabello dañado 300ml,acondicionador elvive total repair 5 cabello danado 300ml,4.10,https://www.ahorramas.com/cuidado-personal/?pmin=0.01&start=0&sz=18,cuidado personal
ahorramas,Champú Elvive 200 ml glycolic gloss,champu elvive 200 ml glycolic gloss,6.15,https://www.ahorramas.com/cuidado-personal/?pmin=0.01&start=0&sz=18,cuidado personal
ahorramas,Acondicionador Elvive 150 ml Growth Booster,acondicionador elvive 150 ml growth booster,5.99,https://www.ahorramas.com/cuidado-personal/?pmin=0.01&start=0&sz=18,cuidado personal
ahorramas,Flossers Pierrot 30 unidades limpieza interdental,flossers pierrot 30 unidades limpieza interdental,1.00,https://www.ahorramas.com/cuidado-personal/?pmin=0.01&start=0&sz=18,cuidado personal
ahorramas,Desmaquillante ojos Garniel 125ml 2 en 1,desmaquillante ojos garniel 125ml 2 en 1,4.70,https://www.ahorramas.com/cuidado-personal/?pmin=0.01&start=0&sz=18,cuidado personal
ahorramas,"Sérum Ojos Revitalift Filler 2,5 Ácido Hialurónico + Cafeína","serum ojos revitalift filler 2,5 acido hialuronico + cafeina",25.50,https://www.ahorramas.com/cuidado-personal/?pmin=0.01&start=0&sz=18,cuidado personal
ahorramas,Tinte permanente Syoss nº3.1 castaño oscuro con keratina,tinte permanente syoss no3.1 castano oscuro con keratina,4.99,https://www.ahorramas.com/cuidado-personal/?pmin=0.01&start=0&sz=18,cuidado personal
ahorramas,Tinte permanente Syoss nº5.1 castaño claro,tinte permanente syoss no5.1 castano claro,4.99,https://www.ahorramas.com/cuidado-personal/?pmin=0.01&start=0&sz=18,cuidado personal
ahorramas,Quitaesmalte Cutex 200ml extrahidratante con loción hidratante,quitaesmalte cutex 200ml extrahidratante con locion hidratante,2.50,https://www.ahorramas.com/cuidado-personal/?pmin=0.01&start=0&sz=18,cuidado personal
ahorramas,Gel lubricante Durex tubo 100ml naturals h2o,gel lubricante durex tubo 100ml naturals h2o,12.60,https://www.ahorramas.com/cuidado-personal/?pmin=0.01&start=0&sz=18,cuidado personal
ahorramas,Champú Elvive Growth Booster Champú Anticaída 200 ml Sin Sulfatos,champu elvive growth booster champu anticaida 200 ml sin sulfatos,5.99,https://www.ahorramas.com/cuidado-personal/?pmin=0.01&start=0&sz=18,cuidado personal
ahorramas,Aceite cabello Pantene 100ml repara & protege con keratina,aceite cabello pantene 100ml repara & protege con keratina,5.99,https://www.ahorramas.com/cuidado-personal/?pmin=0.01&start=0&sz=18,cuidado personal
ahorramas,Compresas con alas cottonlike Evax 12 uds super plus,compresas con alas cottonlike evax 12 uds super plus,2.99,https://www.ahorramas.com/cuidado-personal/?pmin=0.01&start=0&sz=18,cuidado personal
ahorramas,Espuma Fijadora Giorgi 100ml Rizo Marcado,espuma fijadora giorgi 100ml rizo marcado,1.95,https://www.ahorramas.com/cuidado-personal/?pmin=0.01&start=0&sz=18,cuidado personal
ahorramas,Crema solar pistola Delial 270 ml Niños FPS50,crema solar pistola delial 270 ml ninos fps50,12.70,https://www.ahorramas.com/cuidado-personal/?pmin=0.01&start=0&sz=18,cuidado personal
ahorramas,Mascarilla capilar reconstructora Elvive 310ml dream long,mascarilla capilar reconstructora elvive 310ml dream long,4.40,https://www.ahorramas.com/cuidado-personal/?pmin=0.01&start=0&sz=18,cuidado personal
ahorramas,Champú detox Garnier Original Remedies 400ml té verde,champu detox garnier original remedies 400ml te verde,3.99,https://www.ahorramas.com/cuidado-personal/?pmin=0.01&start=0&sz=18,cuidado personal
ahorramas,Mascarilla capilar intensiva Fructis 320ml hidra rizos,mascarilla capilar intensiva fructis 320ml hidra rizos,4.70,https://www.ahorramas.com/cuidado-personal/?pmin=0.01&start=0&sz=18,cuidado personal
ahorramas,Mascarilla capilar reconstructora Original Remedies 340ml cabello dañado,mascarilla capilar reconstructora original remedies 340ml cabello danado,4.75,https://www.ahorramas.com/cuidado-personal/?pmin=0.01&start=0&sz=18,cuidado personal
ahorramas,Mascarilla capilar intensiva Fructis 320ml liso&brillo,mascarilla capilar intensiva fructis 320ml liso&brillo,4.70,https://www.ahorramas.com/cuidado-personal/?pmin=0.01&start=0&sz=18,cuidado personal
ahorramas,Sombra de ojos Maybelline Color Tattoo 24h 045 infinite white,sombra de ojos maybelline color tattoo 24h 045 infinite white,7.99,https://www.ahorramas.com/cuidado-personal/?pmin=0.01&start=0&sz=18,cuidado personal
ahorramas,Bruma Solar Spray Delial 150ml Niños F50 Sensitive,bruma solar spray delial 150ml ninos f50 sensitive,8.45,https://www.ahorramas.com/cuidado-personal/?pmin=0.01&start=0&sz=18,cuidado personal
ahorramas,Tinte de cabello L'Oréal Excellence Creme nº 8 rubio claro,tinte de cabello l'oreal excellence creme no 8 rubio claro,9.70,https://www.ahorramas.com/cuidado-personal/?pmin=0.01&start=0&sz=18,cuidado personal
ahorramas,Tinte Pelo Good Garnier Castaño Nº 5.0,tinte pelo good garnier castano no 5.0,9.95,https://www.ahorramas.com/cuidado-personal/?pmin=0.01&start=0&sz=18,cuidado personal
ahorramas,Tinte Pelo Good Garnier Rubio Nº 7.0,tinte pelo good garnier rubio no 7.0,9.95,https://www.ahorramas.com/cuidado-personal/?pmin=0.01&start=0&sz=18,cuidado personal
ahorramas,Maquillaje Brillo De Labios Maybelline Lifter Gloss Moon+ Ácido Hyalurónico 003,maquillaje brillo de labios maybelline lifter gloss moon+ acido hyaluronico 003,10.50,https://www.ahorramas.com/cuidado-personal/?pmin=0.01&start=0&sz=18,cuidado personal
ahorramas,Desmaquillante L'Oréal 125ml ojos sensibles y labios waterproof,desmaquillante l'oreal 125ml ojos sensibles y labios waterproof,5.99,https://www.ahorramas.com/cuidado-personal/?pmin=0.01&start=0&sz=18,cuidado personal
ahorramas,Pintalabios Maybelline Color Sensational 207 pink fling,pintalabios maybelline color sensational 207 pink fling,6.95,https://www.ahorramas.com/cuidado-personal/?pmin=0.01&start=0&sz=18,cuidado personal
ahorramas,Gel facial limpiador Garnier 150ml pure active,gel facial limpiador garnier 150ml pure active,5.99,https://www.ahorramas.com/cuidado-personal/?pmin=0.01&start=0&sz=18,cuidado personal
ahorramas,Decolorante permanente Olia nº 8 sin amoniaco y aceites Florales,decolorante permanente olia no 8 sin amoniaco y aceites florales,8.35,https://www.ahorramas.com/cuidado-personal/?pmin=0.01&start=0&sz=18,cuidado personal
ahorramas,Maquillaje en polvo matificante Maybelline Fit Me! 220,maquillaje en polvo matificante maybelline fit me! 220,7.79,https://www.ahorramas.com/cuidado-personal/?pmin=0.01&start=0&sz=18,cuidado personal
ahorramas,Tinte para el cabello Color Sensation rojo intenso 6.60 Garnier,tinte para el cabello color sensation rojo intenso 6.60 garnier,3.90,https://www.ahorramas.com/cuidado-personal/?pmin=0.01&start=0&sz=18,cuidado personal
ahorramas,Crema facial de día L'Oréal revitalift 50ml filler,crema facial de dia l'oreal revitalift 50ml filler,20.99,https://www.ahorramas.com/cuidado-personal/?pmin=0.01&start=0&sz=18,cuidado personal
ahorramas,Tinte Pelo Good Garnier Castaño Nº 6.0,tinte pelo good garnier castano no 6.0,9.95,https://www.ahorramas.com/cuidado-personal/?pmin=0.01&start=0&sz=18,cuidado personal
ahorramas,Crema corporal nutritiva Garnier 380ml Aguacate+Omega 6,crema corporal nutritiva garnier 380ml aguacate+omega 6,6.45,https://www.ahorramas.com/cuidado-personal/?pmin=0.01&start=0&sz=18,cuidado personal
ahorramas,Lápiz perfilador de cejas Maybelline Brow Ultra 06 black brown,lapiz perfilador de cejas maybelline brow ultra 06 black brown,7.99,https://www.ahorramas.com/cuidado-personal/?pmin=0.01&start=0&sz=18,cuidado personal
ahorramas,Tinte de cabello Garnier Color Sensation nº 8.0 rubio claro,tinte de cabello garnier color sensation no 8.0 rubio claro,3.90,https://www.ahorramas.com/cuidado-personal/?pmin=0.01&start=0&sz=18,cuidado personal
ahorramas,Champú L'oréal Ecopack 500 ml Hydra Hyaluronic,champu l'oreal ecopack 500 ml hydra hyaluronic,4.75,https://www.ahorramas.com/cuidado-personal/?pmin=0.01&start=0&sz=18,cuidado personal
ahorramas,Tinte permanente Syoss nº4.2 caoba,tinte permanente syoss no4.2 caoba,4.99,https://www.ahorramas.com/cuidado-personal/?pmin=0.01&start=0&sz=18,cuidado personal
ahorramas,Maquillaje en polvo matificante Maybelline Fit Me! 105,maquillaje en polvo matificante maybelline fit me! 105,7.79,https://www.ahorramas.com/cuidado-personal/?pmin=0.01&start=0&sz=18,cuidado personal
ahorramas,Maquillaje Brillo De Labios Maybelline Lifter Gloss Reef+ Ácido Hyalurónico 006,maquillaje brillo de labios maybelline lifter gloss reef+ acido hyaluronico 006,10.50,https://www.ahorramas.com/cuidado-personal/?pmin=0.01&start=0&sz=18,cuidado personal
ahorramas,Pintalabios Maybelline Superstay Matte Ink 015 lover,pintalabios maybelline superstay matte ink 015 lover,8.95,https://www.ahorramas.com/cuidado-personal/?pmin=0.01&start=0&sz=18,cuidado personal
ahorramas,Base de maquillaje Maybelline City Bronzer 250,base de maquillaje maybelline city bronzer 250,8.99,https://www.ahorramas.com/cuidado-personal/?pmin=0.01&start=0&sz=18,cuidado personal
ahorramas,Serum Anti-Imperfecciones Garnier 30Ml Carbón,serum anti-imperfecciones garnier 30ml carbon,15.95,https://www.ahorramas.com/cuidado-personal/?pmin=0.01&start=0&sz=18,cuidado personal
ahorramas,Crema facial de día L'Oréal 50ml age perfect hidratante,crema facial de dia l'oreal 50ml age perfect hidratante,9.99,https://www.ahorramas.com/cuidado-personal/?pmin=0.01&start=0&sz=18,cuidado personal
ahorramas,Máscara de pestañas Maybelline lash sensational intense black pearl efecto abanico,mascara de pestanas maybelline lash sensational intense black pearl efecto abanico,11.95,https://www.ahorramas.com/cuidado-personal/?pmin=0.01&start=0&sz=18,cuidado personal
ahorramas,Tinte de cabello L'Oréal Excellence Creme nº 7.1 rubio ceniza,tinte de cabello l'oreal excellence creme no 7.1 rubio ceniza,9.70,https://www.ahorramas.com/cuidado-personal/?pmin=0.01&start=0&sz=18,cuidado personal
ahorramas,Aclarante intensivo Nordic L1 blonde,aclarante intensivo nordic l1 blonde,4.50,https://www.ahorramas.com/cuidado-personal/?pmin=0.01&start=0&sz=18,cuidado personal
ahorramas,Jabón de manos dosificador Dove 250ml,jabon de manos dosificador dove 250ml,2.25,https://www.ahorramas.com/cuidado-personal/?pmin=0.01&start=0&sz=18,cuidado personal
ahorramas,Crema Corporal Garnier 380Ml Con Cacao Y Ceramida Piles Muy Secas,crema corporal garnier 380ml con cacao y ceramida piles muy secas,5.99,https://www.ahorramas.com/cuidado-personal/?pmin=0.01&start=0&sz=18,cuidado personal
ahorramas,Laca Fijadora Giorgi 100ml Extra Fuerte,laca fijadora giorgi 100ml extra fuerte,2.15,https://www.ahorramas.com/cuidado-personal/?pmin=0.01&start=0&sz=18,cuidado personal
ahorramas,Champú Fructis 380 ml Vitamin Force,champu fructis 380 ml vitamin force,4.55,https://www.ahorramas.com/cuidado-personal/?pmin=0.01&start=0&sz=18,cuidado personal
ahorramas,Champú H&S 330 ml Nutre&Cuida,champu h&s 330 ml nutre&cuida,3.55,https://www.ahorramas.com/cuidado-personal/?pmin=0.01&start=0&sz=18,cuidado personal
ahorramas,Crema corporal Mixa 400 ml Urea Cica Repair+,crema corporal mixa 400 ml urea cica repair+,7.99,https://www.ahorramas.com/cuidado-personal/?pmin=0.01&start=0&sz=18,cuidado personal
ahorramas,Mascarilla capilar reparadora Elvive 310ml total repair cabello dañado,mascarilla capilar reparadora elvive 310ml total repair cabello danado,4.40,https://www.ahorramas.com/cuidado-personal/?pmin=0.01&start=0&sz=18,cuidado personal
ahorramas,Champú nutricion profunda Garnier Original Remedies 400ml aceite de aguacate,champu nutricion profunda garnier original remedies 400ml aceite de aguacate,3.99,https://www.ahorramas.com/cuidado-personal/?pmin=0.01&start=0&sz=18,cuidado personal
ahorramas,Bruma Solar Spray Delial 150ml F50 Sensitive,bruma solar spray delial 150ml f50 sensitive,8.45,https://www.ahorramas.com/cuidado-personal/?pmin=0.01&start=0&sz=18,cuidado personal
ahorramas,Champú Pantene pro-V 325ml active nutri-plex cuidado clásico,champu pantene pro-v 325ml active nutri-plex cuidado clasico,2.99,https://www.ahorramas.com/cuidado-personal/?pmin=0.01&start=0&sz=18,cuidado personal
ahorramas,Sombra de ojos Maybelline Color Tattoo 24h 065 pink gold,sombra de ojos maybelline color tattoo 24h 065 pink gold,7.99,https://www.ahorramas.com/cuidado-personal/?pmin=0.01&start=0&sz=18,cuidado personal
ahorramas,Mascarilla de Ojos Garnier Antifatiga con Extracto de Naranja y Ácido Hialurónico,mascarilla de ojos garnier antifatiga con extracto de naranja y acido hialuronico,3.19,https://www.ahorramas.com/cuidado-personal/?pmin=0.01&start=0&sz=18,cuidado personal
ahorramas,Tinte para el pelo sin amoníaco Casting Crème Gloss nº 700 rubio,tinte para el pelo sin amoniaco casting creme gloss no 700 rubio,6.60,https://www.ahorramas.com/cuidado-personal/?pmin=0.01&start=0&sz=18,cuidado personal
ahorramas,Maquillaje en Polvo Colorete Maybelline Sunkisser 1,maquillaje en polvo colorete maybelline sunkisser 1,9.99,https://www.ahorramas.com/cuidado-personal/?pmin=0.01&start=0&sz=18,cuidado personal
ahorramas,Tinte para el pelo sin amoníaco Casting Crème Gloss nº 500 castaño claro,tinte para el pelo sin amoniaco casting creme gloss no 500 castano claro,6.60,https://www.ahorramas.com/cuidado-personal/?pmin=0.01&start=0&sz=18,cuidado personal
ahorramas,Máquina de afeitar desechable Gillette 4+2 unidades Blue 3,maquina de afeitar desechable gillette 4+2 unidades blue 3,4.55,https://www.ahorramas.com/cuidado-personal/?pmin=0.01&start=0&sz=18,cuidado personal
ahorramas,Coloración capilar spray Magic Retouch L'oreal 75ml rubio,coloracion capilar spray magic retouch l'oreal 75ml rubio,6.25,https://www.ahorramas.com/cuidado-personal/?pmin=0.01&start=0&sz=18,cuidado personal
ahorramas,Tinte de cabello Garnier Color Sensation nº 1.0 ultra negro,tinte de cabello garnier color sensation no 1.0 ultra negro,3.90,https://www.ahorramas.com/cuidado-personal/?pmin=0.01&start=0&sz=18,cuidado personal
ahorramas,Base Maquillaje En Polvo Super Stay 24H Maybelline 21,base maquillaje en polvo super stay 24h maybelline 21,15.95,https://www.ahorramas.com/cuidado-personal/?pmin=0.01&start=0&sz=18,cuidado personal
ahorramas,Champú fortificante Fructis 380ml adiós daños,champu fortificante fructis 380ml adios danos,4.55,https://www.ahorramas.com/cuidado-personal/?pmin=0.01&start=0&sz=18,cuidado personal
ahorramas,Crema de día L'Oréal Paris Revitalift Crema Hidratante Día SPF 30 50ml,crema de dia l'oreal paris revitalift crema hidratante dia spf 30 50ml,11.30,https://www.ahorramas.com/cuidado-personal/?pmin=0.01&start=0&sz=18,cuidado personal
ahorramas,Champú Fructis Garnier 200ml nº1 Método rizos,champu fructis garnier 200ml no1 metodo rizos,4.99,https://www.ahorramas.com/cuidado-personal/?pmin=0.01&start=0&sz=18,cuidado personal
ahorramas,Serum Hialuronico Pure L'Oréal Paris Elvive Para Cabello Graso 102 ml,serum hialuronico pure l'oreal paris elvive para cabello graso 102 ml,9.99,https://www.ahorramas.com/cuidado-personal/?pmin=0.01&start=0&sz=18,cuidado personal
ahorramas,Pintalabios Maybelline Superstay Matte Ink 130 self-starter,pintalabios maybelline superstay matte ink 130 self-starter,8.95,https://www.ahorramas.com/cuidado-personal/?pmin=0.01&start=0&sz=18,cuidado personal
ahorramas,Pintalabios Maybelline Superstay Matte Ink 70 nudes,pintalabios maybelline superstay matte ink 70 nudes,8.95,https://www.ahorramas.com/cuidado-personal/?pmin=0.01&start=0&sz=18,cuidado personal
ahorramas,Coloración spray Magic Retouch 75 ml Negro,coloracion spray magic retouch 75 ml negro,6.25,https://www.ahorramas.com/cuidado-personal/?pmin=0.01&start=0&sz=18,cuidado personal
ahorramas,Espuma fijadora para el cabello cabello Fructis 200ml hidra-rizos,espuma fijadora para el cabello cabello fructis 200ml hidra-rizos,3.35,https://www.ahorramas.com/cuidado-personal/?pmin=0.01&start=0&sz=18,cuidado personal
ahorramas,Lápiz de cejas Maybelline Tattoo Brow 06 ash brown,lapiz de cejas maybelline tattoo brow 06 ash brown,9.50,https://www.ahorramas.com/cuidado-personal/?pmin=0.01&start=0&sz=18,cuidado personal
ahorramas,Pintalabios Maybelline Superstay Matte Ink 60 nudes,pintalabios maybelline superstay matte ink 60 nudes,8.95,https://www.ahorramas.com/cuidado-personal/?pmin=0.01&start=0&sz=18,cuidado personal
ahorramas,Tinte permanente Syoss nº4.8 castaño chocolate,tinte permanente syoss no4.8 castano chocolate,4.99,https://www.ahorramas.com/cuidado-personal/?pmin=0.01&start=0&sz=18,cuidado personal
ahorramas,Lápiz ojos Tattoo Maybelline 901,lapiz ojos tattoo maybelline 901,6.95,https://www.ahorramas.com/cuidado-personal/?pmin=0.01&start=0&sz=18,cuidado personal
ahorramas,Maquillaje pintalabios bold Maybelline pink thrill 266,maquillaje pintalabios bold maybelline pink thrill 266,6.95,https://www.ahorramas.com/cuidado-personal/?pmin=0.01&start=0&sz=18,cuidado personal
ahorramas,Tinte para el pelo sin amoníaco Casting Crème Gloss nº 300 castaño oscuro,tinte para el pelo sin amoniaco casting creme gloss no 300 castano oscuro,6.60,https://www.ahorramas.com/cuidado-personal/?pmin=0.01&start=0&sz=18,cuidado personal
ahorramas,Crema facial de noche L'Oréal 50ml revitalift hidratante,crema facial de noche l'oreal 50ml revitalift hidratante,10.49,https://www.ahorramas.com/cuidado-personal/?pmin=0.01&start=0&sz=18,cuidado personal
ahorramas,Pintalabios Maybelline Superstay Matte Ink 080 ruler,pintalabios maybelline superstay matte ink 080 ruler,8.95,https://www.ahorramas.com/cuidado-personal/?pmin=0.01&start=0&sz=18,cuidado personal
ahorramas,Tinte para el pelo sin amoníaco Casting Crème Gloss nº 600 rubio oscuro,tinte para el pelo sin amoniaco casting creme gloss no 600 rubio oscuro,6.60,https://www.ahorramas.com/cuidado-personal/?pmin=0.01&start=0&sz=18,cuidado personal
ahorramas,Cobertura Instantánea Canas Palette Castaño Claro,cobertura instantanea canas palette castano claro,4.75,https://www.ahorramas.com/cuidado-personal/?pmin=0.01&start=0&sz=18,cuidado personal
ahorramas,Gelatina bronceadora Babaria 75 ml Coco,gelatina bronceadora babaria 75 ml coco,4.25,https://www.ahorramas.com/cuidado-personal/?pmin=0.01&start=0&sz=18,cuidado personal
ahorramas,Champú H&S 330 ml Apple Fresh,champu h&s 330 ml apple fresh,3.55,https://www.ahorramas.com/cuidado-personal/?pmin=0.01&start=0&sz=18,cuidado personal
ahorramas,Champú Fructis Garnier 200ml nº0 Método rizos,champu fructis garnier 200ml no0 metodo rizos,7.99,https://www.ahorramas.com/cuidado-personal/?pmin=0.01&start=0&sz=18,cuidado personal
ahorramas,Lápiz de cejas Maybelline Tattoo Brow 02 blonde,lapiz de cejas maybelline tattoo brow 02 blonde,9.50,https://www.ahorramas.com/cuidado-personal/?pmin=0.01&start=0&sz=18,cuidado personal
ahorramas,Lápiz de cejas Maybelline Tattoo Brow 05 medium brown,lapiz de cejas maybelline tattoo brow 05 medium brown,9.50,https://www.ahorramas.com/cuidado-personal/?pmin=0.01&start=0&sz=18,cuidado personal
ahorramas,Lápiz perfilador de cejas Maybelline Brow Ultra 07 black,lapiz perfilador de cejas maybelline brow ultra 07 black,7.99,https://www.ahorramas.com/cuidado-personal/?pmin=0.01&start=0&sz=18,cuidado personal
ahorramas,Tinte permanente Syoss nº8.11 rubio claro con keratina,tinte permanente syoss no8.11 rubio claro con keratina,4.99,https://www.ahorramas.com/cuidado-personal/?pmin=0.01&start=0&sz=18,cuidado personal
ahorramas,Maquillaje corrector de ojeras borrador Maybelline nude 02,maquillaje corrector de ojeras borrador maybelline nude 02,11.50,https://www.ahorramas.com/cuidado-personal/?pmin=0.01&start=0&sz=18,cuidado personal
ahorramas,Crema Corporal Garnier 380Ml Con Sandia Y Ácido Hialurónico Piel Deshidratada,crema corporal garnier 380ml con sandia y acido hialuronico piel deshidratada,5.99,https://www.ahorramas.com/cuidado-personal/?pmin=0.01&start=0&sz=18,cuidado personal
ahorramas,Pasta de Dientes Colgate max Fresh Cristales Refrescantes 75ml,pasta de dientes colgate max fresh cristales refrescantes 75ml,2.20,https://www.ahorramas.com/cuidado-personal/?pmin=0.01&start=0&sz=18,cuidado personal
ahorramas,Mascarilla reconstructora Pantene 300ml suave&liso,mascarilla reconstructora pantene 300ml suave&liso,3.35,https://www.ahorramas.com/cuidado-personal/?pmin=0.01&start=0&sz=18,cuidado personal
ahorramas,Agua micelar Garnier 400 ml Sensitive,agua micelar garnier 400 ml sensitive,5.25,https://www.ahorramas.com/cuidado-personal/?pmin=0.01&start=0&sz=18,cuidado personal
ahorramas,Champú Flex 650ml purificante con keratina,champu flex 650ml purificante con keratina,3.75,https://www.ahorramas.com/cuidado-personal/?pmin=0.01&start=0&sz=18,cuidado personal
ahorramas,Aceite solar bronceador Babaria 100 ml Glow,aceite solar bronceador babaria 100 ml glow,4.65,https://www.ahorramas.com/cuidado-personal/?pmin=0.01&start=0&sz=18,cuidado personal
ahorramas,Crema solar Delial 400ml FPS 50 sensitive advanced formato familiar,crema solar delial 400ml fps 50 sensitive advanced formato familiar,12.70,https://www.ahorramas.com/cuidado-personal/?pmin=0.01&start=0&sz=18,cuidado personal
ahorramas,Champú fortificante Fructis 380ml aloe hydra bomb sin siliconas,champu fortificante fructis 380ml aloe hydra bomb sin siliconas,4.55,https://www.ahorramas.com/cuidado-personal/?pmin=0.01&start=0&sz=18,cuidado personal
ahorramas,Acondicionador Elvive 150Ml Bond Repair,acondicionador elvive 150ml bond repair,6.15,https://www.ahorramas.com/cuidado-personal/?pmin=0.01&start=0&sz=18,cuidado personal
ahorramas,Maquillaje corrector de ojeras Maybelline Fit Me! nº 020,maquillaje corrector de ojeras maybelline fit me! no 020,7.50,https://www.ahorramas.com/cuidado-personal/?pmin=0.01&start=0&sz=18,cuidado personal
ahorramas,Sérum facial L'Oréal dosificador 30ml revitalift hidratante,serum facial l'oreal dosificador 30ml revitalift hidratante,11.25,https://www.ahorramas.com/cuidado-personal/?pmin=0.01&start=0&sz=18,cuidado personal
ahorramas,Delineador de ojos Maybelline hyper precise matte,delineador de ojos maybelline hyper precise matte,9.49,https://www.ahorramas.com/cuidado-personal/?pmin=0.01&start=0&sz=18,cuidado personal
ahorramas,Gel exfoliante Garnier 150ml pure active 3 en 1 carbón,gel exfoliante garnier 150ml pure active 3 en 1 carbon,5.99,https://www.ahorramas.com/cuidado-personal/?pmin=0.01&start=0&sz=18,cuidado personal
ahorramas,Tinte de cabello sin amoníaco Garnier Olia nº 1.0 negro profundo,tinte de cabello sin amoniaco garnier olia no 1.0 negro profundo,8.35,https://www.ahorramas.com/cuidado-personal/?pmin=0.01&start=0&sz=18,cuidado personal
ahorramas,Pintauñas fast gel Maybelline 18,pintaunas fast gel maybelline 18,3.79,https://www.ahorramas.com/cuidado-personal/?pmin=0.01&start=0&sz=18,cuidado personal
ahorramas,Pintalabios Maybelline Superstay 24h 195 raspberry,pintalabios maybelline superstay 24h 195 raspberry,15.50,https://www.ahorramas.com/cuidado-personal/?pmin=0.01&start=0&sz=18,cuidado personal
ahorramas,Pintalabios Maybelline Superstay 24h 260 wildberry,pintalabios maybelline superstay 24h 260 wildberry,15.50,https://www.ahorramas.com/cuidado-personal/?pmin=0.01&start=0&sz=18,cuidado personal
ahorramas,Pintalabios Maybelline Superstay 24h 542 cherry pie,pintalabios maybelline superstay 24h 542 cherry pie,15.50,https://www.ahorramas.com/cuidado-personal/?pmin=0.01&start=0&sz=18,cuidado personal
ahorramas,Pintalabios Maybelline Superstay Matte Ink 155 savant,pintalabios maybelline superstay matte ink 155 savant,8.95,https://www.ahorramas.com/cuidado-personal/?pmin=0.01&start=0&sz=18,cuidado personal
ahorramas,Pintalabios Maybelline Superstay Matte Ink 118 dancer,pintalabios maybelline superstay matte ink 118 dancer,8.95,https://www.ahorramas.com/cuidado-personal/?pmin=0.01&start=0&sz=18,cuidado personal
ahorramas,Lápiz perfilador de cejas Maybelline Brow Ultra 02 soft brown,lapiz perfilador de cejas maybelline brow ultra 02 soft brown,7.99,https://www.ahorramas.com/cuidado-personal/?pmin=0.01&start=0&sz=18,cuidado personal
ahorramas,Acondicionador intenso Pro-V Pantene 3mm 220 ml Repara&protege,acondicionador intenso pro-v pantene 3mm 220 ml repara&protege,3.75,https://www.ahorramas.com/cuidado-personal/?pmin=0.01&start=0&sz=18,cuidado personal
ahorramas,Lápiz de cejas Maybelline Tattoo Brow 07 deep brown,lapiz de cejas maybelline tattoo brow 07 deep brown,9.50,https://www.ahorramas.com/cuidado-personal/?pmin=0.01&start=0&sz=18,cuidado personal
ahorramas,Pintalabios Maybelline Superstay 24h 510 red passion,pintalabios maybelline superstay 24h 510 red passion,15.50,https://www.ahorramas.com/cuidado-personal/?pmin=0.01&start=0&sz=18,cuidado personal
ahorramas,Pintalabios Maybelline Superstay Matte Ink 020 pioneer,pintalabios maybelline superstay matte ink 020 pioneer,8.95,https://www.ahorramas.com/cuidado-personal/?pmin=0.01&start=0&sz=18,cuidado personal
ahorramas,Maquillaje corrector de ojeras Maybelline eraser nº 08,maquillaje corrector de ojeras maybelline eraser no 08,11.50,https://www.ahorramas.com/cuidado-personal/?pmin=0.01&start=0&sz=18,cuidado personal
ahorramas,Serum Rellenador Garnier 30Ml Aloe,serum rellenador garnier 30ml aloe,16.40,https://www.ahorramas.com/cuidado-personal/?pmin=0.01&start=0&sz=18,cuidado personal
ahorramas,Crema facial de día L'Oréal revitalift 50ml laser,crema facial de dia l'oreal revitalift 50ml laser,20.99,https://www.ahorramas.com/cuidado-personal/?pmin=0.01&start=0&sz=18,cuidado personal
ahorramas,Acondicionador dream Elvive 300ml dañado,acondicionador dream elvive 300ml danado,4.10,https://www.ahorramas.com/cuidado-personal/?pmin=0.01&start=0&sz=18,cuidado personal
ahorramas,Acondicionador Nutri Rizos Fructis 250 ml,acondicionador nutri rizos fructis 250 ml,4.85,https://www.ahorramas.com/cuidado-personal/?pmin=0.01&start=0&sz=18,cuidado personal
ahorramas,Tinte permanente Syoss nº1.1 negro con keratina,tinte permanente syoss no1.1 negro con keratina,4.99,https://www.ahorramas.com/cuidado-personal/?pmin=0.01&start=0&sz=18,cuidado personal
ahorramas,Tinte permanente Syoss nº8.7 rubio dorado caramelo con keratina,tinte permanente syoss no8.7 rubio dorado caramelo con keratina,4.99,https://www.ahorramas.com/cuidado-personal/?pmin=0.01&start=0&sz=18,cuidado personal
ahorramas,Tinte de cabello Alcántara Brilliant Color nº 2 negro azulado,tinte de cabello alcantara brilliant color no 2 negro azulado,3.15,https://www.ahorramas.com/cuidado-personal/?pmin=0.01&start=0&sz=18,cuidado personal
ahorramas,Tinte de cabello Alcántara Brilliant Color nº 6.63 brandy,tinte de cabello alcantara brilliant color no 6.63 brandy,3.15,https://www.ahorramas.com/cuidado-personal/?pmin=0.01&start=0&sz=18,cuidado personal
ahorramas,Tinte de cabello sin amoníaco Revlon Colorsilk nº 37 chocolate,tinte de cabello sin amoniaco revlon colorsilk no 37 chocolate,3.75,https://www.ahorramas.com/cuidado-personal/?pmin=0.01&start=0&sz=18,cuidado personal
ahorramas,Tinte de cabello Alcántara Brilliant Color nº 9.1 ginger,tinte de cabello alcantara brilliant color no 9.1 ginger,3.15,https://www.ahorramas.com/cuidado-personal/?pmin=0.01&start=0&sz=18,cuidado personal
ahorramas,Tinte Para El Cabello Revlon Colorstay Nº 7.1 Rubio Ceniza,tinte para el cabello revlon colorstay no 7.1 rubio ceniza,4.99,https://www.ahorramas.com/cuidado-personal/?pmin=0.01&start=0&sz=18,cuidado personal
ahorramas,Mousse crema limpiadora Babaria 150ml Rosa mosqueta,mousse crema limpiadora babaria 150ml rosa mosqueta,4.99,https://www.ahorramas.com/cuidado-personal/?pmin=0.01&start=0&sz=18,cuidado personal
ahorramas,Máscara de pestañas Rimmel Scandalous volume negro 001,mascara de pestanas rimmel scandalous volume negro 001,5.90,https://www.ahorramas.com/cuidado-personal/?pmin=0.01&start=0&sz=18,cuidado personal
ahorramas,Loción higienizante Cooper dermo spray 100ml sin agua ni jabón,locion higienizante cooper dermo spray 100ml sin agua ni jabon,1.60,https://www.ahorramas.com/cuidado-personal/?pmin=0.01&start=0&sz=18,cuidado personal
ahorramas,Mascarilla labios IDC Institute 6g candy,mascarilla labios idc institute 6g candy,2.99,https://www.ahorramas.com/cuidado-personal/?pmin=0.01&start=0&sz=18,cuidado personal
ahorramas,Pants de incontinencia unisex Bodyplus talla mediana,pants de incontinencia unisex bodyplus talla mediana,8.90,https://www.ahorramas.com/cuidado-personal/?pmin=0.01&start=0&sz=18,cuidado personal
ahorramas,Jabón de manos con dosificador Bodyplus 500ml infantil,jabon de manos con dosificador bodyplus 500ml infantil,1.40,https://www.ahorramas.com/cuidado-personal/?pmin=0.01&start=0&sz=18,cuidado personal
ahorramas,Toallitas infantiles Bodyplus 20u cara y manos,toallitas infantiles bodyplus 20u cara y manos,0.75,https://www.ahorramas.com/cuidado-personal/?pmin=0.01&start=0&sz=18,cuidado personal
ahorramas,Eau de toilette Caravan mujer 30ml nº22,eau de toilette caravan mujer 30ml no22,3.49,https://www.ahorramas.com/cuidado-personal/?pmin=0.01&start=0&sz=18,cuidado personal
ahorramas,Colonia arome fleur Caravan 150ml bouquet,colonia arome fleur caravan 150ml bouquet,5.95,https://www.ahorramas.com/cuidado-personal/?pmin=0.01&start=0&sz=18,cuidado personal
ahorramas,Eau de toilette Caravan mujer 150ml nº1,eau de toilette caravan mujer 150ml no1,10.95,https://www.ahorramas.com/cuidado-personal/?pmin=0.01&start=0&sz=18,cuidado personal
ahorramas,Eau de toilette Caravan mujer 150ml nº29,eau de toilette caravan mujer 150ml no29,10.95,https://www.ahorramas.com/cuidado-personal/?pmin=0.01&start=0&sz=18,cuidado personal
ahorramas,Desodorante en spray Babaria men 200ml splash,desodorante en spray babaria men 200ml splash,2.25,https://www.ahorramas.com/cuidado-personal/?pmin=0.01&start=0&sz=18,cuidado personal
ahorramas,Eau de toilette Caravan mujer 30ml nº34,eau de toilette caravan mujer 30ml no34,3.49,https://www.ahorramas.com/cuidado-personal/?pmin=0.01&start=0&sz=18,cuidado personal
ahorramas,Eau de toilette Caravan mujer 30ml nº27,eau de toilette caravan mujer 30ml no27,3.49,https://www.ahorramas.com/cuidado-personal/?pmin=0.01&start=0&sz=18,cuidado personal
ahorramas,Eau de toilette Caravan mujer 150ml nº38,eau de toilette caravan mujer 150ml no38,10.95,https://www.ahorramas.com/cuidado-personal/?pmin=0.01&start=0&sz=18,cuidado personal
ahorramas,Lápiz de ojos Rimmel Scandal'eyes 24h 001 black,lapiz de ojos rimmel scandal'eyes 24h 001 black,9.45,https://www.ahorramas.com/cuidado-personal/?pmin=0.01&start=0&sz=18,cuidado personal
ahorramas,Cepillo Dental Bodyplus Junior Suave,cepillo dental bodyplus junior suave,0.90,https://www.ahorramas.com/cuidado-personal/?pmin=0.01&start=0&sz=18,cuidado personal
ahorramas,Gel higienizante Azalea 200ml para manos con 70% de alcohol,gel higienizante azalea 200ml para manos con 70% de alcohol,2.25,https://www.ahorramas.com/cuidado-personal/?pmin=0.01&start=0&sz=18,cuidado personal
ahorramas,Protegeslip Bodyplus 30 uds duoform,protegeslip bodyplus 30 uds duoform,1.45,https://www.ahorramas.com/cuidado-personal/?pmin=0.01&start=0&sz=18,cuidado personal
ahorramas,Eau de toilette Caravan hombre 150ml nº70,eau de toilette caravan hombre 150ml no70,10.95,https://www.ahorramas.com/cuidado-personal/?pmin=0.01&start=0&sz=18,cuidado personal
ahorramas,Colonia coquette 200ml bergamota,colonia coquette 200ml bergamota,2.95,https://www.ahorramas.com/cuidado-personal/?pmin=0.01&start=0&sz=18,cuidado personal
ahorramas,Eau de toilette Caravan hombre 150ml nº11,eau de toilette caravan hombre 150ml no11,10.95,https://www.ahorramas.com/cuidado-personal/?pmin=0.01&start=0&sz=18,cuidado personal
ahorramas,Eau de toilette Caravan mujer 150ml nº2,eau de toilette caravan mujer 150ml no2,10.95,https://www.ahorramas.com/cuidado-personal/?pmin=0.01&start=0&sz=18,cuidado personal
ahorramas,Eau de toilette Caravan mujer 150ml nº7,eau de toilette caravan mujer 150ml no7,10.95,https://www.ahorramas.com/cuidado-personal/?pmin=0.01&start=0&sz=18,cuidado personal
ahorramas,Estuche de colonia masculino Reebok move,estuche de colonia masculino reebok move,10.95,https://www.ahorramas.com/cuidado-personal/?pmin=0.01&start=0&sz=18,cuidado personal
ahorramas,Pintalabios Rimmel Lasting Provocalips 220,pintalabios rimmel lasting provocalips 220,9.99,https://www.ahorramas.com/cuidado-personal/?pmin=0.01&start=0&sz=18,cuidado personal
ahorramas,Desodorante roll-on Sanex Zero% Extra Control protección 48h 50ml,desodorante roll-on sanex zero% extra control proteccion 48h 50ml,2.35,https://www.ahorramas.com/cuidado-personal/?pmin=0.01&start=0&sz=18,cuidado personal
ahorramas,Maquillaje Pintalabios Rimmel Lasting Provocalips 210,maquillaje pintalabios rimmel lasting provocalips 210,9.99,https://www.ahorramas.com/cuidado-personal/?pmin=0.01&start=0&sz=18,cuidado personal
ahorramas,Pintalabios líquido Rimmel Lasting Mega 16h 920,pintalabios liquido rimmel lasting mega 16h 920,11.19,https://www.ahorramas.com/cuidado-personal/?pmin=0.01&start=0&sz=18,cuidado personal
ahorramas,Tinte de cabello Llongueras Color Advance nº 6.6 caoba rojo,tinte de cabello llongueras color advance no 6.6 caoba rojo,7.49,https://www.ahorramas.com/cuidado-personal/?pmin=0.01&start=0&sz=18,cuidado personal
ahorramas,Tinte de cabello sin amoníaco Revlon Colorsilk nº50 castaño claro ceniza,tinte de cabello sin amoniaco revlon colorsilk no50 castano claro ceniza,3.75,https://www.ahorramas.com/cuidado-personal/?pmin=0.01&start=0&sz=18,cuidado personal
ahorramas,Perfilador de cejas Rimmel professional eyebrow pencil 002,perfilador de cejas rimmel professional eyebrow pencil 002,6.95,https://www.ahorramas.com/cuidado-personal/?pmin=0.01&start=0&sz=18,cuidado personal
ahorramas,Corrector facial en barra Rimmel Hide Blemish 103,corrector facial en barra rimmel hide blemish 103,5.99,https://www.ahorramas.com/cuidado-personal/?pmin=0.01&start=0&sz=18,cuidado personal
ahorramas,Desodorante en roll-on Nivea men 50ml protege&cuida antitranspirante,desodorante en roll-on nivea men 50ml protege&cuida antitranspirante,2.35,https://www.ahorramas.com/cuidado-personal/?pmin=0.01&start=0&sz=18,cuidado personal
ahorramas,Corrector facial Multitasker Rimmel 060,corrector facial multitasker rimmel 060,6.95,https://www.ahorramas.com/cuidado-personal/?pmin=0.01&start=0&sz=18,cuidado personal
ahorramas,Pintauñas Rimmel Super Shine 60 seconds 430,pintaunas rimmel super shine 60 seconds 430,2.25,https://www.ahorramas.com/cuidado-personal/?pmin=0.01&start=0&sz=18,cuidado personal
ahorramas,Desodorante en spray Nivea men 200ml protege&cuida antitranspirante,desodorante en spray nivea men 200ml protege&cuida antitranspirante,2.95,https://www.ahorramas.com/cuidado-personal/?pmin=0.01&start=0&sz=18,cuidado personal
ahorramas,Máscara de pestañas Rimmel Scandal'eyes volume on demand 001 black,mascara de pestanas rimmel scandal'eyes volume on demand 001 black,10.79,https://www.ahorramas.com/cuidado-personal/?pmin=0.01&start=0&sz=18,cuidado personal
ahorramas,Desodorante en spray Nivea 200ml protege&cuida,desodorante en spray nivea 200ml protege&cuida,2.95,https://www.ahorramas.com/cuidado-personal/?pmin=0.01&start=0&sz=18,cuidado personal
ahorramas,Desodorante en spray Nivea men 200ml dry impact antitranspirante,desodorante en spray nivea men 200ml dry impact antitranspirante,2.95,https://www.ahorramas.com/cuidado-personal/?pmin=0.01&start=0&sz=18,cuidado personal
ahorramas,Tinte de cabello Schwarzkopf Palette nº 8.1 rubio claro ceniza,tinte de cabello schwarzkopf palette no 8.1 rubio claro ceniza,4.79,https://www.ahorramas.com/cuidado-personal/?pmin=0.01&start=0&sz=18,cuidado personal
ahorramas,Tampón con aplicador Tampax Pearl compak 16 uds super plus,tampon con aplicador tampax pearl compak 16 uds super plus,3.99,https://www.ahorramas.com/cuidado-personal/?pmin=0.01&start=0&sz=18,cuidado personal
ahorramas,Maquillaje Pintalabios Rimmel Lasting Provocalips 400,maquillaje pintalabios rimmel lasting provocalips 400,9.99,https://www.ahorramas.com/cuidado-personal/?pmin=0.01&start=0&sz=18,cuidado personal
ahorramas,Tinte Para El Cabello Revlon Colorstay Nº 7 Rubio,tinte para el cabello revlon colorstay no 7 rubio,4.99,https://www.ahorramas.com/cuidado-personal/?pmin=0.01&start=0&sz=18,cuidado personal
ahorramas,Protector labial Liposan soft rosé 24h hidratación intensa,protector labial liposan soft rose 24h hidratacion intensa,2.95,https://www.ahorramas.com/cuidado-personal/?pmin=0.01&start=0&sz=18,cuidado personal
ahorramas,Tinte de cabello Llongueras Color Advance nº 1 negro,tinte de cabello llongueras color advance no 1 negro,7.49,https://www.ahorramas.com/cuidado-personal/?pmin=0.01&start=0&sz=18,cuidado personal
ahorramas,Polen de flores Alipende 225g,polen de flores alipende 225g,7.45,https://www.ahorramas.com/cuidado-personal/?pmin=0.01&start=0&sz=18,cuidado personal
ahorramas,Mascarilla capilar Gliss 4en1 Nutrición 400 ml,mascarilla capilar gliss 4en1 nutricion 400 ml,6.15,https://www.ahorramas.com/cuidado-personal/?pmin=0.01&start=0&sz=18,cuidado personal
ahorramas,Lima con funda mini Mas Beauty,lima con funda mini mas beauty,1.50,https://www.ahorramas.com/cuidado-personal/?pmin=0.01&start=0&sz=18,cuidado personal
ahorramas,Cepillo facial extra suave Mas Beauty,cepillo facial extra suave mas beauty,4.50,https://www.ahorramas.com/cuidado-personal/?pmin=0.01&start=0&sz=18,cuidado personal
ahorramas,Delineador de ojos Rimmel Scandaleyes 004 cobalt blue,delineador de ojos rimmel scandaleyes 004 cobalt blue,6.35,https://www.ahorramas.com/cuidado-personal/?pmin=0.01&start=0&sz=18,cuidado personal
ahorramas,Jengibre Vive+ 30 cápsulas,jengibre vive+ 30 capsulas,7.25,https://www.ahorramas.com/cuidado-personal/?pmin=0.01&start=0&sz=18,cuidado personal
ahorramas,Tinte de cabello sin amoníaco Revlon Colorsilk nº61 rubio oscuro,tinte de cabello sin amoniaco revlon colorsilk no61 rubio oscuro,3.75,https://www.ahorramas.com/cuidado-personal/?pmin=0.01&start=0&sz=18,cuidado personal
ahorramas,Enjuague bucal sin alcohol plax Colgate 250ml soft mint,enjuague bucal sin alcohol plax colgate 250ml soft mint,2.65,https://www.ahorramas.com/cuidado-personal/?pmin=0.01&start=0&sz=18,cuidado personal
ahorramas,Crema Facial Antiedad Intesiva Noche Nivea 50Ml Cellular Ácido Hialurónico & Ácido Fólico,crema facial antiedad intesiva noche nivea 50ml cellular acido hialuronico & acido folico,15.50,https://www.ahorramas.com/cuidado-personal/?pmin=0.01&start=0&sz=18,cuidado personal
ahorramas,Crema facial natural Bodyplus 50ml hidratante,crema facial natural bodyplus 50ml hidratante,2.99,https://www.ahorramas.com/cuidado-personal/?pmin=0.01&start=0&sz=18,cuidado personal
ahorramas,Aceite Facial Bioglow 30Ml Licopeno Antiox Con Vitamina E,aceite facial bioglow 30ml licopeno antiox con vitamina e,5.00,https://www.ahorramas.com/cuidado-personal/?pmin=0.01&start=0&sz=18,cuidado personal
ahorramas,Crema facial natural Bodyplus 50ml antiedad,crema facial natural bodyplus 50ml antiedad,3.99,https://www.ahorramas.com/cuidado-personal/?pmin=0.01&start=0&sz=18,cuidado personal
ahorramas,Sérum facial Bodyplus 30ml skindefense,serum facial bodyplus 30ml skindefense,5.99,https://www.ahorramas.com/cuidado-personal/?pmin=0.01&start=0&sz=18,cuidado personal
ahorramas,Fragancia Monogotas 100ml manzana,fragancia monogotas 100ml manzana,3.25,https://www.ahorramas.com/cuidado-personal/?pmin=0.01&start=0&sz=18,cuidado personal
ahorramas,Desodorante Dermo Invisible Roll-On Sanex 50 ml,desodorante dermo invisible roll-on sanex 50 ml,2.35,https://www.ahorramas.com/cuidado-personal/?pmin=0.01&start=0&sz=18,cuidado personal
ahorramas,Perfilador de cejas Rimmel professional eyebrow pencil 004,perfilador de cejas rimmel professional eyebrow pencil 004,6.95,https://www.ahorramas.com/cuidado-personal/?pmin=0.01&start=0&sz=18,cuidado personal
ahorramas,Maquillaje delineador de ojos Rimmel Glam'eyes 001,maquillaje delineador de ojos rimmel glam'eyes 001,10.55,https://www.ahorramas.com/cuidado-personal/?pmin=0.01&start=0&sz=18,cuidado personal
ahorramas,Perfilador de labio Loose Finish Rimmel 195,perfilador de labio loose finish rimmel 195,6.99,https://www.ahorramas.com/cuidado-personal/?pmin=0.01&start=0&sz=18,cuidado personal
ahorramas,Máscara de pestañas Rimmel Scandaleyes Volumen Negro 001,mascara de pestanas rimmel scandaleyes volumen negro 001,8.95,https://www.ahorramas.com/cuidado-personal/?pmin=0.01&start=0&sz=18,cuidado personal
ahorramas,Espuma fijadora de cabello Giorgi 200ml rizos mArcados,espuma fijadora de cabello giorgi 200ml rizos marcados,2.95,https://www.ahorramas.com/cuidado-personal/?pmin=0.01&start=0&sz=18,cuidado personal
ahorramas,Pintalabios líquido Rimmel Lasting Mega 16h 930,pintalabios liquido rimmel lasting mega 16h 930,11.19,https://www.ahorramas.com/cuidado-personal/?pmin=0.01&start=0&sz=18,cuidado personal
ahorramas,Eau de toilette Caravan hombre 150ml nº13,eau de toilette caravan hombre 150ml no13,10.95,https://www.ahorramas.com/cuidado-personal/?pmin=0.01&start=0&sz=18,cuidado personal
ahorramas,Desmaquillador ojos Nivea 125ml doble acción para el contorno,desmaquillador ojos nivea 125ml doble accion para el contorno,5.30,https://www.ahorramas.com/cuidado-personal/?pmin=0.01&start=0&sz=18,cuidado personal
ahorramas,cepilla Dental Electrico Oral-B Vital Pro Series 1,cepilla dental electrico oral-b vital pro series 1,44.95,https://www.ahorramas.com/cuidado-personal/?pmin=0.01&start=0&sz=18,cuidado personal
ahorramas,Estuche de colonia Women Secret My Secret EDT 100ML + Body Lotion 200ml,estuche de colonia women secret my secret edt 100ml + body lotion 200ml,18.95,https://www.ahorramas.com/cuidado-personal/?pmin=0.01&start=0&sz=18,cuidado personal
ahorramas,Cepillo Dental Bodyplus Pack-3 Suave,cepillo dental bodyplus pack-3 suave,1.00,https://www.ahorramas.com/cuidado-personal/?pmin=0.01&start=0&sz=18,cuidado personal
ahorramas,Eau de toilette Caravan mujer 30ml nº30,eau de toilette caravan mujer 30ml no30,3.49,https://www.ahorramas.com/cuidado-personal/?pmin=0.01&start=0&sz=18,cuidado personal
ahorramas,Eau de toilette Caravan hombre 30ml nº55,eau de toilette caravan hombre 30ml no55,3.49,https://www.ahorramas.com/cuidado-personal/?pmin=0.01&start=0&sz=18,cuidado personal
ahorramas,Colonia de mujer coquette 200ml citrus,colonia de mujer coquette 200ml citrus,2.95,https://www.ahorramas.com/cuidado-personal/?pmin=0.01&start=0&sz=18,cuidado personal
ahorramas,Eau de toilette Caravan mujer 150ml nº28,eau de toilette caravan mujer 150ml no28,10.95,https://www.ahorramas.com/cuidado-personal/?pmin=0.01&start=0&sz=18,cuidado personal
ahorramas,Agua de Colonia Crossmen 200ml original,agua de colonia crossmen 200ml original,9.95,https://www.ahorramas.com/cuidado-personal/?pmin=0.01&start=0&sz=18,cuidado personal
ahorramas,Vitamina C distintivo natural 30 unidades,vitamina c distintivo natural 30 unidades,6.95,https://www.ahorramas.com/cuidado-personal/?pmin=0.01&start=0&sz=18,cuidado personal
ahorramas,Recambio Para Maquinilla De Mujer Pack De 3,recambio para maquinilla de mujer pack de 3,15.99,https://www.ahorramas.com/cuidado-personal/?pmin=0.01&start=0&sz=18,cuidado personal
ahorramas,Desodorante spray Bodyplus 150 ml Chocolate,desodorante spray bodyplus 150 ml chocolate,1.35,https://www.ahorramas.com/cuidado-personal/?pmin=0.01&start=0&sz=18,cuidado personal
ahorramas,Pasta de dientes Kemphor 75 ml Junior,pasta de dientes kemphor 75 ml junior,2.25,https://www.ahorramas.com/cuidado-personal/?pmin=0.01&start=0&sz=18,cuidado personal
ahorramas,Acondicionador Pro-V Pantene 160 ml Hidratación Brillo,acondicionador pro-v pantene 160 ml hidratacion brillo,5.99,https://www.ahorramas.com/cuidado-personal/?pmin=0.01&start=0&sz=18,cuidado personal
ahorramas,Hojas de afeitar Gillette 4 unidades recambio fusion 5,hojas de afeitar gillette 4 unidades recambio fusion 5,17.49,https://www.ahorramas.com/cuidado-personal/?pmin=0.01&start=0&sz=18,cuidado personal
ahorramas,Pasta dental Colgate 75 ml total blanqueador,pasta dental colgate 75 ml total blanqueador,3.19,https://www.ahorramas.com/cuidado-personal/?pmin=0.01&start=0&sz=18,cuidado personal
ahorramas,Mascarilla Capilar Giorgi 350Ml Método Curly,mascarilla capilar giorgi 350ml metodo curly,5.15,https://www.ahorramas.com/cuidado-personal/?pmin=0.01&start=0&sz=18,cuidado personal
ahorramas,Acondicionador Herbal Essences 250ml hidrata aroma a coco,acondicionador herbal essences 250ml hidrata aroma a coco,5.29,https://www.ahorramas.com/cuidado-personal/?pmin=0.01&start=0&sz=18,cuidado personal
ahorramas,Esponja infantil Suavipiel peppa pig,esponja infantil suavipiel peppa pig,2.00,https://www.ahorramas.com/cuidado-personal/?pmin=0.01&start=0&sz=18,cuidado personal
ahorramas,Pasta dental Kemphor 2x75ml original,pasta dental kemphor 2x75ml original,4.38,https://www.ahorramas.com/cuidado-personal/?pmin=0.01&start=0&sz=18,cuidado personal
ahorramas,Bálsamo labial stick Carmex classic f5,balsamo labial stick carmex classic f5,3.99,https://www.ahorramas.com/cuidado-personal/?pmin=0.01&start=0&sz=18,cuidado personal
ahorramas,Champú Instit.Español 300Ml Piel Atópica,champu instit.espanol 300ml piel atopica,4.99,https://www.ahorramas.com/cuidado-personal/?pmin=0.01&start=0&sz=18,cuidado personal
ahorramas,Champú Nutrición ondas & rizos TRESemmé con aceite de coco 685ml,champu nutricion ondas & rizos tresemme con aceite de coco 685ml,5.99,https://www.ahorramas.com/cuidado-personal/?pmin=0.01&start=0&sz=18,cuidado personal
ahorramas,Spray bucal Pierrot 10ml fresh,spray bucal pierrot 10ml fresh,1.95,https://www.ahorramas.com/cuidado-personal/?pmin=0.01&start=0&sz=18,cuidado personal
ahorramas,Champú Kerzo 400ml anticaída refrescante,champu kerzo 400ml anticaida refrescante,3.99,https://www.ahorramas.com/cuidado-personal/?pmin=0.01&start=0&sz=18,cuidado personal
ahorramas,Cera depilatoria microondas 9m gr Frutos Rojos,cera depilatoria microondas 9m gr frutos rojos,4.25,https://www.ahorramas.com/cuidado-personal/?pmin=0.01&start=0&sz=18,cuidado personal
ahorramas,Jabón tocador Pardo Basic 4 unidades 240 gr Oliva,jabon tocador pardo basic 4 unidades 240 gr oliva,1.59,https://www.ahorramas.com/cuidado-personal/?pmin=0.01&start=0&sz=18,cuidado personal
ahorramas,Crema adhesiva para protesis dental Senti2 40g,crema adhesiva para protesis dental senti2 40g,3.50,https://www.ahorramas.com/cuidado-personal/?pmin=0.01&start=0&sz=18,cuidado personal
ahorramas,Crema dental fijadora Corega 70 gr Máximo Sellado,crema dental fijadora corega 70 gr maximo sellado,15.99,https://www.ahorramas.com/cuidado-personal/?pmin=0.01&start=0&sz=18,cuidado personal
ahorramas,Mascarilla capilar Herbal Essencs 500ml repara aroma a argán,mascarilla capilar herbal essencs 500ml repara aroma a argan,9.49,https://www.ahorramas.com/cuidado-personal/?pmin=0.01&start=0&sz=18,cuidado personal
ahorramas,Stick antirrozaduras Ecofeet 10ml,stick antirrozaduras ecofeet 10ml,3.99,https://www.ahorramas.com/cuidado-personal/?pmin=0.01&start=0&sz=18,cuidado personal
ahorramas,Mascarilla capilar IDC Institute 25ml aceite de aguacate,mascarilla capilar idc institute 25ml aceite de aguacate,1.50,https://www.ahorramas.com/cuidado-personal/?pmin=0.01&start=0&sz=18,cuidado personal
ahorramas,Maquina de afeitar Gillette labs + colgador,maquina de afeitar gillette labs + colgador,17.99,https://www.ahorramas.com/cuidado-personal/?pmin=0.01&start=0&sz=18,cuidado personal
ahorramas,Cutex quitaesmalte hidratante 100ml,cutex quitaesmalte hidratante 100ml,2.39,https://www.ahorramas.com/cuidado-personal/?pmin=0.01&start=0&sz=18,cuidado personal
ahorramas,Gasas esterilizadas Cosmoplast Soft,gasas esterilizadas cosmoplast soft,0.72,https://www.ahorramas.com/cuidado-personal/?pmin=0.01&start=0&sz=18,cuidado personal
ahorramas,Tiras cosmoplast elásticas,tiras cosmoplast elasticas,1.30,https://www.ahorramas.com/cuidado-personal/?pmin=0.01&start=0&sz=18,cuidado personal
ahorramas,Tinte de cabello Llongueras Color Advance nº10 rubio muy claro aclarante,tinte de cabello llongueras color advance no10 rubio muy claro aclarante,7.49,https://www.ahorramas.com/cuidado-personal/?pmin=0.01&start=0&sz=18,cuidado personal
ahorramas,Aceite corporal Bioglow 200ml romero,aceite corporal bioglow 200ml romero,2.99,https://www.ahorramas.com/cuidado-personal/?pmin=0.01&start=0&sz=18,cuidado personal
ahorramas,Maquillaje pintalabios Rimmel Lasting Finish mate 170,maquillaje pintalabios rimmel lasting finish mate 170,8.99,https://www.ahorramas.com/cuidado-personal/?pmin=0.01&start=0&sz=18,cuidado personal
ahorramas,Maquillaje en polvo compacto Kind & Free Rimmel 020 light,maquillaje en polvo compacto kind & free rimmel 020 light,10.50,https://www.ahorramas.com/cuidado-personal/?pmin=0.01&start=0&sz=18,cuidado personal
ahorramas,Agua fresca de flores Álvarez Gómez 150ml verbena,agua fresca de flores alvarez gomez 150ml verbena,11.95,https://www.ahorramas.com/cuidado-personal/?pmin=0.01&start=0&sz=18,cuidado personal
ahorramas,Aceite esencial árbol de té Bioglow 10ml,aceite esencial arbol de te bioglow 10ml,3.00,https://www.ahorramas.com/cuidado-personal/?pmin=0.01&start=0&sz=18,cuidado personal
ahorramas,Champú Bodyplus 400ml natural,champu bodyplus 400ml natural,2.05,https://www.ahorramas.com/cuidado-personal/?pmin=0.01&start=0&sz=18,cuidado personal
ahorramas,Eau de toilette Caravan mujer 30ml nº39,eau de toilette caravan mujer 30ml no39,3.49,https://www.ahorramas.com/cuidado-personal/?pmin=0.01&start=0&sz=18,cuidado personal
ahorramas,Eau de toilette Caravan mujer 30ml nº45,eau de toilette caravan mujer 30ml no45,3.49,https://www.ahorramas.com/cuidado-personal/?pmin=0.01&start=0&sz=18,cuidado personal
ahorramas,Eau de toilette Caravan mujer 150ml nº35,eau de toilette caravan mujer 150ml no35,10.95,https://www.ahorramas.com/cuidado-personal/?pmin=0.01&start=0&sz=18,cuidado personal
ahorramas,Maquillaje delineador de ojos Rimmel Wonder'swipe 014,maquillaje delineador de ojos rimmel wonder'swipe 014,10.00,https://www.ahorramas.com/cuidado-personal/?pmin=0.01&start=0&sz=18,cuidado personal
ahorramas,Eau de toilette Caravan hombre 30ml nº16,eau de toilette caravan hombre 30ml no16,3.49,https://www.ahorramas.com/cuidado-personal/?pmin=0.01&start=0&sz=18,cuidado personal
ahorramas,Eau de toilette Caravan hombre 150ml nº55,eau de toilette caravan hombre 150ml no55,10.95,https://www.ahorramas.com/cuidado-personal/?pmin=0.01&start=0&sz=18,cuidado personal
ahorramas,Tinte de cabello Alcántara Brilliant Color nº 5 cacao,tinte de cabello alcantara brilliant color no 5 cacao,3.15,https://www.ahorramas.com/cuidado-personal/?pmin=0.01&start=0&sz=18,cuidado personal
ahorramas,Chitosán vegetal Basic'S 30 cápsulas con alcachofa,chitosan vegetal basic's 30 capsulas con alcachofa,7.45,https://www.ahorramas.com/cuidado-personal/?pmin=0.01&start=0&sz=18,cuidado personal
ahorramas,"Cesta Aloe Vera, Babaria, Hidrata","cesta aloe vera, babaria, hidrata",11.99,https://www.ahorramas.com/cuidado-personal/?pmin=0.01&start=0&sz=18,cuidado personal
ahorramas,Mascarilla capilar Bodyplus 400ml teñido,mascarilla capilar bodyplus 400ml tenido,2.15,https://www.ahorramas.com/cuidado-personal/?pmin=0.01&start=0&sz=18,cuidado personal
ahorramas,Eau de toilette Caravan hombre 30ml nº13,eau de toilette caravan hombre 30ml no13,3.49,https://www.ahorramas.com/cuidado-personal/?pmin=0.01&start=0&sz=18,cuidado personal
ahorramas,Eau de toilette Caravan hombre 150ml nº20,eau de toilette caravan hombre 150ml no20,10.95,https://www.ahorramas.com/cuidado-personal/?pmin=0.01&start=0&sz=18,cuidado personal
ahorramas,Eau de toilette Caravan mujer 150ml nº22,eau de toilette caravan mujer 150ml no22,10.95,https://www.ahorramas.com/cuidado-personal/?pmin=0.01&start=0&sz=18,cuidado personal
ahorramas,Colágeno hidrolizado Naturtierra 180u,colageno hidrolizado naturtierra 180u,6.25,https://www.ahorramas.com/cuidado-personal/?pmin=0.01&start=0&sz=18,cuidado personal
ahorramas,Aceite de onagra Naturtierra 60 cápsulas,aceite de onagra naturtierra 60 capsulas,4.75,https://www.ahorramas.com/cuidado-personal/?pmin=0.01&start=0&sz=18,cuidado personal
ahorramas,Pintalabios líquido Rimmel Lasting Mega 16h 110,pintalabios liquido rimmel lasting mega 16h 110,11.19,https://www.ahorramas.com/cuidado-personal/?pmin=0.01&start=0&sz=18,cuidado personal
ahorramas,Maquillaje estuche sombra de ojos Rimmel Magnif'eyes 001 nude,maquillaje estuche sombra de ojos rimmel magnif'eyes 001 nude,12.45,https://www.ahorramas.com/cuidado-personal/?pmin=0.01&start=0&sz=18,cuidado personal
ahorramas,Máscara de pestañas Rimmel Wonderfully 001 luxe volume,mascara de pestanas rimmel wonderfully 001 luxe volume,6.65,https://www.ahorramas.com/cuidado-personal/?pmin=0.01&start=0&sz=18,cuidado personal
ahorramas,Base de maquillaje fluido Rimmel Match Perfection 301,base de maquillaje fluido rimmel match perfection 301,9.99,https://www.ahorramas.com/cuidado-personal/?pmin=0.01&start=0&sz=18,cuidado personal
ahorramas,Delineador de ojos Rimmel Exaggerate 003 waterproof,delineador de ojos rimmel exaggerate 003 waterproof,6.70,https://www.ahorramas.com/cuidado-personal/?pmin=0.01&start=0&sz=18,cuidado personal
ahorramas,Lápiz de ojos Rimmel Soft Kohl 061 black,lapiz de ojos rimmel soft kohl 061 black,5.20,https://www.ahorramas.com/cuidado-personal/?pmin=0.01&start=0&sz=18,cuidado personal
ahorramas,Pintauñas Rimmel Super Shine 60 seconds 340,pintaunas rimmel super shine 60 seconds 340,2.25,https://www.ahorramas.com/cuidado-personal/?pmin=0.01&start=0&sz=18,cuidado personal
ahorramas,Serum Cellular Luminous 630 Antimanchas Nivea 30 ml,serum cellular luminous 630 antimanchas nivea 30 ml,22.69,https://www.ahorramas.com/cuidado-personal/?pmin=0.01&start=0&sz=18,cuidado personal
ahorramas,Delineador de ojos Rimmel Scandaleyes 005 snow white,delineador de ojos rimmel scandaleyes 005 snow white,6.35,https://www.ahorramas.com/cuidado-personal/?pmin=0.01&start=0&sz=18,cuidado personal
ahorramas,Eau de toilette kids Saphir kids 300ml blue,eau de toilette kids saphir kids 300ml blue,5.95,https://www.ahorramas.com/cuidado-personal/?pmin=0.01&start=0&sz=18,cuidado personal
ahorramas,Body milk Nivea 500ml nutritivo,body milk nivea 500ml nutritivo,5.50,https://www.ahorramas.com/cuidado-personal/?pmin=0.01&start=0&sz=18,cuidado personal
ahorramas,Tinte de cabello Schwarzkopf Palette nº 4.99 Violín con micro aceites naturales,tinte de cabello schwarzkopf palette no 4.99 violin con micro aceites naturales,4.79,https://www.ahorramas.com/cuidado-personal/?pmin=0.01&start=0&sz=18,cuidado personal
ahorramas,Própolis y jalea real Vive+ 12u,propolis y jalea real vive+ 12u,6.85,https://www.ahorramas.com/cuidado-personal/?pmin=0.01&start=0&sz=18,cuidado personal
ahorramas,Tinte de cabello Llongueras Color Advance nº 9 rubio claro claro,tinte de cabello llongueras color advance no 9 rubio claro claro,7.49,https://www.ahorramas.com/cuidado-personal/?pmin=0.01&start=0&sz=18,cuidado personal
ahorramas,Eau de parfum Saphir man 100ml navy,eau de parfum saphir man 100ml navy,6.00,https://www.ahorramas.com/cuidado-personal/?pmin=0.01&start=0&sz=18,cuidado personal
ahorramas,Clips animalitos Mas Beauty 2 uds,clips animalitos mas beauty 2 uds,1.99,https://www.ahorramas.com/cuidado-personal/?pmin=0.01&start=0&sz=18,cuidado personal
ahorramas,Preservativos Happy Sex 12 uds estimulante,preservativos happy sex 12 uds estimulante,3.45,https://www.ahorramas.com/cuidado-personal/?pmin=0.01&start=0&sz=18,cuidado personal
ahorramas,Rodillo facial Jade verde Mas Beauty,rodillo facial jade verde mas beauty,4.50,https://www.ahorramas.com/cuidado-personal/?pmin=0.01&start=0&sz=18,cuidado personal
ahorramas,Lima papel Mas Beauty 12 uds,lima papel mas beauty 12 uds,1.50,https://www.ahorramas.com/cuidado-personal/?pmin=0.01&start=0&sz=18,cuidado personal
ahorramas,Crema solar facial Bodyplus FPS 50+,crema solar facial bodyplus fps 50+,4.99,https://www.ahorramas.com/cuidado-personal/?pmin=0.01&start=0&sz=18,cuidado personal
ahorramas,Mascarilla capilar Gliss 4en1 Repair 400 ml,mascarilla capilar gliss 4en1 repair 400 ml,6.15,https://www.ahorramas.com/cuidado-personal/?pmin=0.01&start=0&sz=18,cuidado personal
ahorramas,Lápiz de ojos Rimmel Soft Kohl 011 brown,lapiz de ojos rimmel soft kohl 011 brown,5.20,https://www.ahorramas.com/cuidado-personal/?pmin=0.01&start=0&sz=18,cuidado personal
ahorramas,Crema solar Nivea pistola 300ml FPS 50+ kids sensitive,crema solar nivea pistola 300ml fps 50+ kids sensitive,16.95,https://www.ahorramas.com/cuidado-personal/?pmin=0.01&start=0&sz=18,cuidado personal
ahorramas,Tinte de cabello Alcántara Brilliant Color nº 8 sahara,tinte de cabello alcantara brilliant color no 8 sahara,3.15,https://www.ahorramas.com/cuidado-personal/?pmin=0.01&start=0&sz=18,cuidado personal
ahorramas,Crema facial de día Nivea visage 50ml para piel normal o mixta,crema facial de dia nivea visage 50ml para piel normal o mixta,6.60,https://www.ahorramas.com/cuidado-personal/?pmin=0.01&start=0&sz=18,cuidado personal
ahorramas,Fluido antiarrugas Nivea Q10 40 ml F50,fluido antiarrugas nivea q10 40 ml f50,14.99,https://www.ahorramas.com/cuidado-personal/?pmin=0.01&start=0&sz=18,cuidado personal
ahorramas,Guante exfoliante Bodyplus,guante exfoliante bodyplus,2.15,https://www.ahorramas.com/cuidado-personal/?pmin=0.01&start=0&sz=18,cuidado personal
ahorramas,Espuma de afeitar La Toja 300ml piel sensible con sales minerales y aloe vera,espuma de afeitar la toja 300ml piel sensible con sales minerales y aloe vera,3.15,https://www.ahorramas.com/cuidado-personal/?pmin=0.01&start=0&sz=18,cuidado personal
ahorramas,Toallitas íntimas desechables Chilly 12 uds delicado fórmula suave,toallitas intimas desechables chilly 12 uds delicado formula suave,3.05,https://www.ahorramas.com/cuidado-personal/?pmin=0.01&start=0&sz=18,cuidado personal
ahorramas,Base de maquillaje Rimmel Lasting Finish 35h 400,base de maquillaje rimmel lasting finish 35h 400,8.95,https://www.ahorramas.com/cuidado-personal/?pmin=0.01&start=0&sz=18,cuidado personal
ahorramas,Maquillaje Rimmel Match Perfection 103,maquillaje rimmel match perfection 103,9.99,https://www.ahorramas.com/cuidado-personal/?pmin=0.01&start=0&sz=18,cuidado personal
ahorramas,Pasta Dental Kemphor 75Ml Fresh,pasta dental kemphor 75ml fresh,2.25,https://www.ahorramas.com/cuidado-personal/?pmin=0.01&start=0&sz=18,cuidado personal
ahorramas,Tinte de cabello Alcántara Brilliant Color nº 6 tabaco,tinte de cabello alcantara brilliant color no 6 tabaco,3.15,https://www.ahorramas.com/cuidado-personal/?pmin=0.01&start=0&sz=18,cuidado personal
ahorramas,Esponja maquillaje Mas Beauty 12 unidades,esponja maquillaje mas beauty 12 unidades,3.99,https://www.ahorramas.com/cuidado-personal/?pmin=0.01&start=0&sz=18,cuidado personal
ahorramas,Agua de perfume Álvarez Gómez 30ml Titanio,agua de perfume alvarez gomez 30ml titanio,2.50,https://www.ahorramas.com/cuidado-personal/?pmin=0.01&start=0&sz=18,cuidado personal
ahorramas,Eau de toilette Caravan mujer 30ml nº3,eau de toilette caravan mujer 30ml no3,3.49,https://www.ahorramas.com/cuidado-personal/?pmin=0.01&start=0&sz=18,cuidado personal
ahorramas,Champú Seco Got2B 200 ml Extra Fresh,champu seco got2b 200 ml extra fresh,4.49,https://www.ahorramas.com/cuidado-personal/?pmin=0.01&start=0&sz=18,cuidado personal
ahorramas,Tampón compact Bodyplus 20 unidades,tampon compact bodyplus 20 unidades,2.55,https://www.ahorramas.com/cuidado-personal/?pmin=0.01&start=0&sz=18,cuidado personal
ahorramas,Hoja Afeitar Universal 2H Bodyplus 10U,hoja afeitar universal 2h bodyplus 10u,1.99,https://www.ahorramas.com/cuidado-personal/?pmin=0.01&start=0&sz=18,cuidado personal
ahorramas,Acondicionador Pro-V Pantene Miracles 160 ml Adión Frizz,acondicionador pro-v pantene miracles 160 ml adion frizz,5.99,https://www.ahorramas.com/cuidado-personal/?pmin=0.01&start=0&sz=18,cuidado personal
ahorramas,Pasta dental Oral-B 75 ml Pro Expert,pasta dental oral-b 75 ml pro expert,2.95,https://www.ahorramas.com/cuidado-personal/?pmin=0.01&start=0&sz=18,cuidado personal
ahorramas,Crema solar Nivea pistola 270ml FPS 50+ niños,crema solar nivea pistola 270ml fps 50+ ninos,15.95,https://www.ahorramas.com/cuidado-personal/?pmin=0.01&start=0&sz=18,cuidado personal
ahorramas,Bruma seca solar Agrado 200 ml FPP50,bruma seca solar agrado 200 ml fpp50,8.99,https://www.ahorramas.com/cuidado-personal/?pmin=0.01&start=0&sz=18,cuidado personal
ahorramas,Termómetro Digital Senti2 Punta Flexible,termometro digital senti2 punta flexible,5.65,https://www.ahorramas.com/cuidado-personal/?pmin=0.01&start=0&sz=18,cuidado personal
ahorramas,Crema masaje Tecsia 100ml,crema masaje tecsia 100ml,6.95,https://www.ahorramas.com/cuidado-personal/?pmin=0.01&start=0&sz=18,cuidado personal
ahorramas,Crema de manos Tabaibaloe 100 ml 2 unidades Aloe Vera,crema de manos tabaibaloe 100 ml 2 unidades aloe vera,3.09,https://www.ahorramas.com/cuidado-personal/?pmin=0.01&start=0&sz=18,cuidado personal
ahorramas,"Crema hidratante Nivea 200 ml Soft Cara, Cuerpo Y Manos","crema hidratante nivea 200 ml soft cara, cuerpo y manos",3.20,https://www.ahorramas.com/cuidado-personal/?pmin=0.01&start=0&sz=18,cuidado personal
ahorramas,Pasta dental Oral-B 75ml protección de encías,pasta dental oral-b 75ml proteccion de encias,4.99,https://www.ahorramas.com/cuidado-personal/?pmin=0.01&start=0&sz=18,cuidado personal
ahorramas,Pasta dental Oral-B 75ml prevención del sarro,pasta dental oral-b 75ml prevencion del sarro,4.99,https://www.ahorramas.com/cuidado-personal/?pmin=0.01&start=0&sz=18,cuidado personal
ahorramas,Desodorante roll-on Sanex Mineral Protect piel 50ml,desodorante roll-on sanex mineral protect piel 50ml,2.35,https://www.ahorramas.com/cuidado-personal/?pmin=0.01&start=0&sz=18,cuidado personal
ahorramas,Aceite facial recino Bioglow 30 ml,aceite facial recino bioglow 30 ml,3.45,https://www.ahorramas.com/cuidado-personal/?pmin=0.01&start=0&sz=18,cuidado personal
ahorramas,Serum facial Olay 30ml super 5 en 1,serum facial olay 30ml super 5 en 1,34.99,https://www.ahorramas.com/cuidado-personal/?pmin=0.01&start=0&sz=18,cuidado personal
ahorramas,Desodorante en crema corporal Dove 75 ml Lavanda,desodorante en crema corporal dove 75 ml lavanda,5.59,https://www.ahorramas.com/cuidado-personal/?pmin=0.01&start=0&sz=18,cuidado personal
ahorramas,Serum iluminador cellular expert filler Nivea 30ml vitamina C,serum iluminador cellular expert filler nivea 30ml vitamina c,16.99,https://www.ahorramas.com/cuidado-personal/?pmin=0.01&start=0&sz=18,cuidado personal
ahorramas,Desodorante en spray Axe All Day fres fragance 200ml gold temptation,desodorante en spray axe all day fres fragance 200ml gold temptation,3.35,https://www.ahorramas.com/cuidado-personal/?pmin=0.01&start=0&sz=18,cuidado personal
ahorramas,Crema facial B7 bella aurora 30 ml piel normal-seca,crema facial b7 bella aurora 30 ml piel normal-seca,18.90,https://www.ahorramas.com/cuidado-personal/?pmin=0.01&start=0&sz=18,cuidado personal
ahorramas,Protegeslip Bodyplus 50 unidades maxi,protegeslip bodyplus 50 unidades maxi,1.88,https://www.ahorramas.com/cuidado-personal/?pmin=0.01&start=0&sz=18,cuidado personal
ahorramas,Crema antirrozaduras Tecsia 100ml Sport,crema antirrozaduras tecsia 100ml sport,6.95,https://www.ahorramas.com/cuidado-personal/?pmin=0.01&start=0&sz=18,cuidado personal
ahorramas,Cera depilatoria microondas Daen 250 gr Rosa Mosqueta,cera depilatoria microondas daen 250 gr rosa mosqueta,6.95,https://www.ahorramas.com/cuidado-personal/?pmin=0.01&start=0&sz=18,cuidado personal
ahorramas,Cepillo dental eléctrico Oral-B pro vitality,cepillo dental electrico oral-b pro vitality,29.95,https://www.ahorramas.com/cuidado-personal/?pmin=0.01&start=0&sz=18,cuidado personal
ahorramas,Leche corporal Natturi 400ml Piel sensible o atópica,leche corporal natturi 400ml piel sensible o atopica,3.99,https://www.ahorramas.com/cuidado-personal/?pmin=0.01&start=0&sz=18,cuidado personal
ahorramas,Desodorante roll-on Sanex Zero% Extra Control protección 48h 50ml,desodorante roll-on sanex zero% extra control proteccion 48h 50ml,2.35,https://www.ahorramas.com/cuidado-personal/?pmin=0.01&start=0&sz=18,cuidado personal
ahorramas,Body milk Nivea 400ml p2 pack ahorro nutritivo 72h,body milk nivea 400ml p2 pack ahorro nutritivo 72h,8.80,https://www.ahorramas.com/cuidado-personal/?pmin=0.01&start=0&sz=18,cuidado personal
ahorramas,Tinte de cabello Alcántara Brilliant Color nº c1 cobre intenso,tinte de cabello alcantara brilliant color no c1 cobre intenso,3.15,https://www.ahorramas.com/cuidado-personal/?pmin=0.01&start=0&sz=18,cuidado personal
ahorramas,Cepillo uñas Mas Beauty,cepillo unas mas beauty,1.99,https://www.ahorramas.com/cuidado-personal/?pmin=0.01&start=0&sz=18,cuidado personal
ahorramas,Maquillaje polvo compacto Rimmel Stay Matte 006,maquillaje polvo compacto rimmel stay matte 006,7.70,https://www.ahorramas.com/cuidado-personal/?pmin=0.01&start=0&sz=18,cuidado personal
ahorramas,Mascarilla FFP2 5 uds Moonoff negra,mascarilla ffp2 5 uds moonoff negra,1.65,https://www.ahorramas.com/cuidado-personal/?pmin=0.01&start=0&sz=18,cuidado personal
ahorramas,Tinte de cabello Alcántara Brilliant Color nº 4.73 chocolate,tinte de cabello alcantara brilliant color no 4.73 chocolate,3.15,https://www.ahorramas.com/cuidado-personal/?pmin=0.01&start=0&sz=18,cuidado personal
ahorramas,Agua de perfume femme Álvarez Gómez 150ml titanio,agua de perfume femme alvarez gomez 150ml titanio,5.95,https://www.ahorramas.com/cuidado-personal/?pmin=0.01&start=0&sz=18,cuidado personal
ahorramas,Desodorante en spray Babaria men 200ml chocolate,desodorante en spray babaria men 200ml chocolate,2.25,https://www.ahorramas.com/cuidado-personal/?pmin=0.01&start=0&sz=18,cuidado personal
ahorramas,Cepillo Dental Bodyplus Ortodoncia,cepillo dental bodyplus ortodoncia,1.80,https://www.ahorramas.com/cuidado-personal/?pmin=0.01&start=0&sz=18,cuidado personal
ahorramas,Eau de toilette Caravan hombre 150ml nº54,eau de toilette caravan hombre 150ml no54,10.95,https://www.ahorramas.com/cuidado-personal/?pmin=0.01&start=0&sz=18,cuidado personal
ahorramas,Eau de toilette Caravan hombre 30ml nº18,eau de toilette caravan hombre 30ml no18,3.49,https://www.ahorramas.com/cuidado-personal/?pmin=0.01&start=0&sz=18,cuidado personal
ahorramas,Colonia arome fleur Caravan 150ml verbena,colonia arome fleur caravan 150ml verbena,5.95,https://www.ahorramas.com/cuidado-personal/?pmin=0.01&start=0&sz=18,cuidado personal
ahorramas,Eau de toilette Caravan hombre 150ml nº60,eau de toilette caravan hombre 150ml no60,10.95,https://www.ahorramas.com/cuidado-personal/?pmin=0.01&start=0&sz=18,cuidado personal
ahorramas,Eau de toilette Caravan hombre 150ml nº14,eau de toilette caravan hombre 150ml no14,10.95,https://www.ahorramas.com/cuidado-personal/?pmin=0.01&start=0&sz=18,cuidado personal
ahorramas,Crema facial Babaria 50ml efecto botox,crema facial babaria 50ml efecto botox,6.49,https://www.ahorramas.com/cuidado-personal/?pmin=0.01&start=0&sz=18,cuidado personal
ahorramas,Eau de toilette Caravan mujer 30ml nº36,eau de toilette caravan mujer 30ml no36,3.49,https://www.ahorramas.com/cuidado-personal/?pmin=0.01&start=0&sz=18,cuidado personal
ahorramas,Eau de toilette Caravan mujer 30ml nº42,eau de toilette caravan mujer 30ml no42,3.49,https://www.ahorramas.com/cuidado-personal/?pmin=0.01&start=0&sz=18,cuidado personal
ahorramas,Eau de toilette Caravan hombre 30ml nº53,eau de toilette caravan hombre 30ml no53,3.49,https://www.ahorramas.com/cuidado-personal/?pmin=0.01&start=0&sz=18,cuidado personal
ahorramas,Eau de toilette Caravan hombre 150ml nº57,eau de toilette caravan hombre 150ml no57,10.95,https://www.ahorramas.com/cuidado-personal/?pmin=0.01&start=0&sz=18,cuidado personal
ahorramas,Eau de toilette Caravan mujer 150ml nº37,eau de toilette caravan mujer 150ml no37,10.95,https://www.ahorramas.com/cuidado-personal/?pmin=0.01&start=0&sz=18,cuidado personal
ahorramas,Toallitas desmaquillantes Diadermine 25 uds con leche hidratante,toallitas desmaquillantes diadermine 25 uds con leche hidratante,2.99,https://www.ahorramas.com/cuidado-personal/?pmin=0.01&start=0&sz=18,cuidado personal
ahorramas,Crema facial de día Diadermine 50ml hidratante nutritiva,crema facial de dia diadermine 50ml hidratante nutritiva,10.49,https://www.ahorramas.com/cuidado-personal/?pmin=0.01&start=0&sz=18,cuidado personal
ahorramas,Toallitas íntimas Bodyplus 16 uds,toallitas intimas bodyplus 16 uds,1.44,https://www.ahorramas.com/cuidado-personal/?pmin=0.01&start=0&sz=18,cuidado personal
ahorramas,Gel de ducha Axe 400ml dark temptation,gel de ducha axe 400ml dark temptation,3.49,https://www.ahorramas.com/cuidado-personal/?pmin=0.01&start=0&sz=18,cuidado personal
ahorramas,Cepillo Dental Bodyplus Sensibilidad,cepillo dental bodyplus sensibilidad,1.30,https://www.ahorramas.com/cuidado-personal/?pmin=0.01&start=0&sz=18,cuidado personal
ahorramas,Eau de toilette Caravan mujer 30ml nº23,eau de toilette caravan mujer 30ml no23,3.49,https://www.ahorramas.com/cuidado-personal/?pmin=0.01&start=0&sz=18,cuidado personal
ahorramas,Eau de toilette Caravan mujer 150ml nº26,eau de toilette caravan mujer 150ml no26,10.95,https://www.ahorramas.com/cuidado-personal/?pmin=0.01&start=0&sz=18,cuidado personal
ahorramas,Paleta De Maquillaje Encanto,paleta de maquillaje encanto,6.99,https://www.ahorramas.com/cuidado-personal/?pmin=0.01&start=0&sz=18,cuidado personal
ahorramas,Estuche regalo The Fruit Company Moras,estuche regalo the fruit company moras,8.50,https://www.ahorramas.com/cuidado-personal/?pmin=0.01&start=0&sz=18,cuidado personal
ahorramas,Compresa Alas Cottonlike Evax 10U Noche Extra,compresa alas cottonlike evax 10u noche extra,3.12,https://www.ahorramas.com/cuidado-personal/?pmin=0.01&start=0&sz=18,cuidado personal
ahorramas,Champú + Gel fijador Giorgi Método Curly Kit Iniciación,champu + gel fijador giorgi metodo curly kit iniciacion,12.75,https://www.ahorramas.com/cuidado-personal/?pmin=0.01&start=0&sz=18,cuidado personal
ahorramas,Perfilador de labio Loose Finish Rimmel 110,perfilador de labio loose finish rimmel 110,6.99,https://www.ahorramas.com/cuidado-personal/?pmin=0.01&start=0&sz=18,cuidado personal
ahorramas,Magnesio+vitamina Naturtierra 90 cápsulas,magnesio+vitamina naturtierra 90 capsulas,3.95,https://www.ahorramas.com/cuidado-personal/?pmin=0.01&start=0&sz=18,cuidado personal
ahorramas,Labial líquido Rimmel Lasting Provocalips 500,labial liquido rimmel lasting provocalips 500,9.99,https://www.ahorramas.com/cuidado-personal/?pmin=0.01&start=0&sz=18,cuidado personal
ahorramas,Maquillaje en polvo compacto Rimmel Stay Matte 006,maquillaje en polvo compacto rimmel stay matte 006,7.70,https://www.ahorramas.com/cuidado-personal/?pmin=0.01&start=0&sz=18,cuidado personal
ahorramas,Tinte de cabello Llongueras Color Advance nº 8 rubio claro,tinte de cabello llongueras color advance no 8 rubio claro,7.49,https://www.ahorramas.com/cuidado-personal/?pmin=0.01&start=0&sz=18,cuidado personal
ahorramas,Tinte de cabello Llongueras Color Advance nº 7.34 rubio dorado,tinte de cabello llongueras color advance no 7.34 rubio dorado,7.49,https://www.ahorramas.com/cuidado-personal/?pmin=0.01&start=0&sz=18,cuidado personal
ahorramas,"Champu Gliss 250ml Oil Nutritive Nutritivo Cabello Muy Seco, Áspero Y Quebradizo","champu gliss 250ml oil nutritive nutritivo cabello muy seco, aspero y quebradizo",3.05,https://www.ahorramas.com/cuidado-personal/?pmin=0.01&start=0&sz=18,cuidado personal
ahorramas,Tinte de cabello sin amoníaco Revlon Colorsilk nº 60 rubio oscuro ceniza,tinte de cabello sin amoniaco revlon colorsilk no 60 rubio oscuro ceniza,3.75,https://www.ahorramas.com/cuidado-personal/?pmin=0.01&start=0&sz=18,cuidado personal
ahorramas,Maquillaje Rimmel Match Perfection 200,maquillaje rimmel match perfection 200,9.99,https://www.ahorramas.com/cuidado-personal/?pmin=0.01&start=0&sz=18,cuidado personal
ahorramas,Maquillaje Rimmel Match Perfection 300,maquillaje rimmel match perfection 300,9.99,https://www.ahorramas.com/cuidado-personal/?pmin=0.01&start=0&sz=18,cuidado personal
ahorramas,Máscara de pestañas Rimmel Scandal'eyes 001 reloaded,mascara de pestanas rimmel scandal'eyes 001 reloaded,5.90,https://www.ahorramas.com/cuidado-personal/?pmin=0.01&start=0&sz=18,cuidado personal
ahorramas,Maquillaje pintauñas Rimmel 60 seconds 340,maquillaje pintaunas rimmel 60 seconds 340,2.25,https://www.ahorramas.com/cuidado-personal/?pmin=0.01&start=0&sz=18,cuidado personal
ahorramas,Agua de Colonia Nike 200ml gold,agua de colonia nike 200ml gold,9.95,https://www.ahorramas.com/cuidado-personal/?pmin=0.01&start=0&sz=18,cuidado personal
ahorramas,Pintauñas Rimmel Super Shine 60 seconds 320,pintaunas rimmel super shine 60 seconds 320,2.25,https://www.ahorramas.com/cuidado-personal/?pmin=0.01&start=0&sz=18,cuidado personal
ahorramas,Pasta dental Oral-B 75ml 2 uds Pro-Repair encías & esmalte,pasta dental oral-b 75ml 2 uds pro-repair encias & esmalte,6.98,https://www.ahorramas.com/cuidado-personal/?pmin=0.01&start=0&sz=18,cuidado personal
ahorramas,Tinte de cabello Schwarzkopf Palette nº 6 rubio oscuro,tinte de cabello schwarzkopf palette no 6 rubio oscuro,4.79,https://www.ahorramas.com/cuidado-personal/?pmin=0.01&start=0&sz=18,cuidado personal
ahorramas,Máquina de depilar desechable Venus pack 3+1 simply,maquina de depilar desechable venus pack 3+1 simply,2.99,https://www.ahorramas.com/cuidado-personal/?pmin=0.01&start=0&sz=18,cuidado personal
ahorramas,Jabón de manos con dosificador Palmolive 300ml leche y almendras,jabon de manos con dosificador palmolive 300ml leche y almendras,2.39,https://www.ahorramas.com/cuidado-personal/?pmin=0.01&start=0&sz=18,cuidado personal
ahorramas,Tinte de cabello sin amoníaco Revlon Colorsilk nº54 castaño claro dorado,tinte de cabello sin amoniaco revlon colorsilk no54 castano claro dorado,3.75,https://www.ahorramas.com/cuidado-personal/?pmin=0.01&start=0&sz=18,cuidado personal
ahorramas,Champú Gliss 250 ml Keratina,champu gliss 250 ml keratina,3.05,https://www.ahorramas.com/cuidado-personal/?pmin=0.01&start=0&sz=18,cuidado personal
ahorramas,Gel de ducha o baño Sanex BiomeProtect Atopiderm Nutri Repair 550ml,gel de ducha o bano sanex biomeprotect atopiderm nutri repair 550ml,4.50,https://www.ahorramas.com/cuidado-personal/?pmin=0.01&start=0&sz=18,cuidado personal
ahorramas,Diadema fina rafia Mas Beauty,diadema fina rafia mas beauty,3.50,https://www.ahorramas.com/cuidado-personal/?pmin=0.01&start=0&sz=18,cuidado personal
ahorramas,Diadema lunares Mas Beauty,diadema lunares mas beauty,2.50,https://www.ahorramas.com/cuidado-personal/?pmin=0.01&start=0&sz=18,cuidado personal
ahorramas,Mascarilla capilar Gliss 4en1 Hidratación 400 ml,mascarilla capilar gliss 4en1 hidratacion 400 ml,6.15,https://www.ahorramas.com/cuidado-personal/?pmin=0.01&start=0&sz=18,cuidado personal
ahorramas,Cortauñas pedicura Mas Beauty,cortaunas pedicura mas beauty,1.99,https://www.ahorramas.com/cuidado-personal/?pmin=0.01&start=0&sz=18,cuidado personal
ahorramas,Base de maquillaje fluido Rimmel Match Perfection 300,base de maquillaje fluido rimmel match perfection 300,9.99,https://www.ahorramas.com/cuidado-personal/?pmin=0.01&start=0&sz=18,cuidado personal
ahorramas,Corrector facial en barra Rimmel Hide Blemish 004,corrector facial en barra rimmel hide blemish 004,5.99,https://www.ahorramas.com/cuidado-personal/?pmin=0.01&start=0&sz=18,cuidado personal
ahorramas,Maquillaje pintalabios Rimmel Lasting Finish mate 145,maquillaje pintalabios rimmel lasting finish mate 145,8.99,https://www.ahorramas.com/cuidado-personal/?pmin=0.01&start=0&sz=18,cuidado personal
ahorramas,Colágeno hidrolizado forte Distintivo Natural 20uds,colageno hidrolizado forte distintivo natural 20uds,6.95,https://www.ahorramas.com/cuidado-personal/?pmin=0.01&start=0&sz=18,cuidado personal
ahorramas,Maquillaje en polvo compacto Rimmel Stay Matte 005,maquillaje en polvo compacto rimmel stay matte 005,7.70,https://www.ahorramas.com/cuidado-personal/?pmin=0.01&start=0&sz=18,cuidado personal
ahorramas,Maquillaje Pintalabios Rimmel Lasting Provocalips 410,maquillaje pintalabios rimmel lasting provocalips 410,9.99,https://www.ahorramas.com/cuidado-personal/?pmin=0.01&start=0&sz=18,cuidado personal
ahorramas,Gotas hidratantes para los ojos Senti2 10 ml,gotas hidratantes para los ojos senti2 10 ml,5.50,https://www.ahorramas.com/cuidado-personal/?pmin=0.01&start=0&sz=18,cuidado personal
ahorramas,Crema corporal Nivea lata 150ml para todo tipo de piel,crema corporal nivea lata 150ml para todo tipo de piel,3.30,https://www.ahorramas.com/cuidado-personal/?pmin=0.01&start=0&sz=18,cuidado personal
ahorramas,Estuche agua perfumada Álvarez Gómez Titanio,estuche agua perfumada alvarez gomez titanio,9.95,https://www.ahorramas.com/cuidado-personal/?pmin=0.01&start=0&sz=18,cuidado personal
ahorramas,Eau de toilette Caravan mujer 30ml nº28,eau de toilette caravan mujer 30ml no28,3.49,https://www.ahorramas.com/cuidado-personal/?pmin=0.01&start=0&sz=18,cuidado personal
ahorramas,Eau de toilette Caravan hombre 30ml nº11,eau de toilette caravan hombre 30ml no11,3.49,https://www.ahorramas.com/cuidado-personal/?pmin=0.01&start=0&sz=18,cuidado personal
ahorramas,Eau de toilette Caravan mujer 30ml nº80,eau de toilette caravan mujer 30ml no80,3.49,https://www.ahorramas.com/cuidado-personal/?pmin=0.01&start=0&sz=18,cuidado personal
ahorramas,Mascarilla capilar Pro-V Miracles Pantene 300 ml Hidratación intensiva,mascarilla capilar pro-v miracles pantene 300 ml hidratacion intensiva,9.99,https://www.ahorramas.com/cuidado-personal/?pmin=0.01&start=0&sz=18,cuidado personal
ahorramas,Neceser Nivea Women Gympack,neceser nivea women gympack,13.99,https://www.ahorramas.com/cuidado-personal/?pmin=0.01&start=0&sz=18,cuidado personal
ahorramas,Cera peinado Llongueras 85 ml Men Advance,cera peinado llongueras 85 ml men advance,5.99,https://www.ahorramas.com/cuidado-personal/?pmin=0.01&start=0&sz=18,cuidado personal
ahorramas,Bruma seca solar SPF50+ kids Agrado 200ml,bruma seca solar spf50+ kids agrado 200ml,10.49,https://www.ahorramas.com/cuidado-personal/?pmin=0.01&start=0&sz=18,cuidado personal
ahorramas,Piedra pomez Yap,piedra pomez yap,1.99,https://www.ahorramas.com/cuidado-personal/?pmin=0.01&start=0&sz=18,cuidado personal
ahorramas,Sérum facial ácido hialurónico Bodyplus 30 ml,serum facial acido hialuronico bodyplus 30 ml,5.99,https://www.ahorramas.com/cuidado-personal/?pmin=0.01&start=0&sz=18,cuidado personal
ahorramas,Gel Ducha The Fruit Company 600 ml Fresa Y Nata,gel ducha the fruit company 600 ml fresa y nata,2.25,https://www.ahorramas.com/cuidado-personal/?pmin=0.01&start=0&sz=18,cuidado personal
ahorramas,Esponja Bluey Suavipiel Infantil,esponja bluey suavipiel infantil,2.00,https://www.ahorramas.com/cuidado-personal/?pmin=0.01&start=0&sz=18,cuidado personal
ahorramas,Jabón en pastilla Lixoné 125g pack-3 con glicerina para piel sensible,jabon en pastilla lixone 125g pack-3 con glicerina para piel sensible,3.30,https://www.ahorramas.com/cuidado-personal/?pmin=0.01&start=0&sz=18,cuidado personal
ahorramas,Crema facial Tabaibaloe 100 ml Multi Effect con FPS +15,crema facial tabaibaloe 100 ml multi effect con fps +15,4.99,https://www.ahorramas.com/cuidado-personal/?pmin=0.01&start=0&sz=18,cuidado personal
ahorramas,Mascarilla capilar colorstay revlon 125ml semipermanente platino,mascarilla capilar colorstay revlon 125ml semipermanente platino,6.99,https://www.ahorramas.com/cuidado-personal/?pmin=0.01&start=0&sz=18,cuidado personal
ahorramas,Quitagranos Mas Beauty 4 unidades,quitagranos mas beauty 4 unidades,3.50,https://www.ahorramas.com/cuidado-personal/?pmin=0.01&start=0&sz=18,cuidado personal
ahorramas,Alicate manicura Mas Beauty,alicate manicura mas beauty,4.90,https://www.ahorramas.com/cuidado-personal/?pmin=0.01&start=0&sz=18,cuidado personal
ahorramas,Body milk q10 Nivea 400 ml reafirmante vitamina c piel normal,body milk q10 nivea 400 ml reafirmante vitamina c piel normal,6.25,https://www.ahorramas.com/cuidado-personal/?pmin=0.01&start=0&sz=18,cuidado personal
ahorramas,Gel de ducha Sanex cuidado experto+ atopiderm nutri repair 600 ml,gel de ducha sanex cuidado experto+ atopiderm nutri repair 600 ml,4.50,https://www.ahorramas.com/cuidado-personal/?pmin=0.01&start=0&sz=18,cuidado personal
ahorramas,Quitaesmalte Bodyplus 200ml sin acetona,quitaesmalte bodyplus 200ml sin acetona,1.30,https://www.ahorramas.com/cuidado-personal/?pmin=0.01&start=0&sz=18,cuidado personal
ahorramas,Body milk Nivea 400 ml manteca de karité piel seca,body milk nivea 400 ml manteca de karite piel seca,5.30,https://www.ahorramas.com/cuidado-personal/?pmin=0.01&start=0&sz=18,cuidado personal
ahorramas,Crema facial Instituto Español 75ml piel atópica extra hidratante,crema facial instituto espanol 75ml piel atopica extra hidratante,4.50,https://www.ahorramas.com/cuidado-personal/?pmin=0.01&start=0&sz=18,cuidado personal
ahorramas,Bálsamo labial stick Carmex 4.25g fresa f15,balsamo labial stick carmex 4.25g fresa f15,3.99,https://www.ahorramas.com/cuidado-personal/?pmin=0.01&start=0&sz=18,cuidado personal
ahorramas,Pasta dental Paradontax 75 ml y cepillo,pasta dental paradontax 75 ml y cepillo,5.49,https://www.ahorramas.com/cuidado-personal/?pmin=0.01&start=0&sz=18,cuidado personal
ahorramas,Desodorante en crema Rexona men 45ml clean scent antitranspirante,desodorante en crema rexona men 45ml clean scent antitranspirante,5.15,https://www.ahorramas.com/cuidado-personal/?pmin=0.01&start=0&sz=18,cuidado personal
ahorramas,Mascarilla capilar Herbal Essences 500ml hidrata aroma a coco,mascarilla capilar herbal essences 500ml hidrata aroma a coco,9.49,https://www.ahorramas.com/cuidado-personal/?pmin=0.01&start=0&sz=18,cuidado personal
ahorramas,Champú tresemmé 685ml Kératina+acondicionador 400ml,champu tresemme 685ml keratina+acondicionador 400ml,6.99,https://www.ahorramas.com/cuidado-personal/?pmin=0.01&start=0&sz=18,cuidado personal
ahorramas,Desodorante antitranspirante pies Agrado 150ml,desodorante antitranspirante pies agrado 150ml,2.00,https://www.ahorramas.com/cuidado-personal/?pmin=0.01&start=0&sz=18,cuidado personal
ahorramas,Champú Kerzo 400ml anticaída fortificante,champu kerzo 400ml anticaida fortificante,3.99,https://www.ahorramas.com/cuidado-personal/?pmin=0.01&start=0&sz=18,cuidado personal
ahorramas,Crema hidratante pies Agrado 125ml,crema hidratante pies agrado 125ml,1.50,https://www.ahorramas.com/cuidado-personal/?pmin=0.01&start=0&sz=18,cuidado personal
ahorramas,Desodorante roll.on Natturu 75 ml Dermatopic,desodorante roll.on natturu 75 ml dermatopic,1.99,https://www.ahorramas.com/cuidado-personal/?pmin=0.01&start=0&sz=18,cuidado personal
ahorramas,Tinte de cabello Alcántara Brilliant Color nº 11.3 oro,tinte de cabello alcantara brilliant color no 11.3 oro,3.15,https://www.ahorramas.com/cuidado-personal/?pmin=0.01&start=0&sz=18,cuidado personal
ahorramas,Tinte de cabello Alcántara Brilliant Color nº 7.3 sherry,tinte de cabello alcantara brilliant color no 7.3 sherry,3.15,https://www.ahorramas.com/cuidado-personal/?pmin=0.01&start=0&sz=18,cuidado personal
ahorramas,Tinte de cabello sin amoníaco Revlon Colorsilk nº 003 ultra claro brillante,tinte de cabello sin amoniaco revlon colorsilk no 003 ultra claro brillante,3.75,https://www.ahorramas.com/cuidado-personal/?pmin=0.01&start=0&sz=18,cuidado personal
ahorramas,Tinte Para El Cabello Revlon Colorstay Nº 6 Rubio Oscuro,tinte para el cabello revlon colorstay no 6 rubio oscuro,4.99,https://www.ahorramas.com/cuidado-personal/?pmin=0.01&start=0&sz=18,cuidado personal
ahorramas,Body milk Nivea 400ml con aceite de oliva para piel seca,body milk nivea 400ml con aceite de oliva para piel seca,4.49,https://www.ahorramas.com/cuidado-personal/?pmin=0.01&start=0&sz=18,cuidado personal
ahorramas,Crema corporal Nivea tarro 300ml con aceite de oliva para piel seca,crema corporal nivea tarro 300ml con aceite de oliva para piel seca,3.99,https://www.ahorramas.com/cuidado-personal/?pmin=0.01&start=0&sz=18,cuidado personal
ahorramas,Body milk Dove 400ml para piel seca,body milk dove 400ml para piel seca,4.99,https://www.ahorramas.com/cuidado-personal/?pmin=0.01&start=0&sz=18,cuidado personal
ahorramas,Agua micelar Nivea 400 ml 5 en 1,agua micelar nivea 400 ml 5 en 1,4.80,https://www.ahorramas.com/cuidado-personal/?pmin=0.01&start=0&sz=18,cuidado personal
ahorramas,Máquina de afeitar Gillette fusion 5,maquina de afeitar gillette fusion 5,9.99,https://www.ahorramas.com/cuidado-personal/?pmin=0.01&start=0&sz=18,cuidado personal
ahorramas,Lápiz de ojos Rimmel Scandal'eyes 24h 003 brown,lapiz de ojos rimmel scandal'eyes 24h 003 brown,9.45,https://www.ahorramas.com/cuidado-personal/?pmin=0.01&start=0&sz=18,cuidado personal
ahorramas,Máscara de pestañas Rimmel Scandaleyes volume 001,mascara de pestanas rimmel scandaleyes volume 001,10.79,https://www.ahorramas.com/cuidado-personal/?pmin=0.01&start=0&sz=18,cuidado personal
ahorramas,Maquina Desechable Hombre Mango De Goma 2H Bodyplus 10 Unidades,maquina desechable hombre mango de goma 2h bodyplus 10 unidades,1.95,https://www.ahorramas.com/cuidado-personal/?pmin=0.01&start=0&sz=18,cuidado personal
ahorramas,Mascara para cejas Rimmel Wonder`last medi 003,mascara para cejas rimmel wonder`last medi 003,10.79,https://www.ahorramas.com/cuidado-personal/?pmin=0.01&start=0&sz=18,cuidado personal
ahorramas,Máscara de pestañas Rimmel Thrill Seeker,mascara de pestanas rimmel thrill seeker,11.15,https://www.ahorramas.com/cuidado-personal/?pmin=0.01&start=0&sz=18,cuidado personal
ahorramas,Sistema Afeitado Recambio 5Hojas Bodyplus 4 Unidades,sistema afeitado recambio 5hojas bodyplus 4 unidades,4.40,https://www.ahorramas.com/cuidado-personal/?pmin=0.01&start=0&sz=18,cuidado personal
ahorramas,Eau de toilette Caravan mujer 150ml nº43,eau de toilette caravan mujer 150ml no43,10.95,https://www.ahorramas.com/cuidado-personal/?pmin=0.01&start=0&sz=18,cuidado personal
ahorramas,Eau de toilette Caravan hombre 150ml nº61,eau de toilette caravan hombre 150ml no61,10.95,https://www.ahorramas.com/cuidado-personal/?pmin=0.01&start=0&sz=18,cuidado personal
ahorramas,Eau de toilette Caravan mujer 150ml nº82,eau de toilette caravan mujer 150ml no82,10.95,https://www.ahorramas.com/cuidado-personal/?pmin=0.01&start=0&sz=18,cuidado personal
ahorramas,Colonia coquette 200ml tropical,colonia coquette 200ml tropical,2.95,https://www.ahorramas.com/cuidado-personal/?pmin=0.01&start=0&sz=18,cuidado personal
ahorramas,Maquillaje delineador de ojos Rimmel Wonder'swipe 012,maquillaje delineador de ojos rimmel wonder'swipe 012,10.00,https://www.ahorramas.com/cuidado-personal/?pmin=0.01&start=0&sz=18,cuidado personal
ahorramas,Crema facial Bella Aurora 30ml doble fuerza original,crema facial bella aurora 30ml doble fuerza original,11.50,https://www.ahorramas.com/cuidado-personal/?pmin=0.01&start=0&sz=18,cuidado personal
ahorramas,Eau de toilette Caravan mujer 30ml nº24,eau de toilette caravan mujer 30ml no24,3.49,https://www.ahorramas.com/cuidado-personal/?pmin=0.01&start=0&sz=18,cuidado personal
ahorramas,Eau de toilette Caravan mujer 150ml nº45,eau de toilette caravan mujer 150ml no45,10.95,https://www.ahorramas.com/cuidado-personal/?pmin=0.01&start=0&sz=18,cuidado personal
ahorramas,Eau de toilette Caravan mujer 150ml nº3,eau de toilette caravan mujer 150ml no3,10.95,https://www.ahorramas.com/cuidado-personal/?pmin=0.01&start=0&sz=18,cuidado personal
ahorramas,Eau de toilette Caravan mujer 150ml nº27,eau de toilette caravan mujer 150ml no27,10.95,https://www.ahorramas.com/cuidado-personal/?pmin=0.01&start=0&sz=18,cuidado personal
ahorramas,Figura Distintivo Natural 90g forte,figura distintivo natural 90g forte,6.95,https://www.ahorramas.com/cuidado-personal/?pmin=0.01&start=0&sz=18,cuidado personal
ahorramas,Lápiz de ojos Rimmel Scandal'eyes 24h 005 nude,lapiz de ojos rimmel scandal'eyes 24h 005 nude,9.45,https://www.ahorramas.com/cuidado-personal/?pmin=0.01&start=0&sz=18,cuidado personal
ahorramas,Tinte de cabello Alcántara Brilliant Color nº 1 negro,tinte de cabello alcantara brilliant color no 1 negro,3.15,https://www.ahorramas.com/cuidado-personal/?pmin=0.01&start=0&sz=18,cuidado personal
ahorramas,Gel frío Babaria 150ml para pies y piernas cansadas con aloe vera,gel frio babaria 150ml para pies y piernas cansadas con aloe vera,2.35,https://www.ahorramas.com/cuidado-personal/?pmin=0.01&start=0&sz=18,cuidado personal
ahorramas,Gel dental Bodyplus 100ml accion total,gel dental bodyplus 100ml accion total,1.29,https://www.ahorramas.com/cuidado-personal/?pmin=0.01&start=0&sz=18,cuidado personal
ahorramas,Eau de toilette Caravan mujer 30ml nº7,eau de toilette caravan mujer 30ml no7,3.49,https://www.ahorramas.com/cuidado-personal/?pmin=0.01&start=0&sz=18,cuidado personal
ahorramas,Colonia coquette 200ml verbena,colonia coquette 200ml verbena,2.95,https://www.ahorramas.com/cuidado-personal/?pmin=0.01&start=0&sz=18,cuidado personal
ahorramas,Eau de toilette Caravan mujer 150ml nº47,eau de toilette caravan mujer 150ml no47,10.95,https://www.ahorramas.com/cuidado-personal/?pmin=0.01&start=0&sz=18,cuidado personal
ahorramas,Eau de toilette Caravan mujer 150ml nº30,eau de toilette caravan mujer 150ml no30,10.95,https://www.ahorramas.com/cuidado-personal/?pmin=0.01&start=0&sz=18,cuidado personal
ahorramas,Eau de toilette Caravan mujer 150ml nº36,eau de toilette caravan mujer 150ml no36,10.95,https://www.ahorramas.com/cuidado-personal/?pmin=0.01&start=0&sz=18,cuidado personal
ahorramas,Estuche de colonia fresa nata The Fruit Company,estuche de colonia fresa nata the fruit company,8.50,https://www.ahorramas.com/cuidado-personal/?pmin=0.01&start=0&sz=18,cuidado personal
ahorramas,Preservativos Durex 12 uds natural,preservativos durex 12 uds natural,7.25,https://www.ahorramas.com/cuidado-personal/?pmin=0.01&start=0&sz=18,cuidado personal
ahorramas,Preservativos Durex 12 uds sensitivo suave y fino extralubricado,preservativos durex 12 uds sensitivo suave y fino extralubricado,8.25,https://www.ahorramas.com/cuidado-personal/?pmin=0.01&start=0&sz=18,cuidado personal
ahorramas,Compresa fina y segura Evax 13 uds maxi super,compresa fina y segura evax 13 uds maxi super,1.63,https://www.ahorramas.com/cuidado-personal/?pmin=0.01&start=0&sz=18,cuidado personal
ahorramas,Compresas con alas Evax fina y segura 12 uds normal,compresas con alas evax fina y segura 12 uds normal,1.54,https://www.ahorramas.com/cuidado-personal/?pmin=0.01&start=0&sz=18,cuidado personal
ahorramas,Cola de caballo Vive+ 50 cápsulas,cola de caballo vive+ 50 capsulas,4.75,https://www.ahorramas.com/cuidado-personal/?pmin=0.01&start=0&sz=18,cuidado personal
ahorramas,Gel fijador Giorgi cabello 170 ml control total,gel fijador giorgi cabello 170 ml control total,2.95,https://www.ahorramas.com/cuidado-personal/?pmin=0.01&start=0&sz=18,cuidado personal
ahorramas,Champu Gliss 250ml Aqua Revive Hidratante Cabello Normal O Seco,champu gliss 250ml aqua revive hidratante cabello normal o seco,3.05,https://www.ahorramas.com/cuidado-personal/?pmin=0.01&start=0&sz=18,cuidado personal
ahorramas,Pintalabios líquido Rimmel Lasting Mega 16h 200,pintalabios liquido rimmel lasting mega 16h 200,11.19,https://www.ahorramas.com/cuidado-personal/?pmin=0.01&start=0&sz=18,cuidado personal
ahorramas,Maquillaje polvo compacto Rimmel Stay Matte 008,maquillaje polvo compacto rimmel stay matte 008,7.70,https://www.ahorramas.com/cuidado-personal/?pmin=0.01&start=0&sz=18,cuidado personal
ahorramas,Perfilador de labio Loose Finish Rimmel 850,perfilador de labio loose finish rimmel 850,6.99,https://www.ahorramas.com/cuidado-personal/?pmin=0.01&start=0&sz=18,cuidado personal
ahorramas,Valeriana Naturcesta complex 90 comprimidos,valeriana naturcesta complex 90 comprimidos,6.55,https://www.ahorramas.com/cuidado-personal/?pmin=0.01&start=0&sz=18,cuidado personal
ahorramas,Mascarilla capilar Pro-V Pantene 160 ml Hidra,mascarilla capilar pro-v pantene 160 ml hidra,4.99,https://www.ahorramas.com/cuidado-personal/?pmin=0.01&start=0&sz=18,cuidado personal
ahorramas,Kit dental Pierrot viaje,kit dental pierrot viaje,3.75,https://www.ahorramas.com/cuidado-personal/?pmin=0.01&start=0&sz=18,cuidado personal
ahorramas,Maquillaje Pintalabios Rimmel Lasting Provocalips 310,maquillaje pintalabios rimmel lasting provocalips 310,9.99,https://www.ahorramas.com/cuidado-personal/?pmin=0.01&start=0&sz=18,cuidado personal
ahorramas,Pintalabios Rimmel Lasting Provocalips 500,pintalabios rimmel lasting provocalips 500,9.99,https://www.ahorramas.com/cuidado-personal/?pmin=0.01&start=0&sz=18,cuidado personal
ahorramas,Tinte para el cabello Revlon Nº1 Negro,tinte para el cabello revlon no1 negro,4.99,https://www.ahorramas.com/cuidado-personal/?pmin=0.01&start=0&sz=18,cuidado personal
ahorramas,Maquillaje pintauñas Rimmel 60 seconds 320,maquillaje pintaunas rimmel 60 seconds 320,2.25,https://www.ahorramas.com/cuidado-personal/?pmin=0.01&start=0&sz=18,cuidado personal
ahorramas,Crema de manos Nivea 100ml aloe vera calmante,crema de manos nivea 100ml aloe vera calmante,2.30,https://www.ahorramas.com/cuidado-personal/?pmin=0.01&start=0&sz=18,cuidado personal
ahorramas,Corrector facial Multitasker Rimmel 030,corrector facial multitasker rimmel 030,6.95,https://www.ahorramas.com/cuidado-personal/?pmin=0.01&start=0&sz=18,cuidado personal
ahorramas,Maquillaje pintalabios Rimmel Lasting Finish mate 230,maquillaje pintalabios rimmel lasting finish mate 230,8.99,https://www.ahorramas.com/cuidado-personal/?pmin=0.01&start=0&sz=18,cuidado personal
ahorramas,Eau de toilette kids Saphir 100ml pink,eau de toilette kids saphir 100ml pink,5.89,https://www.ahorramas.com/cuidado-personal/?pmin=0.01&start=0&sz=18,cuidado personal
ahorramas,Agua de Colonia Nike 200ml índigo,agua de colonia nike 200ml indigo,9.95,https://www.ahorramas.com/cuidado-personal/?pmin=0.01&start=0&sz=18,cuidado personal
ahorramas,Tinte de cabello Schwarzkopf Palette nº 1 negro,tinte de cabello schwarzkopf palette no 1 negro,4.79,https://www.ahorramas.com/cuidado-personal/?pmin=0.01&start=0&sz=18,cuidado personal
ahorramas,Crema facial Noche Nivea 50 ml Antiarrugas Revitalizante Fp15 +55,crema facial noche nivea 50 ml antiarrugas revitalizante fp15 +55,6.95,https://www.ahorramas.com/cuidado-personal/?pmin=0.01&start=0&sz=18,cuidado personal
ahorramas,Enjuague bucal sin alcohol suave Listerine 500ml mentol,enjuague bucal sin alcohol suave listerine 500ml mentol,5.35,https://www.ahorramas.com/cuidado-personal/?pmin=0.01&start=0&sz=18,cuidado personal
ahorramas,Tinte de cabello Llongueras Color Advance nº 5.6 caoba,tinte de cabello llongueras color advance no 5.6 caoba,7.49,https://www.ahorramas.com/cuidado-personal/?pmin=0.01&start=0&sz=18,cuidado personal
ahorramas,Eau de toilette kids Saphir 300ml pink,eau de toilette kids saphir 300ml pink,5.95,https://www.ahorramas.com/cuidado-personal/?pmin=0.01&start=0&sz=18,cuidado personal
ahorramas,Eau de toilette kids Saphir kids 100ml blue,eau de toilette kids saphir kids 100ml blue,5.89,https://www.ahorramas.com/cuidado-personal/?pmin=0.01&start=0&sz=18,cuidado personal
ahorramas,Mascarilla capilar alisadora Gliss 200ml 7 segundos,mascarilla capilar alisadora gliss 200ml 7 segundos,7.49,https://www.ahorramas.com/cuidado-personal/?pmin=0.01&start=0&sz=18,cuidado personal
ahorramas,Corta uñas manicura Mas Beauty,corta unas manicura mas beauty,1.75,https://www.ahorramas.com/cuidado-personal/?pmin=0.01&start=0&sz=18,cuidado personal
ahorramas,Cepillo masaje-emulsión Mas Beauty,cepillo masaje-emulsion mas beauty,2.99,https://www.ahorramas.com/cuidado-personal/?pmin=0.01&start=0&sz=18,cuidado personal
ahorramas,Pinza soft ovalada Mas Beauty,pinza soft ovalada mas beauty,1.75,https://www.ahorramas.com/cuidado-personal/?pmin=0.01&start=0&sz=18,cuidado personal
ahorramas,Espejo con ventosa Mas Beauty Yap,espejo con ventosa mas beauty yap,2.99,https://www.ahorramas.com/cuidado-personal/?pmin=0.01&start=0&sz=18,cuidado personal
ahorramas,Piernas mas ligeras Vive+ 12u,piernas mas ligeras vive+ 12u,6.95,https://www.ahorramas.com/cuidado-personal/?pmin=0.01&start=0&sz=18,cuidado personal
ahorramas,Tinte de cabello Alcántara Brilliant Color nº 8.63 ámbar,tinte de cabello alcantara brilliant color no 8.63 ambar,3.15,https://www.ahorramas.com/cuidado-personal/?pmin=0.01&start=0&sz=18,cuidado personal
ahorramas,Hielo Eurofrío bolsa 2kg,hielo eurofrio bolsa 2kg,0.85,https://www.ahorramas.com/congelados/?pmin=0.01&start=0&sz=20,congelados
ahorramas,Mezcla de pimientos rojos y verdes Alipende 450g,mezcla de pimientos rojos y verdes alipende 450g,1.31,https://www.ahorramas.com/congelados/?pmin=0.01&start=0&sz=20,congelados
ahorramas,Cebolla Alipende 450g troceada,cebolla alipende 450g troceada,1.04,https://www.ahorramas.com/congelados/?pmin=0.01&start=0&sz=20,congelados
ahorramas,Helado super bombón mini Alipende 8uds,helado super bombon mini alipende 8uds,2.50,https://www.ahorramas.com/congelados/?pmin=0.01&start=0&sz=20,congelados
ahorramas,Patatas fritas Alipende 1kg tradicional,patatas fritas alipende 1kg tradicional,1.93,https://www.ahorramas.com/congelados/?pmin=0.01&start=0&sz=20,congelados
ahorramas,Filete de merluza del cabo A&R 540 gr sin piel,filete de merluza del cabo a&r 540 gr sin piel,4.69,https://www.ahorramas.com/congelados/?pmin=0.01&start=0&sz=20,congelados
ahorramas,Arándanos congelados Cn 300g,arandanos congelados cn 300g,2.15,https://www.ahorramas.com/congelados/?pmin=0.01&start=0&sz=20,congelados
ahorramas,Mezcla verduras Alipende brócoli coliflor zanahoria 1kg,mezcla verduras alipende brocoli coliflor zanahoria 1kg,2.08,https://www.ahorramas.com/congelados/?pmin=0.01&start=0&sz=20,congelados
ahorramas,Arroz 5 delicias Alipende 1K,arroz 5 delicias alipende 1k,2.85,https://www.ahorramas.com/congelados/?pmin=0.01&start=0&sz=20,congelados
ahorramas,Rabas empanadas Antonio y Ricardo 400gr,rabas empanadas antonio y ricardo 400gr,3.40,https://www.ahorramas.com/congelados/?pmin=0.01&start=0&sz=20,congelados
ahorramas,Patatas fritas Alipende 1kg corte fino,patatas fritas alipende 1kg corte fino,1.93,https://www.ahorramas.com/congelados/?pmin=0.01&start=0&sz=20,congelados
ahorramas,Judías verdes Alipende 1kg planas,judias verdes alipende 1kg planas,1.75,https://www.ahorramas.com/congelados/?pmin=0.01&start=0&sz=20,congelados
ahorramas,Hielo Cubers premium agua purificada 2kg,hielo cubers premium agua purificada 2kg,1.00,https://www.ahorramas.com/congelados/?pmin=0.01&start=0&sz=20,congelados
ahorramas,Ajo Alipende 200g troceado,ajo alipende 200g troceado,1.55,https://www.ahorramas.com/congelados/?pmin=0.01&start=0&sz=20,congelados
ahorramas,Helado Magnum mini 6+2 uds,helado magnum mini 6+2 uds,4.99,https://www.ahorramas.com/congelados/?pmin=0.01&start=0&sz=20,congelados
ahorramas,Helado bombón Alipende 6 uds crocanti,helado bombon alipende 6 uds crocanti,2.55,https://www.ahorramas.com/congelados/?pmin=0.01&start=0&sz=20,congelados
ahorramas,Helado bombón Magnum 3+1 uds almendra,helado bombon magnum 3+1 uds almendra,2.99,https://www.ahorramas.com/congelados/?pmin=0.01&start=0&sz=20,congelados
ahorramas,Helado sandwich Alipende 6 uds nata,helado sandwich alipende 6 uds nata,1.95,https://www.ahorramas.com/congelados/?pmin=0.01&start=0&sz=20,congelados
ahorramas,Nuggets de pollo Alipende 400g,nuggets de pollo alipende 400g,2.19,https://www.ahorramas.com/congelados/?pmin=0.01&start=0&sz=20,congelados
ahorramas,Helado cono Alipende 6 uds nata y fresa,helado cono alipende 6 uds nata y fresa,2.55,https://www.ahorramas.com/congelados/?pmin=0.01&start=0&sz=20,congelados
ahorramas,Merluza Empanada Alipende 510G,merluza empanada alipende 510g,3.99,https://www.ahorramas.com/congelados/?pmin=0.01&start=0&sz=20,congelados
ahorramas,Pan Pacfren 4 uds precocido,pan pacfren 4 uds precocido,1.45,https://www.ahorramas.com/congelados/?pmin=0.01&start=0&sz=20,congelados
ahorramas,Fresas enteras congeladas,fresas enteras congeladas,1.90,https://www.ahorramas.com/congelados/?pmin=0.01&start=0&sz=20,congelados
ahorramas,Pizza fina Alipende 375g 6 quesos,pizza fina alipende 375g 6 quesos,2.79,https://www.ahorramas.com/congelados/?pmin=0.01&start=0&sz=20,congelados
ahorramas,Helado super sandwich Alipende 4 uds cookies,helado super sandwich alipende 4 uds cookies,3.75,https://www.ahorramas.com/congelados/?pmin=0.01&start=0&sz=20,congelados
ahorramas,Salmón en porciones con piel 250g,salmon en porciones con piel 250g,5.99,https://www.ahorramas.com/congelados/?pmin=0.01&start=0&sz=20,congelados
ahorramas,Helado cono Alipende tarta queso 4 uds,helado cono alipende tarta queso 4 uds,2.55,https://www.ahorramas.com/congelados/?pmin=0.01&start=0&sz=20,congelados
ahorramas,Helado cono Alipende 6 uds vainilla y chocolate,helado cono alipende 6 uds vainilla y chocolate,2.55,https://www.ahorramas.com/congelados/?pmin=0.01&start=0&sz=20,congelados
ahorramas,Helado Cornetto frigo 4u Classico,helado cornetto frigo 4u classico,2.99,https://www.ahorramas.com/congelados/?pmin=0.01&start=0&sz=20,congelados
ahorramas,Helado sandwich Alipende 690ml 6 uds vainila choco,helado sandwich alipende 690ml 6 uds vainila choco,2.10,https://www.ahorramas.com/congelados/?pmin=0.01&start=0&sz=20,congelados
ahorramas,Empanadilla Alipende 500g atún,empanadilla alipende 500g atun,2.00,https://www.ahorramas.com/congelados/?pmin=0.01&start=0&sz=20,congelados
ahorramas,Gamba pelada Antonio y Ricardo 375g 90/110 unidades,gamba pelada antonio y ricardo 375g 90/110 unidades,5.50,https://www.ahorramas.com/congelados/?pmin=0.01&start=0&sz=20,congelados
ahorramas,Helado maxibon Nestle mini nata 6 uds,helado maxibon nestle mini nata 6 uds,3.99,https://www.ahorramas.com/congelados/?pmin=0.01&start=0&sz=20,congelados
ahorramas,Croquetas Alipende 400g jamón ibérico,croquetas alipende 400g jamon iberico,2.40,https://www.ahorramas.com/congelados/?pmin=0.01&start=0&sz=20,congelados
ahorramas,Helado cono Alipende 6 uds nata y trufa,helado cono alipende 6 uds nata y trufa,2.55,https://www.ahorramas.com/congelados/?pmin=0.01&start=0&sz=20,congelados
ahorramas,Polos Alipende 8 uds limón y naranja,polos alipende 8 uds limon y naranja,1.99,https://www.ahorramas.com/congelados/?pmin=0.01&start=0&sz=20,congelados
ahorramas,Helado Magnum almendrado mini 6 uds,helado magnum almendrado mini 6 uds,4.99,https://www.ahorramas.com/congelados/?pmin=0.01&start=0&sz=20,congelados
ahorramas,Helado bombón mini sin azúcares añadidos Alipende 8 uds,helado bombon mini sin azucares anadidos alipende 8 uds,3.40,https://www.ahorramas.com/congelados/?pmin=0.01&start=0&sz=20,congelados
ahorramas,Pizza fina Alipende 375g pollo y bacon,pizza fina alipende 375g pollo y bacon,2.79,https://www.ahorramas.com/congelados/?pmin=0.01&start=0&sz=20,congelados
ahorramas,Espinacas en hoja Alipende 1kg en porciones,espinacas en hoja alipende 1kg en porciones,1.83,https://www.ahorramas.com/congelados/?pmin=0.01&start=0&sz=20,congelados
ahorramas,Hielo Hieloblasco bolsa 2kg picado,hielo hieloblasco bolsa 2kg picado,1.30,https://www.ahorramas.com/congelados/?pmin=0.01&start=0&sz=20,congelados
ahorramas,Ensaladilla Alipende 1kg,ensaladilla alipende 1kg,1.36,https://www.ahorramas.com/congelados/?pmin=0.01&start=0&sz=20,congelados
ahorramas,Guisantes Alipende 1kg finos,guisantes alipende 1kg finos,1.65,https://www.ahorramas.com/congelados/?pmin=0.01&start=0&sz=20,congelados
ahorramas,Kebab Ozturk 250g pollo,kebab ozturk 250g pollo,3.89,https://www.ahorramas.com/congelados/?pmin=0.01&start=0&sz=20,congelados
ahorramas,Bases de pizza La Cocinera pack 4,bases de pizza la cocinera pack 4,3.79,https://www.ahorramas.com/congelados/?pmin=0.01&start=0&sz=20,congelados
ahorramas,Almeja pacífico Antonio y Ricardo 1kg,almeja pacifico antonio y ricardo 1kg,4.25,https://www.ahorramas.com/congelados/?pmin=0.01&start=0&sz=20,congelados
ahorramas,Helado en tarrina Alipende 900ml chocolate con trozos,helado en tarrina alipende 900ml chocolate con trozos,2.93,https://www.ahorramas.com/congelados/?pmin=0.01&start=0&sz=20,congelados
ahorramas,Salteado Alipende verduras 600g,salteado alipende verduras 600g,1.51,https://www.ahorramas.com/congelados/?pmin=0.01&start=0&sz=20,congelados
ahorramas,Brócoli Alipende 1kg,brocoli alipende 1kg,2.15,https://www.ahorramas.com/congelados/?pmin=0.01&start=0&sz=20,congelados
ahorramas,Pizza Ristorante Dr Oetker 340g prosciutto,pizza ristorante dr oetker 340g prosciutto,3.89,https://www.ahorramas.com/congelados/?pmin=0.01&start=0&sz=20,congelados
ahorramas,Parrillada campestre Congelados de Navarra 400g,parrillada campestre congelados de navarra 400g,1.55,https://www.ahorramas.com/congelados/?pmin=0.01&start=0&sz=20,congelados
ahorramas,Helado cono sin azúcar Alipende 4 uds vainilla-choco,helado cono sin azucar alipende 4 uds vainilla-choco,2.99,https://www.ahorramas.com/congelados/?pmin=0.01&start=0&sz=20,congelados
ahorramas,Rodajas merluza Alipende 480g,rodajas merluza alipende 480g,4.69,https://www.ahorramas.com/congelados/?pmin=0.01&start=0&sz=20,congelados
ahorramas,Mezcla para sofrito Alipende 450g,mezcla para sofrito alipende 450g,1.55,https://www.ahorramas.com/congelados/?pmin=0.01&start=0&sz=20,congelados
ahorramas,Corazón filete merluza Pescanova 500g sin piel,corazon filete merluza pescanova 500g sin piel,7.20,https://www.ahorramas.com/congelados/?pmin=0.01&start=0&sz=20,congelados
ahorramas,Angulitos Alipende 200g pack 2,angulitos alipende 200g pack 2,3.60,https://www.ahorramas.com/congelados/?pmin=0.01&start=0&sz=20,congelados
ahorramas,Helado Drácula Frigo 6 uds,helado dracula frigo 6 uds,3.99,https://www.ahorramas.com/congelados/?pmin=0.01&start=0&sz=20,congelados
ahorramas,San jacobos Alipende 320g,san jacobos alipende 320g,1.35,https://www.ahorramas.com/congelados/?pmin=0.01&start=0&sz=20,congelados
ahorramas,Relleno para fajitas Alipende 300g pollo,relleno para fajitas alipende 300g pollo,1.95,https://www.ahorramas.com/congelados/?pmin=0.01&start=0&sz=20,congelados
ahorramas,Helado en tarrina Alipende 900ml frutas del bosque,helado en tarrina alipende 900ml frutas del bosque,3.15,https://www.ahorramas.com/congelados/?pmin=0.01&start=0&sz=20,congelados
ahorramas,Salmón noruego Poseidón en lomos 250g,salmon noruego poseidon en lomos 250g,6.50,https://www.ahorramas.com/congelados/?pmin=0.01&start=0&sz=20,congelados
ahorramas,Solomillo de pollo kentucky Fripozo 250g,solomillo de pollo kentucky fripozo 250g,3.49,https://www.ahorramas.com/congelados/?pmin=0.01&start=0&sz=20,congelados
ahorramas,Helado Magnum 3 uds double gold caramel billionaire,helado magnum 3 uds double gold caramel billionaire,4.99,https://www.ahorramas.com/congelados/?pmin=0.01&start=0&sz=20,congelados
ahorramas,Pizza fina Alipende 350g jamón y queso,pizza fina alipende 350g jamon y queso,2.79,https://www.ahorramas.com/congelados/?pmin=0.01&start=0&sz=20,congelados
ahorramas,Calamar limpio Pescanova 400G,calamar limpio pescanova 400g,6.99,https://www.ahorramas.com/congelados/?pmin=0.01&start=0&sz=20,congelados
ahorramas,Canelones La Cocinera carne 500g,canelones la cocinera carne 500g,3.99,https://www.ahorramas.com/congelados/?pmin=0.01&start=0&sz=20,congelados
ahorramas,Helado sandwich sin azúcares añadidos Alipende nata 6 uds,helado sandwich sin azucares anadidos alipende nata 6 uds,2.90,https://www.ahorramas.com/congelados/?pmin=0.01&start=0&sz=20,congelados
ahorramas,Lasaña Alipende 280g pack-2 carne,lasana alipende 280g pack-2 carne,3.38,https://www.ahorramas.com/congelados/?pmin=0.01&start=0&sz=20,congelados
ahorramas,Coliflor Alipende 1kg,coliflor alipende 1kg,2.13,https://www.ahorramas.com/congelados/?pmin=0.01&start=0&sz=20,congelados
ahorramas,Helado tarrina Alipende menta y chocolate 500ml,helado tarrina alipende menta y chocolate 500ml,3.15,https://www.ahorramas.com/congelados/?pmin=0.01&start=0&sz=20,congelados
ahorramas,Tequeños queso para horno Tekefingers 6 uds 190g,tequenos queso para horno tekefingers 6 uds 190g,3.80,https://www.ahorramas.com/congelados/?pmin=0.01&start=0&sz=20,congelados
ahorramas,Helado cono Alipende 4 uds nata-turrón,helado cono alipende 4 uds nata-turron,2.55,https://www.ahorramas.com/congelados/?pmin=0.01&start=0&sz=20,congelados
ahorramas,Arroz Alipende 1kg precocido,arroz alipende 1kg precocido,2.05,https://www.ahorramas.com/congelados/?pmin=0.01&start=0&sz=20,congelados
ahorramas,Pizza fina Alipende 400g barbacoa,pizza fina alipende 400g barbacoa,2.79,https://www.ahorramas.com/congelados/?pmin=0.01&start=0&sz=20,congelados
ahorramas,Lasaña La Cocinera boloñesa 500g,lasana la cocinera bolonesa 500g,3.99,https://www.ahorramas.com/congelados/?pmin=0.01&start=0&sz=20,congelados
ahorramas,Helado en tarrina Alipende 900ml turrón,helado en tarrina alipende 900ml turron,3.99,https://www.ahorramas.com/congelados/?pmin=0.01&start=0&sz=20,congelados
ahorramas,Helado bombón Alipende 6 uds nata,helado bombon alipende 6 uds nata,2.55,https://www.ahorramas.com/congelados/?pmin=0.01&start=0&sz=20,congelados
ahorramas,Magnum Salted Caramel x3 100ml,magnum salted caramel x3 100ml,2.99,https://www.ahorramas.com/congelados/?pmin=0.01&start=0&sz=20,congelados
ahorramas,Salteado de setas Alipende 450g,salteado de setas alipende 450g,1.70,https://www.ahorramas.com/congelados/?pmin=0.01&start=0&sz=20,congelados
ahorramas,Helado de corte Alipende 1l tres gustos,helado de corte alipende 1l tres gustos,1.90,https://www.ahorramas.com/congelados/?pmin=0.01&start=0&sz=20,congelados
ahorramas,"Tarta laminada Alipende 1,1l","tarta laminada alipende 1,1l",2.29,https://www.ahorramas.com/congelados/?pmin=0.01&start=0&sz=20,congelados
ahorramas,Fingers de mozzarella Alipende 400g rebozados,fingers de mozzarella alipende 400g rebozados,3.20,https://www.ahorramas.com/congelados/?pmin=0.01&start=0&sz=20,congelados
ahorramas,Salteado Alipende 600g verduras de primavera,salteado alipende 600g verduras de primavera,2.00,https://www.ahorramas.com/congelados/?pmin=0.01&start=0&sz=20,congelados
ahorramas,Medallones de merluza Pescanova 400g,medallones de merluza pescanova 400g,7.20,https://www.ahorramas.com/congelados/?pmin=0.01&start=0&sz=20,congelados
ahorramas,Helado Magnum classic 3 uds,helado magnum classic 3 uds,2.99,https://www.ahorramas.com/congelados/?pmin=0.01&start=0&sz=20,congelados
ahorramas,Arroz 3 delicias Findus Salto 500g,arroz 3 delicias findus salto 500g,2.99,https://www.ahorramas.com/congelados/?pmin=0.01&start=0&sz=20,congelados
ahorramas,Flash sabores 12 uds,flash sabores 12 uds,1.25,https://www.ahorramas.com/congelados/?pmin=0.01&start=0&sz=20,congelados
ahorramas,Peskitos de merluza Pescanova 400g empanados,peskitos de merluza pescanova 400g empanados,4.10,https://www.ahorramas.com/congelados/?pmin=0.01&start=0&sz=20,congelados
ahorramas,Preparado Cocinarte 500g paella y sopa de marisco,preparado cocinarte 500g paella y sopa de marisco,3.55,https://www.ahorramas.com/congelados/?pmin=0.01&start=0&sz=20,congelados
ahorramas,Helado Magnum mini classic 6 uds,helado magnum mini classic 6 uds,2.99,https://www.ahorramas.com/congelados/?pmin=0.01&start=0&sz=20,congelados
ahorramas,Calamar troceado de la India 300g,calamar troceado de la india 300g,5.55,https://www.ahorramas.com/congelados/?pmin=0.01&start=0&sz=20,congelados
ahorramas,Menestra Alipende 1kg imperial,menestra alipende 1kg imperial,2.45,https://www.ahorramas.com/congelados/?pmin=0.01&start=0&sz=20,congelados
ahorramas,Filetes de merluza sin gluten Pescanova 400g al huevo,filetes de merluza sin gluten pescanova 400g al huevo,5.49,https://www.ahorramas.com/congelados/?pmin=0.01&start=0&sz=20,congelados
ahorramas,Pannini Dr Oetker 250g jamón y queso,pannini dr oetker 250g jamon y queso,3.35,https://www.ahorramas.com/congelados/?pmin=0.01&start=0&sz=20,congelados
ahorramas,Helado kids mix Frigo 8 uds,helado kids mix frigo 8 uds,3.99,https://www.ahorramas.com/congelados/?pmin=0.01&start=0&sz=20,congelados
ahorramas,Mini empanadilla Alipende 500g atún,mini empanadilla alipende 500g atun,2.25,https://www.ahorramas.com/congelados/?pmin=0.01&start=0&sz=20,congelados
ahorramas,Helado pirulo Nestlé 7 uds,helado pirulo nestle 7 uds,5.95,https://www.ahorramas.com/congelados/?pmin=0.01&start=0&sz=20,congelados
ahorramas,Helado tarrina Alipende premium tarta queso 500 ml,helado tarrina alipende premium tarta queso 500 ml,3.15,https://www.ahorramas.com/congelados/?pmin=0.01&start=0&sz=20,congelados
ahorramas,Calamar limpio de la India 350g,calamar limpio de la india 350g,4.99,https://www.ahorramas.com/congelados/?pmin=0.01&start=0&sz=20,congelados
ahorramas,Helado bombón mini Alipende 8 uds almendrado,helado bombon mini alipende 8 uds almendrado,3.00,https://www.ahorramas.com/congelados/?pmin=0.01&start=0&sz=20,congelados
ahorramas,Filetes de merluza sin piel Pescanova 400g,filetes de merluza sin piel pescanova 400g,5.75,https://www.ahorramas.com/congelados/?pmin=0.01&start=0&sz=20,congelados
ahorramas,Helado bombón Alipende 6 uds crocanti-blanco,helado bombon alipende 6 uds crocanti-blanco,3.50,https://www.ahorramas.com/congelados/?pmin=0.01&start=0&sz=20,congelados
ahorramas,Pizza Ristorante Dr Oetker 340g 4 formaggi,pizza ristorante dr oetker 340g 4 formaggi,3.89,https://www.ahorramas.com/congelados/?pmin=0.01&start=0&sz=20,congelados
ahorramas,Cornetto Frigo chocolate X4 90ml,cornetto frigo chocolate x4 90ml,2.99,https://www.ahorramas.com/congelados/?pmin=0.01&start=0&sz=20,congelados
ahorramas,Espárragos verdes El Campanillo 300g,esparragos verdes el campanillo 300g,3.10,https://www.ahorramas.com/congelados/?pmin=0.01&start=0&sz=20,congelados
ahorramas,Revuelto de setas y gambas Congelados de Navarra 450g,revuelto de setas y gambas congelados de navarra 450g,2.90,https://www.ahorramas.com/congelados/?pmin=0.01&start=0&sz=20,congelados
ahorramas,Crunchy pollo Fripozo salsa barbacoa 300g,crunchy pollo fripozo salsa barbacoa 300g,2.69,https://www.ahorramas.com/congelados/?pmin=0.01&start=0&sz=20,congelados
ahorramas,Gamba pelada Antonio y Ricardo 375g 40/60 unidades,gamba pelada antonio y ricardo 375g 40/60 unidades,6.20,https://www.ahorramas.com/congelados/?pmin=0.01&start=0&sz=20,congelados
ahorramas,Gambas gabardina Alipende 330g,gambas gabardina alipende 330g,3.99,https://www.ahorramas.com/congelados/?pmin=0.01&start=0&sz=20,congelados
ahorramas,Sepia faraónica limpia troceada 250g,sepia faraonica limpia troceada 250g,5.55,https://www.ahorramas.com/congelados/?pmin=0.01&start=0&sz=20,congelados
ahorramas,Pizza sin gluten Ristorante Dr.Oetker 345g prosciuto,pizza sin gluten ristorante dr.oetker 345g prosciuto,4.59,https://www.ahorramas.com/congelados/?pmin=0.01&start=0&sz=20,congelados
ahorramas,Anillos a la romana sin gluten Pescanova 400g,anillos a la romana sin gluten pescanova 400g,4.15,https://www.ahorramas.com/congelados/?pmin=0.01&start=0&sz=20,congelados
ahorramas,Pizza Ristorante Dr Oetker 390g spinaci,pizza ristorante dr oetker 390g spinaci,3.89,https://www.ahorramas.com/congelados/?pmin=0.01&start=0&sz=20,congelados
ahorramas,Helado en tarrina Alipende 900ml stracciatella,helado en tarrina alipende 900ml stracciatella,3.30,https://www.ahorramas.com/congelados/?pmin=0.01&start=0&sz=20,congelados
ahorramas,Edamame Seacon 500g,edamame seacon 500g,1.85,https://www.ahorramas.com/congelados/?pmin=0.01&start=0&sz=20,congelados
ahorramas,Helado mini milk Frigo 10 uds,helado mini milk frigo 10 uds,3.99,https://www.ahorramas.com/congelados/?pmin=0.01&start=0&sz=20,congelados
ahorramas,Judías verde plana Findus 400g,judias verde plana findus 400g,1.99,https://www.ahorramas.com/congelados/?pmin=0.01&start=0&sz=20,congelados
ahorramas,PICCOLINIS BUITONI 9+3U gratis 360G Queso y Jamón,piccolinis buitoni 9+3u gratis 360g queso y jamon,2.99,https://www.ahorramas.com/congelados/?pmin=0.01&start=0&sz=20,congelados
ahorramas,Preparado de paella de marisco Antonio y Ricardo 450g,preparado de paella de marisco antonio y ricardo 450g,4.60,https://www.ahorramas.com/congelados/?pmin=0.01&start=0&sz=20,congelados
ahorramas,Cola de langostino blanco pelado cocido 200g,cola de langostino blanco pelado cocido 200g,4.30,https://www.ahorramas.com/congelados/?pmin=0.01&start=0&sz=20,congelados
ahorramas,Mini croquetas Alipende 400g jamón ibérico,mini croquetas alipende 400g jamon iberico,2.40,https://www.ahorramas.com/congelados/?pmin=0.01&start=0&sz=20,congelados
ahorramas,Merluza en varitas Alipende 500g,merluza en varitas alipende 500g,4.50,https://www.ahorramas.com/congelados/?pmin=0.01&start=0&sz=20,congelados
ahorramas,Muslitos de mar Antonio y Ricardo 250g,muslitos de mar antonio y ricardo 250g,1.99,https://www.ahorramas.com/congelados/?pmin=0.01&start=0&sz=20,congelados
ahorramas,Porras fritas Churrería Pérez 250g 6 uds,porras fritas churreria perez 250g 6 uds,2.00,https://www.ahorramas.com/congelados/?pmin=0.01&start=0&sz=20,congelados
ahorramas,Bacalao en filetes Pescanova 400g,bacalao en filetes pescanova 400g,8.15,https://www.ahorramas.com/congelados/?pmin=0.01&start=0&sz=20,congelados
ahorramas,Helado tarrina Oreo 425 ml,helado tarrina oreo 425 ml,4.99,https://www.ahorramas.com/congelados/?pmin=0.01&start=0&sz=20,congelados
ahorramas,Maíz Alipende 300g superdulce,maiz alipende 300g superdulce,1.09,https://www.ahorramas.com/congelados/?pmin=0.01&start=0&sz=20,congelados
ahorramas,Canelones La Cocinera atún 500g,canelones la cocinera atun 500g,3.99,https://www.ahorramas.com/congelados/?pmin=0.01&start=0&sz=20,congelados
ahorramas,Helado Magnum euphoria 3 uds,helado magnum euphoria 3 uds,4.99,https://www.ahorramas.com/congelados/?pmin=0.01&start=0&sz=20,congelados
ahorramas,Ensaladilla Maheso extra 400gr,ensaladilla maheso extra 400gr,0.99,https://www.ahorramas.com/congelados/?pmin=0.01&start=0&sz=20,congelados
ahorramas,Pizza Ristorante Dr Oetker 355g tonno,pizza ristorante dr oetker 355g tonno,3.89,https://www.ahorramas.com/congelados/?pmin=0.01&start=0&sz=20,congelados
ahorramas,Helado supercono Alipende 4 uds chocolate,helado supercono alipende 4 uds chocolate,3.45,https://www.ahorramas.com/congelados/?pmin=0.01&start=0&sz=20,congelados
ahorramas,Helado Magnum after dinner frac 8 uds,helado magnum after dinner frac 8 uds,5.49,https://www.ahorramas.com/congelados/?pmin=0.01&start=0&sz=20,congelados
ahorramas,Lomos merluza Pescanova 325g romana,lomos merluza pescanova 325g romana,4.49,https://www.ahorramas.com/congelados/?pmin=0.01&start=0&sz=20,congelados
ahorramas,Helado Maxibon Nestlé 4 uds nata,helado maxibon nestle 4 uds nata,3.99,https://www.ahorramas.com/congelados/?pmin=0.01&start=0&sz=20,congelados
ahorramas,Salteado Alipende 500g pasta oriental,salteado alipende 500g pasta oriental,2.60,https://www.ahorramas.com/congelados/?pmin=0.01&start=0&sz=20,congelados
ahorramas,Verduras en tempura Cocinarte 400g,verduras en tempura cocinarte 400g,2.70,https://www.ahorramas.com/congelados/?pmin=0.01&start=0&sz=20,congelados
ahorramas,Judías verdes Alipende 1kg con patatas,judias verdes alipende 1kg con patatas,2.99,https://www.ahorramas.com/congelados/?pmin=0.01&start=0&sz=20,congelados
ahorramas,Langostino cocido Antonio y Ricardo 900g 27/36 piezas,langostino cocido antonio y ricardo 900g 27/36 piezas,11.25,https://www.ahorramas.com/congelados/?pmin=0.01&start=0&sz=20,congelados
ahorramas,Helado Carte D'or vainilla,helado carte d'or vainilla,3.99,https://www.ahorramas.com/congelados/?pmin=0.01&start=0&sz=20,congelados
ahorramas,Pannini Dr Oetker 250g atún,pannini dr oetker 250g atun,3.35,https://www.ahorramas.com/congelados/?pmin=0.01&start=0&sz=20,congelados
ahorramas,Croqueta La Cocinera sabrosísima 500g jamón,croqueta la cocinera sabrosisima 500g jamon,3.59,https://www.ahorramas.com/congelados/?pmin=0.01&start=0&sz=20,congelados
ahorramas,Helado Maxibon Nestlé Cookies 4 uds,helado maxibon nestle cookies 4 uds,3.99,https://www.ahorramas.com/congelados/?pmin=0.01&start=0&sz=20,congelados
ahorramas,Helado Fantasmikos Nestlé 224ml 15 uds,helado fantasmikos nestle 224ml 15 uds,5.20,https://www.ahorramas.com/congelados/?pmin=0.01&start=0&sz=20,congelados
ahorramas,Helado en tarrina Alipende 900ml nata y nuez,helado en tarrina alipende 900ml nata y nuez,3.30,https://www.ahorramas.com/congelados/?pmin=0.01&start=0&sz=20,congelados
ahorramas,Croquetas Alipende 400g cocido,croquetas alipende 400g cocido,2.40,https://www.ahorramas.com/congelados/?pmin=0.01&start=0&sz=20,congelados
ahorramas,Guisantes Alipende 300g extrafinos,guisantes alipende 300g extrafinos,1.09,https://www.ahorramas.com/congelados/?pmin=0.01&start=0&sz=20,congelados
ahorramas,Gambón crudo salvaje A&R,gambon crudo salvaje a&r,20.90,https://www.ahorramas.com/congelados/?pmin=0.01&start=0&sz=20,congelados
ahorramas,Helado en tarrina Alipende 1l vainilla,helado en tarrina alipende 1l vainilla,2.40,https://www.ahorramas.com/congelados/?pmin=0.01&start=0&sz=20,congelados
ahorramas,Helado en tarrina Häagen-Dazs 460ml dulce de leche,helado en tarrina haagen-dazs 460ml dulce de leche,7.29,https://www.ahorramas.com/congelados/?pmin=0.01&start=0&sz=20,congelados
ahorramas,Helado en tarrina premium Alipende 500ml choco brownie,helado en tarrina premium alipende 500ml choco brownie,3.15,https://www.ahorramas.com/congelados/?pmin=0.01&start=0&sz=20,congelados
ahorramas,"Helado Magnum Bonbon 12U Salt, Caramel &Almond","helado magnum bonbon 12u salt, caramel &almond",4.99,https://www.ahorramas.com/congelados/?pmin=0.01&start=0&sz=20,congelados
ahorramas,Helado Magnum 3ud Utopía,helado magnum 3ud utopia,4.99,https://www.ahorramas.com/congelados/?pmin=0.01&start=0&sz=20,congelados
ahorramas,Pizza fina Alipende 375g atún,pizza fina alipende 375g atun,2.79,https://www.ahorramas.com/congelados/?pmin=0.01&start=0&sz=20,congelados
ahorramas,Filete de merluza Antonio y Ricardo 450g sin piel,filete de merluza antonio y ricardo 450g sin piel,4.95,https://www.ahorramas.com/congelados/?pmin=0.01&start=0&sz=20,congelados
ahorramas,Judías verdes Alipende 1kg redondas,judias verdes alipende 1kg redondas,1.60,https://www.ahorramas.com/congelados/?pmin=0.01&start=0&sz=20,congelados
ahorramas,La Gula del Norte 100g pack 2,la gula del norte 100g pack 2,5.95,https://www.ahorramas.com/congelados/?pmin=0.01&start=0&sz=20,congelados
ahorramas,Dorada en filete con piel 180g,dorada en filete con piel 180g,4.99,https://www.ahorramas.com/congelados/?pmin=0.01&start=0&sz=20,congelados
ahorramas,Mochi de crema de helado Noku tarta de queso 6 unidades,mochi de crema de helado noku tarta de queso 6 unidades,3.90,https://www.ahorramas.com/congelados/?pmin=0.01&start=0&sz=20,congelados
ahorramas,Espinacas Findus 400g con pasas y piñones,espinacas findus 400g con pasas y pinones,2.99,https://www.ahorramas.com/congelados/?pmin=0.01&start=0&sz=20,congelados
ahorramas,Piccolissima Ristorante Oetker 288g,piccolissima ristorante oetker 288g,4.25,https://www.ahorramas.com/congelados/?pmin=0.01&start=0&sz=20,congelados
ahorramas,Lasaña La Cocinera atún 500g,lasana la cocinera atun 500g,3.99,https://www.ahorramas.com/congelados/?pmin=0.01&start=0&sz=20,congelados
ahorramas,Fingers de pollo La Cocinera 320g,fingers de pollo la cocinera 320g,4.99,https://www.ahorramas.com/congelados/?pmin=0.01&start=0&sz=20,congelados
ahorramas,Tarta Comtessa XXL Frigo 1l clásica,tarta comtessa xxl frigo 1l clasica,4.99,https://www.ahorramas.com/congelados/?pmin=0.01&start=0&sz=20,congelados
ahorramas,Salteado Alipende 500g montañés,salteado alipende 500g montanes,2.75,https://www.ahorramas.com/congelados/?pmin=0.01&start=0&sz=20,congelados
ahorramas,Pannini Dr Oetker 250g bacon,pannini dr oetker 250g bacon,3.35,https://www.ahorramas.com/congelados/?pmin=0.01&start=0&sz=20,congelados
ahorramas,Crunchy gouda Fripozo mermelada albaricoque 300g,crunchy gouda fripozo mermelada albaricoque 300g,2.99,https://www.ahorramas.com/congelados/?pmin=0.01&start=0&sz=20,congelados
ahorramas,Ben&Jerry´s Mango 465ML,ben&jerry's mango 465ml,6.99,https://www.ahorramas.com/congelados/?pmin=0.01&start=0&sz=20,congelados
ahorramas,Lasaña La Cocinera barbacoa 500g,lasana la cocinera barbacoa 500g,3.99,https://www.ahorramas.com/congelados/?pmin=0.01&start=0&sz=20,congelados
ahorramas,Pizza Forno di Pietra Buitoni 350g caprese,pizza forno di pietra buitoni 350g caprese,3.65,https://www.ahorramas.com/congelados/?pmin=0.01&start=0&sz=20,congelados
ahorramas,Nuggets La Cocinera 400g rebozado fino,nuggets la cocinera 400g rebozado fino,4.99,https://www.ahorramas.com/congelados/?pmin=0.01&start=0&sz=20,congelados
ahorramas,Salteado Fripozo thai noodles 320g + Proteínas,salteado fripozo thai noodles 320g + proteinas,3.49,https://www.ahorramas.com/congelados/?pmin=0.01&start=0&sz=20,congelados
ahorramas,Arroz con pollo Findus 400g Tikka Masala,arroz con pollo findus 400g tikka masala,4.79,https://www.ahorramas.com/congelados/?pmin=0.01&start=0&sz=20,congelados
ahorramas,Rollito primavera Exkimo 6 unidades,rollito primavera exkimo 6 unidades,1.80,https://www.ahorramas.com/congelados/?pmin=0.01&start=0&sz=20,congelados
ahorramas,Tenders pechuga pollo Fripozo barbacoa y miel 250g,tenders pechuga pollo fripozo barbacoa y miel 250g,2.99,https://www.ahorramas.com/congelados/?pmin=0.01&start=0&sz=20,congelados
ahorramas,Varitas de merluza Pescanova 300g empanadas,varitas de merluza pescanova 300g empanadas,3.10,https://www.ahorramas.com/congelados/?pmin=0.01&start=0&sz=20,congelados
ahorramas,Galleta de helado Rume 85g,galleta de helado rume 85g,0.70,https://www.ahorramas.com/congelados/?pmin=0.01&start=0&sz=20,congelados
ahorramas,Guisantes fino Findus 400g,guisantes fino findus 400g,1.99,https://www.ahorramas.com/congelados/?pmin=0.01&start=0&sz=20,congelados
ahorramas,Empanadillas La Cocinera 312g atún,empanadillas la cocinera 312g atun,3.99,https://www.ahorramas.com/congelados/?pmin=0.01&start=0&sz=20,congelados
ahorramas,Preparado para helado de fresa Dr. Oetker 78g,preparado para helado de fresa dr. oetker 78g,1.70,https://www.ahorramas.com/congelados/?pmin=0.01&start=0&sz=20,congelados
ahorramas,Espinacas cortadas Findus 400g,espinacas cortadas findus 400g,1.99,https://www.ahorramas.com/congelados/?pmin=0.01&start=0&sz=20,congelados
ahorramas,Helado Haagen-Dazs 4 uds fruit collection,helado haagen-dazs 4 uds fruit collection,6.40,https://www.ahorramas.com/congelados/?pmin=0.01&start=0&sz=20,congelados
ahorramas,Pannini Dr Oetker 250g barbacoa,pannini dr oetker 250g barbacoa,3.35,https://www.ahorramas.com/congelados/?pmin=0.01&start=0&sz=20,congelados
ahorramas,Helado en tarrina premium Alipende 500ml dulce de leche,helado en tarrina premium alipende 500ml dulce de leche,3.15,https://www.ahorramas.com/congelados/?pmin=0.01&start=0&sz=20,congelados
ahorramas,Bacalao en filete con piel 360gr,bacalao en filete con piel 360gr,6.50,https://www.ahorramas.com/congelados/?pmin=0.01&start=0&sz=20,congelados
ahorramas,Anillas de pota Antonio y Ricardo 400g Argentina,anillas de pota antonio y ricardo 400g argentina,6.35,https://www.ahorramas.com/congelados/?pmin=0.01&start=0&sz=20,congelados
ahorramas,Helado tarrina premium Alipende vainilla macadamia 500ml,helado tarrina premium alipende vainilla macadamia 500ml,3.35,https://www.ahorramas.com/congelados/?pmin=0.01&start=0&sz=20,congelados
ahorramas,Bacalao guisar Scanfisk 400g porciones,bacalao guisar scanfisk 400g porciones,7.00,https://www.ahorramas.com/congelados/?pmin=0.01&start=0&sz=20,congelados
ahorramas,Gnocchi patata con verduras y pollo 600g,gnocchi patata con verduras y pollo 600g,3.15,https://www.ahorramas.com/congelados/?pmin=0.01&start=0&sz=20,congelados
ahorramas,Sorbete de limón Alipende 1l,sorbete de limon alipende 1l,2.35,https://www.ahorramas.com/congelados/?pmin=0.01&start=0&sz=20,congelados
ahorramas,Patas de pulpo cocido Antonio y Ricardo 250g,patas de pulpo cocido antonio y ricardo 250g,12.90,https://www.ahorramas.com/congelados/?pmin=0.01&start=0&sz=20,congelados
ahorramas,La Gula del Norte 200g pack 3,la gula del norte 200g pack 3,11.97,https://www.ahorramas.com/congelados/?pmin=0.01&start=0&sz=20,congelados
ahorramas,Palitos de surimi Alipende 500g,palitos de surimi alipende 500g,2.25,https://www.ahorramas.com/congelados/?pmin=0.01&start=0&sz=20,congelados
ahorramas,Mini pizzas Alipende 270g jamón,mini pizzas alipende 270g jamon,2.50,https://www.ahorramas.com/congelados/?pmin=0.01&start=0&sz=20,congelados
ahorramas,Pizza ristorante Dr Oetker 350g barbacoa,pizza ristorante dr oetker 350g barbacoa,3.89,https://www.ahorramas.com/congelados/?pmin=0.01&start=0&sz=20,congelados
ahorramas,Nestlé pirulo fruit joy 5x65 ml,nestle pirulo fruit joy 5x65 ml,3.99,https://www.ahorramas.com/congelados/?pmin=0.01&start=0&sz=20,congelados
ahorramas,Varitas de merluza Findus,varitas de merluza findus,2.99,https://www.ahorramas.com/congelados/?pmin=0.01&start=0&sz=20,congelados
ahorramas,Helado tarrina premium Alipende caramelo salado 500ml,helado tarrina premium alipende caramelo salado 500ml,3.15,https://www.ahorramas.com/congelados/?pmin=0.01&start=0&sz=20,congelados
ahorramas,Helado Ben and Jerrys Chunky Monkey banana nueces 465ml,helado ben and jerrys chunky monkey banana nueces 465ml,6.99,https://www.ahorramas.com/congelados/?pmin=0.01&start=0&sz=20,congelados
ahorramas,Nuggets de pollo sin gluten Maheso 300g,nuggets de pollo sin gluten maheso 300g,4.49,https://www.ahorramas.com/congelados/?pmin=0.01&start=0&sz=20,congelados
ahorramas,Helado Häagen-Dazs salted caramel 460ml,helado haagen-dazs salted caramel 460ml,7.29,https://www.ahorramas.com/congelados/?pmin=0.01&start=0&sz=20,congelados
ahorramas,Churros lazo Antonio y Ricardo 500g,churros lazo antonio y ricardo 500g,1.50,https://www.ahorramas.com/congelados/?pmin=0.01&start=0&sz=20,congelados
ahorramas,Alcachofas Alipende 500g,alcachofas alipende 500g,3.31,https://www.ahorramas.com/congelados/?pmin=0.01&start=0&sz=20,congelados
ahorramas,Croquetas Alipende 400g pollo,croquetas alipende 400g pollo,2.40,https://www.ahorramas.com/congelados/?pmin=0.01&start=0&sz=20,congelados
ahorramas,Atún en filete sin piel 240g,atun en filete sin piel 240g,5.99,https://www.ahorramas.com/congelados/?pmin=0.01&start=0&sz=20,congelados
ahorramas,Sepia faraónica limpia 350g,sepia faraonica limpia 350g,6.50,https://www.ahorramas.com/congelados/?pmin=0.01&start=0&sz=20,congelados
ahorramas,Helado Magnum after dinner classic 8 uds,helado magnum after dinner classic 8 uds,5.49,https://www.ahorramas.com/congelados/?pmin=0.01&start=0&sz=20,congelados
ahorramas,Pizza Americana Alipende 570g,pizza americana alipende 570g,3.60,https://www.ahorramas.com/congelados/?pmin=0.01&start=0&sz=20,congelados
ahorramas,Helado bloque Alipende nata y fresa 1l,helado bloque alipende nata y fresa 1l,1.90,https://www.ahorramas.com/congelados/?pmin=0.01&start=0&sz=20,congelados
ahorramas,MOCHI Crema Helado Noku 6u Fruta Pasion,mochi crema helado noku 6u fruta pasion,3.90,https://www.ahorramas.com/congelados/?pmin=0.01&start=0&sz=20,congelados
ahorramas,Nestlé chococlack bombon 4x90 ml,nestle chococlack bombon 4x90 ml,3.79,https://www.ahorramas.com/congelados/?pmin=0.01&start=0&sz=20,congelados
ahorramas,Patatas fritas gajo McCain 750g rustic,patatas fritas gajo mccain 750g rustic,3.45,https://www.ahorramas.com/congelados/?pmin=0.01&start=0&sz=20,congelados
ahorramas,Hielo Cubers Ice Balls 1kg,hielo cubers ice balls 1kg,1.70,https://www.ahorramas.com/congelados/?pmin=0.01&start=0&sz=20,congelados
ahorramas,Pannini Dr Oetker 250g 4 quesos,pannini dr oetker 250g 4 quesos,3.35,https://www.ahorramas.com/congelados/?pmin=0.01&start=0&sz=20,congelados
ahorramas,Carne volandeira limpia con coral 250g,carne volandeira limpia con coral 250g,10.50,https://www.ahorramas.com/congelados/?pmin=0.01&start=0&sz=20,congelados
ahorramas,Alcachofas Baby Alipende 300g,alcachofas baby alipende 300g,3.05,https://www.ahorramas.com/congelados/?pmin=0.01&start=0&sz=20,congelados
ahorramas,Helado en tarrina Häagen-Dazs 460ml cookies&cream,helado en tarrina haagen-dazs 460ml cookies&cream,7.29,https://www.ahorramas.com/congelados/?pmin=0.01&start=0&sz=20,congelados
ahorramas,Pizza Que la haga Rita 430g capricciosa,pizza que la haga rita 430g capricciosa,5.39,https://www.ahorramas.com/congelados/?pmin=0.01&start=0&sz=20,congelados
ahorramas,Pimientos del piquillo Frisa 4 uds 250g rellenos de bacalao,pimientos del piquillo frisa 4 uds 250g rellenos de bacalao,2.85,https://www.ahorramas.com/congelados/?pmin=0.01&start=0&sz=20,congelados
ahorramas,Tronquito de alaska Frudesa 450g,tronquito de alaska frudesa 450g,4.99,https://www.ahorramas.com/congelados/?pmin=0.01&start=0&sz=20,congelados
ahorramas,Helado Haagen-Dazs Joy Collection 4 uds,helado haagen-dazs joy collection 4 uds,6.40,https://www.ahorramas.com/congelados/?pmin=0.01&start=0&sz=20,congelados
ahorramas,Caprichos a la romana Pescanova 400g,caprichos a la romana pescanova 400g,2.99,https://www.ahorramas.com/congelados/?pmin=0.01&start=0&sz=20,congelados
ahorramas,Helado bombón Magnum mini 6 uds intense dark 70%,helado bombon magnum mini 6 uds intense dark 70%,4.79,https://www.ahorramas.com/congelados/?pmin=0.01&start=0&sz=20,congelados
ahorramas,Helado cesal 500ml Leche Merengada,helado cesal 500ml leche merengada,6.99,https://www.ahorramas.com/congelados/?pmin=0.01&start=0&sz=20,congelados
ahorramas,Delicia Jamón y Queso Cocinera 300g,delicia jamon y queso cocinera 300g,3.99,https://www.ahorramas.com/congelados/?pmin=0.01&start=0&sz=20,congelados
ahorramas,Helado Magnum chocolate blanco 3 uds,helado magnum chocolate blanco 3 uds,2.99,https://www.ahorramas.com/congelados/?pmin=0.01&start=0&sz=20,congelados
ahorramas,Helado Cesal 500ml Vainilla,helado cesal 500ml vainilla,6.99,https://www.ahorramas.com/congelados/?pmin=0.01&start=0&sz=20,congelados
ahorramas,Espinacas en hojas Findus 400g,espinacas en hojas findus 400g,1.99,https://www.ahorramas.com/congelados/?pmin=0.01&start=0&sz=20,congelados
ahorramas,Camalar troceado Pescanova 300g,camalar troceado pescanova 300g,4.99,https://www.ahorramas.com/congelados/?pmin=0.01&start=0&sz=20,congelados
ahorramas,Langostino Ajo-Perejil Pescanova 200g,langostino ajo-perejil pescanova 200g,5.35,https://www.ahorramas.com/congelados/?pmin=0.01&start=0&sz=20,congelados
ahorramas,Acelgas en hojas Findus 400g | Ahorramas,acelgas en hojas findus 400g | ahorramas,1.99,https://www.ahorramas.com/congelados/?pmin=0.01&start=0&sz=20,congelados
ahorramas,Dippers de pollo La Cocinera estilo americano 220g,dippers de pollo la cocinera estilo americano 220g,1.99,https://www.ahorramas.com/congelados/?pmin=0.01&start=0&sz=20,congelados
ahorramas,Helado Haagen-Dazs 4 uds caramel collection,helado haagen-dazs 4 uds caramel collection,6.40,https://www.ahorramas.com/congelados/?pmin=0.01&start=0&sz=20,congelados
ahorramas,Helado Häagen-Dazs bhocolate belga 4 uds,helado haagen-dazs bhocolate belga 4 uds,6.40,https://www.ahorramas.com/congelados/?pmin=0.01&start=0&sz=20,congelados
ahorramas,Pizza Casa di Mama Dr Oetker 410g 4 formaggi,pizza casa di mama dr oetker 410g 4 formaggi,4.59,https://www.ahorramas.com/congelados/?pmin=0.01&start=0&sz=20,congelados
ahorramas,Langostino crudo Antonio y Ricardo 900g 27/36 piezas,langostino crudo antonio y ricardo 900g 27/36 piezas,10.95,https://www.ahorramas.com/congelados/?pmin=0.01&start=0&sz=20,congelados
ahorramas,Helado tarrina Häagen-Dazs strawberry cheesecake 460ml,helado tarrina haagen-dazs strawberry cheesecake 460ml,7.29,https://www.ahorramas.com/congelados/?pmin=0.01&start=0&sz=20,congelados
ahorramas,Wakame Exkimo 125g ensalada de mar,wakame exkimo 125g ensalada de mar,1.70,https://www.ahorramas.com/congelados/?pmin=0.01&start=0&sz=20,congelados
ahorramas,Patatas crujientes McCain 500g Gourmet,patatas crujientes mccain 500g gourmet,3.20,https://www.ahorramas.com/congelados/?pmin=0.01&start=0&sz=20,congelados
ahorramas,Canelones Alipende 280g pack 2 carne,canelones alipende 280g pack 2 carne,3.38,https://www.ahorramas.com/congelados/?pmin=0.01&start=0&sz=20,congelados
ahorramas,Helado sin azúcar Alipende 6 uds surtido mix,helado sin azucar alipende 6 uds surtido mix,4.70,https://www.ahorramas.com/congelados/?pmin=0.01&start=0&sz=20,congelados
ahorramas,Cola rape Antonio y Ricardo 600g,cola rape antonio y ricardo 600g,8.95,https://www.ahorramas.com/congelados/?pmin=0.01&start=0&sz=20,congelados
ahorramas,Helado Magnum mini double caramelo y chocolate con leche 6 unidades,helado magnum mini double caramelo y chocolate con leche 6 unidades,5.99,https://www.ahorramas.com/congelados/?pmin=0.01&start=0&sz=20,congelados
ahorramas,Gyoza vegetales Leroy 396g,gyoza vegetales leroy 396g,3.95,https://www.ahorramas.com/congelados/?pmin=0.01&start=0&sz=20,congelados
ahorramas,Paella de marisco Alipende 500g,paella de marisco alipende 500g,2.60,https://www.ahorramas.com/congelados/?pmin=0.01&start=0&sz=20,congelados
ahorramas,Nata montada Alipende 500ml,nata montada alipende 500ml,2.25,https://www.ahorramas.com/congelados/?pmin=0.01&start=0&sz=20,congelados
ahorramas,Arroz con pollo Findus 400g Thai Curry,arroz con pollo findus 400g thai curry,4.79,https://www.ahorramas.com/congelados/?pmin=0.01&start=0&sz=20,congelados
ahorramas,Preparado Cocinarte 1kg especial fideuás pasta y arroz,preparado cocinarte 1kg especial fideuas pasta y arroz,6.60,https://www.ahorramas.com/congelados/?pmin=0.01&start=0&sz=20,congelados
ahorramas,Helado Ferrero Rocher 4 uds classic,helado ferrero rocher 4 uds classic,4.99,https://www.ahorramas.com/congelados/?pmin=0.01&start=0&sz=20,congelados
ahorramas,Helado en tarrina Alipende 900ml tres chocolates,helado en tarrina alipende 900ml tres chocolates,3.15,https://www.ahorramas.com/congelados/?pmin=0.01&start=0&sz=20,congelados
ahorramas,Filete de panga sin piel Aligator 480g,filete de panga sin piel aligator 480g,2.99,https://www.ahorramas.com/congelados/?pmin=0.01&start=0&sz=20,congelados
ahorramas,Lasaña La Cocinera 500g champiñón,lasana la cocinera 500g champinon,3.99,https://www.ahorramas.com/congelados/?pmin=0.01&start=0&sz=20,congelados
ahorramas,Tarta Alipende 1l al whisky,tarta alipende 1l al whisky,3.50,https://www.ahorramas.com/congelados/?pmin=0.01&start=0&sz=20,congelados
ahorramas,Pechuga Maheso 250g super crispy estilo Kentucky,pechuga maheso 250g super crispy estilo kentucky,3.79,https://www.ahorramas.com/congelados/?pmin=0.01&start=0&sz=20,congelados
ahorramas,Lomos de merluza Pescanova 360g,lomos de merluza pescanova 360g,7.20,https://www.ahorramas.com/congelados/?pmin=0.01&start=0&sz=20,congelados
ahorramas,Helado Calippo Frigo 5 uds fresa,helado calippo frigo 5 uds fresa,4.99,https://www.ahorramas.com/congelados/?pmin=0.01&start=0&sz=20,congelados
ahorramas,Lasaña La Cocinera espinacas y queso 500g,lasana la cocinera espinacas y queso 500g,3.99,https://www.ahorramas.com/congelados/?pmin=0.01&start=0&sz=20,congelados
ahorramas,Gamba cocida Antonio y Ricardo 700g 56/70 piezas,gamba cocida antonio y ricardo 700g 56/70 piezas,9.99,https://www.ahorramas.com/congelados/?pmin=0.01&start=0&sz=20,congelados
ahorramas,Rape Blanco en rodaja 220g,rape blanco en rodaja 220g,12.99,https://www.ahorramas.com/congelados/?pmin=0.01&start=0&sz=20,congelados
ahorramas,Rodaja merluza austral 220g,rodaja merluza austral 220g,5.50,https://www.ahorramas.com/congelados/?pmin=0.01&start=0&sz=20,congelados
ahorramas,Helado Ferrero Rocher 470ml nutella,helado ferrero rocher 470ml nutella,5.99,https://www.ahorramas.com/congelados/?pmin=0.01&start=0&sz=20,congelados
ahorramas,Croqueta artesana La Cocinera 400g jamón serrano,croqueta artesana la cocinera 400g jamon serrano,4.99,https://www.ahorramas.com/congelados/?pmin=0.01&start=0&sz=20,congelados
ahorramas,Nestlé maxibon red cheesecake 4x140 ml,nestle maxibon red cheesecake 4x140 ml,5.99,https://www.ahorramas.com/congelados/?pmin=0.01&start=0&sz=20,congelados
ahorramas,Patatas fritas McCain 1kg Tradition,patatas fritas mccain 1kg tradition,3.99,https://www.ahorramas.com/congelados/?pmin=0.01&start=0&sz=20,congelados
ahorramas,Ventresca merluza Alipende 400g,ventresca merluza alipende 400g,4.60,https://www.ahorramas.com/congelados/?pmin=0.01&start=0&sz=20,congelados
ahorramas,Bacalao en lomos Scanfisk 430g,bacalao en lomos scanfisk 430g,8.60,https://www.ahorramas.com/congelados/?pmin=0.01&start=0&sz=20,congelados
ahorramas,Helado tarrina Ben and Jerrys chocolate Fudge Brownie 465ml,helado tarrina ben and jerrys chocolate fudge brownie 465ml,6.99,https://www.ahorramas.com/congelados/?pmin=0.01&start=0&sz=20,congelados
ahorramas,Pizza rústica Dr Oetker doble pepperoni 565g,pizza rustica dr oetker doble pepperoni 565g,5.49,https://www.ahorramas.com/congelados/?pmin=0.01&start=0&sz=20,congelados
ahorramas,Helado Magnum Bonbon 12u White Choco-cookie,helado magnum bonbon 12u white choco-cookie,4.99,https://www.ahorramas.com/congelados/?pmin=0.01&start=0&sz=20,congelados
ahorramas,Filete de merluza del cabo A&R 540 gr con piel,filete de merluza del cabo a&r 540 gr con piel,4.69,https://www.ahorramas.com/congelados/?pmin=0.01&start=0&sz=20,congelados
ahorramas,Pizza Forno di Pietra Buitoni 350g prosciutto,pizza forno di pietra buitoni 350g prosciutto,3.65,https://www.ahorramas.com/congelados/?pmin=0.01&start=0&sz=20,congelados
ahorramas,Pizza Ristorante Dr Oetker 335g mozzarella,pizza ristorante dr oetker 335g mozzarella,3.89,https://www.ahorramas.com/congelados/?pmin=0.01&start=0&sz=20,congelados
ahorramas,Espinacas con bechamel Cocinarte 450g,espinacas con bechamel cocinarte 450g,2.59,https://www.ahorramas.com/congelados/?pmin=0.01&start=0&sz=20,congelados
ahorramas,Corazones de alcachofa Findus 300g,corazones de alcachofa findus 300g,4.99,https://www.ahorramas.com/congelados/?pmin=0.01&start=0&sz=20,congelados
ahorramas,Helado en tarrina Häagen-Dazs 460ml chocolate belga,helado en tarrina haagen-dazs 460ml chocolate belga,7.29,https://www.ahorramas.com/congelados/?pmin=0.01&start=0&sz=20,congelados
ahorramas,Anillas a la romana Alipende 500g,anillas a la romana alipende 500g,4.70,https://www.ahorramas.com/congelados/?pmin=0.01&start=0&sz=20,congelados
ahorramas,Patatas McCain 500g Forno Express,patatas mccain 500g forno express,3.20,https://www.ahorramas.com/congelados/?pmin=0.01&start=0&sz=20,congelados
ahorramas,Croquetas Alipende 400g bacalao,croquetas alipende 400g bacalao,2.65,https://www.ahorramas.com/congelados/?pmin=0.01&start=0&sz=20,congelados
ahorramas,Pizza Casa di Mama Dr Oetker 405g prosciutto,pizza casa di mama dr oetker 405g prosciutto,4.59,https://www.ahorramas.com/congelados/?pmin=0.01&start=0&sz=20,congelados
ahorramas,BIG MILK Int Biscuit and Choco 900ml,big milk int biscuit and choco 900ml,2.99,https://www.ahorramas.com/congelados/?pmin=0.01&start=0&sz=20,congelados
ahorramas,Croquetas horneables La Cocinera jamón 340g,croquetas horneables la cocinera jamon 340g,4.29,https://www.ahorramas.com/congelados/?pmin=0.01&start=0&sz=20,congelados
ahorramas,Ensaladilla Findus patata y guisantes superfinos 800g,ensaladilla findus patata y guisantes superfinos 800g,3.49,https://www.ahorramas.com/congelados/?pmin=0.01&start=0&sz=20,congelados
ahorramas,Piccolinis Buitoni 270g 3 formaggi,piccolinis buitoni 270g 3 formaggi,2.99,https://www.ahorramas.com/congelados/?pmin=0.01&start=0&sz=20,congelados
ahorramas,Barquillo de cacao Neulas Mels 100g,barquillo de cacao neulas mels 100g,1.25,https://www.ahorramas.com/congelados/?pmin=0.01&start=0&sz=20,congelados
ahorramas,Barquillo cubanito Rume 100g,barquillo cubanito rume 100g,1.50,https://www.ahorramas.com/congelados/?pmin=0.01&start=0&sz=20,congelados
ahorramas,CIGALA ENTERA CRUDA 400G 8/14 PIEZAS,cigala entera cruda 400g 8/14 piezas,11.99,https://www.ahorramas.com/congelados/?pmin=0.01&start=0&sz=20,congelados
ahorramas,Galleta conos Mels 110g,galleta conos mels 110g,1.85,https://www.ahorramas.com/congelados/?pmin=0.01&start=0&sz=20,congelados
ahorramas,Preparado para helado de vainilla Dr. Oetker 82g,preparado para helado de vainilla dr. oetker 82g,1.70,https://www.ahorramas.com/congelados/?pmin=0.01&start=0&sz=20,congelados
ahorramas,Tortilla de patata con cebolla,tortilla de patata con cebolla,5.99,https://www.ahorramas.com/congelados/?pmin=0.01&start=0&sz=20,congelados
ahorramas,Helado cesal 500m Pistacho,helado cesal 500m pistacho,6.99,https://www.ahorramas.com/congelados/?pmin=0.01&start=0&sz=20,congelados
ahorramas,Helado Cesal 500ml Turrón,helado cesal 500ml turron,6.99,https://www.ahorramas.com/congelados/?pmin=0.01&start=0&sz=20,congelados
ahorramas,Preparado para helado de chocolate Dr. Oetker 96g,preparado para helado de chocolate dr. oetker 96g,1.70,https://www.ahorramas.com/congelados/?pmin=0.01&start=0&sz=20,congelados
ahorramas,Helado Magnum intense dark 70% 3 uds,helado magnum intense dark 70% 3 uds,3.99,https://www.ahorramas.com/congelados/?pmin=0.01&start=0&sz=20,congelados
ahorramas,Tinta de sepia Nortindal pack 4x4g congelada,tinta de sepia nortindal pack 4x4g congelada,0.99,https://www.ahorramas.com/congelados/?pmin=0.01&start=0&sz=20,congelados
ahorramas,Pizza Ristorante Dr Oetker 330g speciale,pizza ristorante dr oetker 330g speciale,3.89,https://www.ahorramas.com/congelados/?pmin=0.01&start=0&sz=20,congelados
ahorramas,Croquetas artesanas cocido y jamón serrano La Cocinera 500g,croquetas artesanas cocido y jamon serrano la cocinera 500g,4.99,https://www.ahorramas.com/congelados/?pmin=0.01&start=0&sz=20,congelados
ahorramas,Helado sandwich Casty sin lactosa nata 6 uds,helado sandwich casty sin lactosa nata 6 uds,2.99,https://www.ahorramas.com/congelados/?pmin=0.01&start=0&sz=20,congelados
ahorramas,Eglefino en porciones sin piel 500g,eglefino en porciones sin piel 500g,5.99,https://www.ahorramas.com/congelados/?pmin=0.01&start=0&sz=20,congelados
ahorramas,Lubina en filetes con piel 180g,lubina en filetes con piel 180g,5.99,https://www.ahorramas.com/congelados/?pmin=0.01&start=0&sz=20,congelados
ahorramas,Bacalao troceado ventresca 400g,bacalao troceado ventresca 400g,7.00,https://www.ahorramas.com/congelados/?pmin=0.01&start=0&sz=20,congelados
ahorramas,Pizza La Mia Grande Dr Oetker 400g prosciutto,pizza la mia grande dr oetker 400g prosciutto,5.29,https://www.ahorramas.com/congelados/?pmin=0.01&start=0&sz=20,congelados
ahorramas,Fogonero porciones 500g sin piel,fogonero porciones 500g sin piel,5.99,https://www.ahorramas.com/congelados/?pmin=0.01&start=0&sz=20,congelados
ahorramas,Nuggets La Cocinera 350g salsa barbacoa,nuggets la cocinera 350g salsa barbacoa,4.99,https://www.ahorramas.com/congelados/?pmin=0.01&start=0&sz=20,congelados
ahorramas,Tarta La Menorquina 1l fantástica,tarta la menorquina 1l fantastica,6.50,https://www.ahorramas.com/congelados/?pmin=0.01&start=0&sz=20,congelados
ahorramas,Helado Magnum double sunlover 3 uds,helado magnum double sunlover 3 uds,4.99,https://www.ahorramas.com/congelados/?pmin=0.01&start=0&sz=20,congelados
ahorramas,Puntilla sin pluma 350g,puntilla sin pluma 350g,4.99,https://www.ahorramas.com/congelados/?pmin=0.01&start=0&sz=20,congelados
ahorramas,Pizza Que la haga Rita 425g bianca,pizza que la haga rita 425g bianca,5.39,https://www.ahorramas.com/congelados/?pmin=0.01&start=0&sz=20,congelados
ahorramas,Carne de mejillón de chile Antonio y Ricardo 250g precocido,carne de mejillon de chile antonio y ricardo 250g precocido,2.40,https://www.ahorramas.com/congelados/?pmin=0.01&start=0&sz=20,congelados
ahorramas,Verdura para sopa Alipende 1kg,verdura para sopa alipende 1kg,2.70,https://www.ahorramas.com/congelados/?pmin=0.01&start=0&sz=20,congelados
ahorramas,Helado Häagen-Dazs Chunky Salted Caramel 3x80ml,helado haagen-dazs chunky salted caramel 3x80ml,4.99,https://www.ahorramas.com/congelados/?pmin=0.01&start=0&sz=20,congelados
ahorramas,Pizza Ristorante Dr Oetker 365g funghi,pizza ristorante dr oetker 365g funghi,3.89,https://www.ahorramas.com/congelados/?pmin=0.01&start=0&sz=20,congelados
ahorramas,Pizza Ristorante Dr Oetker 375g bolognese,pizza ristorante dr oetker 375g bolognese,3.89,https://www.ahorramas.com/congelados/?pmin=0.01&start=0&sz=20,congelados
ahorramas,Setas boletus edulis El Campanillo 300g en dados,setas boletus edulis el campanillo 300g en dados,3.80,https://www.ahorramas.com/congelados/?pmin=0.01&start=0&sz=20,congelados
ahorramas,Coquina/tellina 250g,coquina/tellina 250g,6.49,https://www.ahorramas.com/congelados/?pmin=0.01&start=0&sz=20,congelados
ahorramas,Lomos de bacalao Pescanova 300g,lomos de bacalao pescanova 300g,8.15,https://www.ahorramas.com/congelados/?pmin=0.01&start=0&sz=20,congelados
ahorramas,Helado Häagen-Dazs Crunchy Macadamia Nut Brittle 3x80ml,helado haagen-dazs crunchy macadamia nut brittle 3x80ml,4.99,https://www.ahorramas.com/congelados/?pmin=0.01&start=0&sz=20,congelados
ahorramas,Gyoza de cerdo Leroy 400g,gyoza de cerdo leroy 400g,3.95,https://www.ahorramas.com/congelados/?pmin=0.01&start=0&sz=20,congelados
ahorramas,Habas baby Alipende 450g,habas baby alipende 450g,1.74,https://www.ahorramas.com/congelados/?pmin=0.01&start=0&sz=20,congelados
ahorramas,Baguette pizza Alipende 250g jamón,baguette pizza alipende 250g jamon,2.50,https://www.ahorramas.com/congelados/?pmin=0.01&start=0&sz=20,congelados
ahorramas,Pizza La Mia Grande Dr Oetker 400g 4 formaggi,pizza la mia grande dr oetker 400g 4 formaggi,5.29,https://www.ahorramas.com/congelados/?pmin=0.01&start=0&sz=20,congelados
ahorramas,Filete Rodaballo Prodemar 300g,filete rodaballo prodemar 300g,16.99,https://www.ahorramas.com/congelados/?pmin=0.01&start=0&sz=20,congelados
ahorramas,Lasaña sin gluten Maheso 525g boloñesa,lasana sin gluten maheso 525g bolonesa,4.80,https://www.ahorramas.com/congelados/?pmin=0.01&start=0&sz=20,congelados
ahorramas,Pirulo Nestle 4U Mango,pirulo nestle 4u mango,3.99,https://www.ahorramas.com/congelados/?pmin=0.01&start=0&sz=20,congelados
ahorramas,Helado en tarrina Häagen-Dazs 460ml strawberry&cream,helado en tarrina haagen-dazs 460ml strawberry&cream,7.29,https://www.ahorramas.com/congelados/?pmin=0.01&start=0&sz=20,congelados
ahorramas,Helado en tarrina Helados Granada pistacho 500ml,helado en tarrina helados granada pistacho 500ml,4.99,https://www.ahorramas.com/congelados/?pmin=0.01&start=0&sz=20,congelados
ahorramas,Cordon Bleu La Cocinera 376g,cordon bleu la cocinera 376g,5.69,https://www.ahorramas.com/congelados/?pmin=0.01&start=0&sz=20,congelados
ahorramas,Bacalao desmigado 250g,bacalao desmigado 250g,4.40,https://www.ahorramas.com/congelados/?pmin=0.01&start=0&sz=20,congelados
ahorramas,Helado Carte D'or stracciatella 825ml,helado carte d'or stracciatella 825ml,4.99,https://www.ahorramas.com/congelados/?pmin=0.01&start=0&sz=20,congelados
ahorramas,Helado Cornetto Frigo Fresa 4u,helado cornetto frigo fresa 4u,2.99,https://www.ahorramas.com/congelados/?pmin=0.01&start=0&sz=20,congelados
ahorramas,Helado Carte D'or mango 825ml,helado carte d'or mango 825ml,4.99,https://www.ahorramas.com/congelados/?pmin=0.01&start=0&sz=20,congelados
ahorramas,Menestra de la huerta Findus 650g,menestra de la huerta findus 650g,4.99,https://www.ahorramas.com/congelados/?pmin=0.01&start=0&sz=20,congelados
ahorramas,Carabinero pelado Antonio &Ricardo 400g,carabinero pelado antonio &ricardo 400g,9.99,https://www.ahorramas.com/congelados/?pmin=0.01&start=0&sz=20,congelados
ahorramas,Helado Häagen-Dazs biscuit cream 460 ml,helado haagen-dazs biscuit cream 460 ml,7.29,https://www.ahorramas.com/congelados/?pmin=0.01&start=0&sz=20,congelados
ahorramas,Helado en tarrina Häagen-Dazs 460ml vainilla&macadamia,helado en tarrina haagen-dazs 460ml vainilla&macadamia,7.29,https://www.ahorramas.com/congelados/?pmin=0.01&start=0&sz=20,congelados
ahorramas,Frambuesa chocolate blanco con leche Itfruit,frambuesa chocolate blanco con leche itfruit,3.99,https://www.ahorramas.com/congelados/?pmin=0.01&start=0&sz=20,congelados
ahorramas,Preparado para sopa y/o paella 600g,preparado para sopa y/o paella 600g,4.40,https://www.ahorramas.com/congelados/?pmin=0.01&start=0&sz=20,congelados
ahorramas,Pez espada rodaja 150g,pez espada rodaja 150g,3.50,https://www.ahorramas.com/congelados/?pmin=0.01&start=0&sz=20,congelados
ahorramas,Helado Magnum frac 3 uds,helado magnum frac 3 uds,4.99,https://www.ahorramas.com/congelados/?pmin=0.01&start=0&sz=20,congelados
ahorramas,Helado tarrina Ben and Jerrys Cookie Dough 465ml,helado tarrina ben and jerrys cookie dough 465ml,6.99,https://www.ahorramas.com/congelados/?pmin=0.01&start=0&sz=20,congelados
ahorramas,San jacobos La Cocinera 388g,san jacobos la cocinera 388g,4.99,https://www.ahorramas.com/congelados/?pmin=0.01&start=0&sz=20,congelados
ahorramas,Tiras de pollo americano La Cocinera 360g,tiras de pollo americano la cocinera 360g,4.99,https://www.ahorramas.com/congelados/?pmin=0.01&start=0&sz=20,congelados
ahorramas,Calabacín fries Maheso 300g,calabacin fries maheso 300g,2.99,https://www.ahorramas.com/congelados/?pmin=0.01&start=0&sz=20,congelados
ahorramas,Trucha arco iris sin piel porción 250g,trucha arco iris sin piel porcion 250g,5.99,https://www.ahorramas.com/congelados/?pmin=0.01&start=0&sz=20,congelados
ahorramas,Papel de aluminio Lanta 30m,papel de aluminio lanta 30m,2.15,https://www.ahorramas.com/hogar/?pmin=0.01&start=0&sz=20,hogar
ahorramas,Ambientadores tipo mikado recambio Lanta 50ml aire limpio,ambientadores tipo mikado recambio lanta 50ml aire limpio,2.10,https://www.ahorramas.com/hogar/?pmin=0.01&start=0&sz=20,hogar
ahorramas,Ambientador tipo mikado Lanta 50ml recambio frutos rojos,ambientador tipo mikado lanta 50ml recambio frutos rojos,2.10,https://www.ahorramas.com/hogar/?pmin=0.01&start=0&sz=20,hogar
ahorramas,Ambentador Mikado The Fruit Company 40Ml Melón,ambentador mikado the fruit company 40ml melon,2.99,https://www.ahorramas.com/hogar/?pmin=0.01&start=0&sz=20,hogar
ahorramas,Ambientador tipo mikado Lanta 50ml aire limpio,ambientador tipo mikado lanta 50ml aire limpio,2.60,https://www.ahorramas.com/hogar/?pmin=0.01&start=0&sz=20,hogar
ahorramas,Neutralizador de olores Lanta 300ml,neutralizador de olores lanta 300ml,1.15,https://www.ahorramas.com/hogar/?pmin=0.01&start=0&sz=20,hogar
ahorramas,Ambientador Mikado Lanta recambio Jazmín 50 ml,ambientador mikado lanta recambio jazmin 50 ml,2.10,https://www.ahorramas.com/hogar/?pmin=0.01&start=0&sz=20,hogar
ahorramas,Papel para horno Lanta 30 unidades,papel para horno lanta 30 unidades,1.70,https://www.ahorramas.com/hogar/?pmin=0.01&start=0&sz=20,hogar
ahorramas,Papel de aluminio Albal 30m resistente y fácil de cortar,papel de aluminio albal 30m resistente y facil de cortar,4.15,https://www.ahorramas.com/hogar/?pmin=0.01&start=0&sz=20,hogar
ahorramas,Insecticida eléctrico recambio Raid 2 unidades Noche,insecticida electrico recambio raid 2 unidades noche,4.99,https://www.ahorramas.com/hogar/?pmin=0.01&start=0&sz=20,hogar
ahorramas,Ambientador tipo mikado Lanta 50ml frutos rojos,ambientador tipo mikado lanta 50ml frutos rojos,2.60,https://www.ahorramas.com/hogar/?pmin=0.01&start=0&sz=20,hogar
ahorramas,"Pila Superalkaline Tm AAa 1,5v 10 uds","pila superalkaline tm aaa 1,5v 10 uds",2.05,https://www.ahorramas.com/hogar/?pmin=0.01&start=0&sz=20,hogar
ahorramas,Ambientador tipo mikado Lanta 50ml jazmin,ambientador tipo mikado lanta 50ml jazmin,2.60,https://www.ahorramas.com/hogar/?pmin=0.01&start=0&sz=20,hogar
ahorramas,Pila Energizer AAA lr03 6+2 uds,pila energizer aaa lr03 6+2 uds,6.25,https://www.ahorramas.com/hogar/?pmin=0.01&start=0&sz=20,hogar
ahorramas,Ambientador Mikado The Fruit Company 40Ml Fresa-Nata,ambientador mikado the fruit company 40ml fresa-nata,2.99,https://www.ahorramas.com/hogar/?pmin=0.01&start=0&sz=20,hogar
ahorramas,Film transparente Lanta 80m,film transparente lanta 80m,1.60,https://www.ahorramas.com/hogar/?pmin=0.01&start=0&sz=20,hogar
ahorramas,Vasos papel ecológico 240 ml Betik 12 uds,vasos papel ecologico 240 ml betik 12 uds,1.50,https://www.ahorramas.com/hogar/?pmin=0.01&start=0&sz=20,hogar
ahorramas,Insecticida laca Zum 400ml,insecticida laca zum 400ml,3.90,https://www.ahorramas.com/hogar/?pmin=0.01&start=0&sz=20,hogar
ahorramas,Insecticida eléctrico recambio Lanta para mosquitos,insecticida electrico recambio lanta para mosquitos,1.90,https://www.ahorramas.com/hogar/?pmin=0.01&start=0&sz=20,hogar
ahorramas,Ambientador tipo mecha Lanta Flor de cerezo,ambientador tipo mecha lanta flor de cerezo,2.50,https://www.ahorramas.com/hogar/?pmin=0.01&start=0&sz=20,hogar
ahorramas,Bolsa congelación doble zip Lanta 20 unidades,bolsa congelacion doble zip lanta 20 unidades,1.20,https://www.ahorramas.com/hogar/?pmin=0.01&start=0&sz=20,hogar
ahorramas,Sartén de aluminio Life Luxe 20cm,sarten de aluminio life luxe 20cm,9.90,https://www.ahorramas.com/hogar/?pmin=0.01&start=0&sz=20,hogar
ahorramas,Ambientador absorbeolores Lanta 150g lavanda,ambientador absorbeolores lanta 150g lavanda,0.80,https://www.ahorramas.com/hogar/?pmin=0.01&start=0&sz=20,hogar
ahorramas,Carbón vegetal Los Rivera 3kg barbacoa,carbon vegetal los rivera 3kg barbacoa,4.45,https://www.ahorramas.com/hogar/?pmin=0.01&start=0&sz=20,hogar
ahorramas,"Pila Superalkaline Tm AA 1,5v 10 uds","pila superalkaline tm aa 1,5v 10 uds",2.15,https://www.ahorramas.com/hogar/?pmin=0.01&start=0&sz=20,hogar
ahorramas,Film transparente Albal 30m con sistema corte fácil,film transparente albal 30m con sistema corte facil,1.75,https://www.ahorramas.com/hogar/?pmin=0.01&start=0&sz=20,hogar
ahorramas,Ambientador en perlas Lanta 110g frutos rojos,ambientador en perlas lanta 110g frutos rojos,1.45,https://www.ahorramas.com/hogar/?pmin=0.01&start=0&sz=20,hogar
ahorramas,Ambientador tipo mikado Lanta 50ml dama de noche,ambientador tipo mikado lanta 50ml dama de noche,2.60,https://www.ahorramas.com/hogar/?pmin=0.01&start=0&sz=20,hogar
ahorramas,Ambientador tipo mikado Lanta 50ml azahar,ambientador tipo mikado lanta 50ml azahar,2.60,https://www.ahorramas.com/hogar/?pmin=0.01&start=0&sz=20,hogar
ahorramas,Cucharas ecológicas Betik 15 uds compostables y biodegradables en maíz,cucharas ecologicas betik 15 uds compostables y biodegradables en maiz,1.55,https://www.ahorramas.com/hogar/?pmin=0.01&start=0&sz=20,hogar
ahorramas,Ambientador Air Wick Freshmatic Recambio Lavanda y Camomilla,ambientador air wick freshmatic recambio lavanda y camomilla,5.45,https://www.ahorramas.com/hogar/?pmin=0.01&start=0&sz=20,hogar
ahorramas,Bolsa de congelación Lanta 30 uds grandes,bolsa de congelacion lanta 30 uds grandes,1.10,https://www.ahorramas.com/hogar/?pmin=0.01&start=0&sz=20,hogar
ahorramas,Ambientador tipo mikado recambio Lanta 50ml azahar,ambientador tipo mikado recambio lanta 50ml azahar,2.10,https://www.ahorramas.com/hogar/?pmin=0.01&start=0&sz=20,hogar
ahorramas,Papel de horno Albal 8m,papel de horno albal 8m,2.79,https://www.ahorramas.com/hogar/?pmin=0.01&start=0&sz=20,hogar
ahorramas,Bombilla Led esférica e14 plástico TM p45 6W cálida,bombilla led esferica e14 plastico tm p45 6w calida,2.99,https://www.ahorramas.com/hogar/?pmin=0.01&start=0&sz=20,hogar
ahorramas,Recambio de difusor automático nenuco fragancia original Air Wick 228ml,recambio de difusor automatico nenuco fragancia original air wick 228ml,5.99,https://www.ahorramas.com/hogar/?pmin=0.01&start=0&sz=20,hogar
ahorramas,Ambientador tipo mikado recambio Lanta 50ml dama de noche,ambientador tipo mikado recambio lanta 50ml dama de noche,2.10,https://www.ahorramas.com/hogar/?pmin=0.01&start=0&sz=20,hogar
ahorramas,Vela perfumada vaso Lumar citronella,vela perfumada vaso lumar citronella,1.90,https://www.ahorramas.com/hogar/?pmin=0.01&start=0&sz=20,hogar
ahorramas,Ambientador concentrado ForeSan 125ml para el WC,ambientador concentrado foresan 125ml para el wc,1.70,https://www.ahorramas.com/hogar/?pmin=0.01&start=0&sz=20,hogar
ahorramas,Ambientador tipo mecha Lanta melocotón,ambientador tipo mecha lanta melocoton,2.50,https://www.ahorramas.com/hogar/?pmin=0.01&start=0&sz=20,hogar
ahorramas,Tupper hermético de vidrio rectangular Quid 64cl astral,tupper hermetico de vidrio rectangular quid 64cl astral,5.25,https://www.ahorramas.com/hogar/?pmin=0.01&start=0&sz=20,hogar
ahorramas,Rascador vitro Yap 3 cuchillas plástico,rascador vitro yap 3 cuchillas plastico,1.99,https://www.ahorramas.com/hogar/?pmin=0.01&start=0&sz=20,hogar
ahorramas,Bolsa de congelación Lanta 40 uds medianas,bolsa de congelacion lanta 40 uds medianas,0.85,https://www.ahorramas.com/hogar/?pmin=0.01&start=0&sz=20,hogar
ahorramas,Vela vaso aromatium Martínez Morales 120g clean cotton,vela vaso aromatium martinez morales 120g clean cotton,1.85,https://www.ahorramas.com/hogar/?pmin=0.01&start=0&sz=20,hogar
ahorramas,Insecticida spray Lanta 750ml multiuso hogar,insecticida spray lanta 750ml multiuso hogar,2.25,https://www.ahorramas.com/hogar/?pmin=0.01&start=0&sz=20,hogar
ahorramas,Platos de caña de azúcar Betik 12 uds diámetro 20cm,platos de cana de azucar betik 12 uds diametro 20cm,1.50,https://www.ahorramas.com/hogar/?pmin=0.01&start=0&sz=20,hogar
ahorramas,Rodillo quitapelusas Lanta,rodillo quitapelusas lanta,1.35,https://www.ahorramas.com/hogar/?pmin=0.01&start=0&sz=20,hogar
ahorramas,Vasos de plástico betik 15 uds 350cc compostables,vasos de plastico betik 15 uds 350cc compostables,1.55,https://www.ahorramas.com/hogar/?pmin=0.01&start=0&sz=20,hogar
ahorramas,Vela aromatium Martínez Morales 2 uds frutas del bosque,vela aromatium martinez morales 2 uds frutas del bosque,1.85,https://www.ahorramas.com/hogar/?pmin=0.01&start=0&sz=20,hogar
ahorramas,Bandeja cartón+blonda de papel Fliss 4 uds rectangular,bandeja carton+blonda de papel fliss 4 uds rectangular,1.95,https://www.ahorramas.com/hogar/?pmin=0.01&start=0&sz=20,hogar
ahorramas,Bolsas de papel para bocadillo Green Fliss 30 uds,bolsas de papel para bocadillo green fliss 30 uds,1.95,https://www.ahorramas.com/hogar/?pmin=0.01&start=0&sz=20,hogar
ahorramas,Bolsa congelación doble zip Lanta 15 unidades grande,bolsa congelacion doble zip lanta 15 unidades grande,1.30,https://www.ahorramas.com/hogar/?pmin=0.01&start=0&sz=20,hogar
ahorramas,Sustrato universal 10l Blume Nerde,sustrato universal 10l blume nerde,2.75,https://www.ahorramas.com/hogar/?pmin=0.01&start=0&sz=20,hogar
ahorramas,Vela Botánica 205g vainilla y magnolia,vela botanica 205g vainilla y magnolia,2.75,https://www.ahorramas.com/hogar/?pmin=0.01&start=0&sz=20,hogar
ahorramas,Repelente mosquito Bodyplus 100ml,repelente mosquito bodyplus 100ml,2.75,https://www.ahorramas.com/hogar/?pmin=0.01&start=0&sz=20,hogar
ahorramas,Vasos de plástico Betik 15 uds 500cc compostables,vasos de plastico betik 15 uds 500cc compostables,2.65,https://www.ahorramas.com/hogar/?pmin=0.01&start=0&sz=20,hogar
ahorramas,Ambientador tipo bolsa Lanta 3 uds ropa limpia,ambientador tipo bolsa lanta 3 uds ropa limpia,1.99,https://www.ahorramas.com/hogar/?pmin=0.01&start=0&sz=20,hogar
ahorramas,Ambientador coche Lanta 6ml aire fresco,ambientador coche lanta 6ml aire fresco,1.85,https://www.ahorramas.com/hogar/?pmin=0.01&start=0&sz=20,hogar
ahorramas,Ambientador Coche The Fruit Company 5 ml Fresa-Nata,ambientador coche the fruit company 5 ml fresa-nata,1.99,https://www.ahorramas.com/hogar/?pmin=0.01&start=0&sz=20,hogar
ahorramas,Papel Airfryer 16x16 cm 50 unidades,papel airfryer 16x16 cm 50 unidades,1.79,https://www.ahorramas.com/hogar/?pmin=0.01&start=0&sz=20,hogar
ahorramas,Fósforos largos Magic Pack 3 Cocina,fosforos largos magic pack 3 cocina,0.95,https://www.ahorramas.com/hogar/?pmin=0.01&start=0&sz=20,hogar
ahorramas,Ambientador absorbeolores Lanta 150g Flores blancas,ambientador absorbeolores lanta 150g flores blancas,0.80,https://www.ahorramas.com/hogar/?pmin=0.01&start=0&sz=20,hogar
ahorramas,Insecticida laca Lanta 300ml,insecticida laca lanta 300ml,2.05,https://www.ahorramas.com/hogar/?pmin=0.01&start=0&sz=20,hogar
ahorramas,Platos de caña de azúcar Betik 12 uds diámetro 24cm,platos de cana de azucar betik 12 uds diametro 24cm,1.79,https://www.ahorramas.com/hogar/?pmin=0.01&start=0&sz=20,hogar
ahorramas,Eliminaolor Lanta 40g para neveras,eliminaolor lanta 40g para neveras,1.80,https://www.ahorramas.com/hogar/?pmin=0.01&start=0&sz=20,hogar
ahorramas,Ambientador en perlas Lanta 110g lima,ambientador en perlas lanta 110g lima,1.45,https://www.ahorramas.com/hogar/?pmin=0.01&start=0&sz=20,hogar
ahorramas,Insecticida concentrado Lanta spray 520ml hogar,insecticida concentrado lanta spray 520ml hogar,1.95,https://www.ahorramas.com/hogar/?pmin=0.01&start=0&sz=20,hogar
ahorramas,Bolsas de cubitos hielo Albal 20 uds con extracción individual,bolsas de cubitos hielo albal 20 uds con extraccion individual,1.59,https://www.ahorramas.com/hogar/?pmin=0.01&start=0&sz=20,hogar
ahorramas,Pila botón litio Tm CR2032 3V,pila boton litio tm cr2032 3v,1.35,https://www.ahorramas.com/hogar/?pmin=0.01&start=0&sz=20,hogar
ahorramas,Recambio nube perfumada campo de lavanda Air Wick 20ml,recambio nube perfumada campo de lavanda air wick 20ml,4.99,https://www.ahorramas.com/hogar/?pmin=0.01&start=0&sz=20,hogar
ahorramas,Ambientador a pilas Airwick essential mist aparato cítrico,ambientador a pilas airwick essential mist aparato citrico,5.79,https://www.ahorramas.com/hogar/?pmin=0.01&start=0&sz=20,hogar
ahorramas,Papel Airfryer 20x20 cm 50 unidades,papel airfryer 20x20 cm 50 unidades,2.25,https://www.ahorramas.com/hogar/?pmin=0.01&start=0&sz=20,hogar
ahorramas,Bolsa rafia isotérmica,bolsa rafia isotermica,1.69,https://www.ahorramas.com/hogar/?pmin=0.01&start=0&sz=20,hogar
ahorramas,Vela vaso aromatium Martínez Morales 120g vainilla,vela vaso aromatium martinez morales 120g vainilla,1.85,https://www.ahorramas.com/hogar/?pmin=0.01&start=0&sz=20,hogar
ahorramas,Rotulador Stabilo 3U Punta Fina,rotulador stabilo 3u punta fina,2.99,https://www.ahorramas.com/hogar/?pmin=0.01&start=0&sz=20,hogar
ahorramas,Picadora-batidora Lifestyle 650ml,picadora-batidora lifestyle 650ml,7.35,https://www.ahorramas.com/hogar/?pmin=0.01&start=0&sz=20,hogar
ahorramas,Ambientador Electrico Airwick Flor Rec,ambientador electrico airwick flor rec,4.49,https://www.ahorramas.com/hogar/?pmin=0.01&start=0&sz=20,hogar
ahorramas,Plantilla Térmicas Achuchonas Talla 33-45,plantilla termicas achuchonas talla 33-45,4.99,https://www.ahorramas.com/hogar/?pmin=0.01&start=0&sz=20,hogar
ahorramas,Insecticida cucarachida Lanta 400ml,insecticida cucarachida lanta 400ml,2.29,https://www.ahorramas.com/hogar/?pmin=0.01&start=0&sz=20,hogar
ahorramas,Insecticida spray Lanta 750ml sin olor,insecticida spray lanta 750ml sin olor,2.25,https://www.ahorramas.com/hogar/?pmin=0.01&start=0&sz=20,hogar
ahorramas,"Pila recargable Tm AA 1,2V 2600mah 2 uds hasta 1000 ciclos","pila recargable tm aa 1,2v 2600mah 2 uds hasta 1000 ciclos",3.95,https://www.ahorramas.com/hogar/?pmin=0.01&start=0&sz=20,hogar
ahorramas,Vaso Tigex para microondas desde doce meses,vaso tigex para microondas desde doce meses,3.75,https://www.ahorramas.com/hogar/?pmin=0.01&start=0&sz=20,hogar
ahorramas,Bombilla Led vela e14 plástico TM c37 6W cálida,bombilla led vela e14 plastico tm c37 6w calida,2.99,https://www.ahorramas.com/hogar/?pmin=0.01&start=0&sz=20,hogar
ahorramas,Bombilla Led esférica e27 plástico TM a60 10W cálida,bombilla led esferica e27 plastico tm a60 10w calida,3.99,https://www.ahorramas.com/hogar/?pmin=0.01&start=0&sz=20,hogar
ahorramas,Ambientador Multiusos Fruit Company 250 ml Fresa-Nata,ambientador multiusos fruit company 250 ml fresa-nata,2.99,https://www.ahorramas.com/hogar/?pmin=0.01&start=0&sz=20,hogar
ahorramas,"Pila recargable Tm AAA 1,2V 700mah 2 uds hasta 1000 ciclos","pila recargable tm aaa 1,2v 700mah 2 uds hasta 1000 ciclos",3.95,https://www.ahorramas.com/hogar/?pmin=0.01&start=0&sz=20,hogar
ahorramas,Bolsa de rejilla frutería 3 uds,bolsa de rejilla fruteria 3 uds,1.00,https://www.ahorramas.com/hogar/?pmin=0.01&start=0&sz=20,hogar
ahorramas,Plantilla memory Achuchonas con soporte de arco 37-38,plantilla memory achuchonas con soporte de arco 37-38,9.99,https://www.ahorramas.com/hogar/?pmin=0.01&start=0&sz=20,hogar
ahorramas,Briqueta encina Ecocalor,briqueta encina ecocalor,3.05,https://www.ahorramas.com/hogar/?pmin=0.01&start=0&sz=20,hogar
ahorramas,Tobillero 20D Golden Lady T-U 2U Dakar,tobillero 20d golden lady t-u 2u dakar,3.95,https://www.ahorramas.com/hogar/?pmin=0.01&start=0&sz=20,hogar
ahorramas,Calcetín Tobillero Deportivo Golden Lady Talla S-M Blanco,calcetin tobillero deportivo golden lady talla s-m blanco,4.95,https://www.ahorramas.com/hogar/?pmin=0.01&start=0&sz=20,hogar
ahorramas,"Pila Superalkaline Tm AA 1,5v 4 uds","pila superalkaline tm aa 1,5v 4 uds",0.85,https://www.ahorramas.com/hogar/?pmin=0.01&start=0&sz=20,hogar
ahorramas,Insecticida Bloom 400ml multi-insectos,insecticida bloom 400ml multi-insectos,7.75,https://www.ahorramas.com/hogar/?pmin=0.01&start=0&sz=20,hogar
ahorramas,Jeringa Mata cucarachas en Ge 4ml Orion,jeringa mata cucarachas en ge 4ml orion,4.99,https://www.ahorramas.com/hogar/?pmin=0.01&start=0&sz=20,hogar
ahorramas,Minimedia Support 40D Golden Lady Talla U 2 unidades Camoscio,minimedia support 40d golden lady talla u 2 unidades camoscio,4.50,https://www.ahorramas.com/hogar/?pmin=0.01&start=0&sz=20,hogar
ahorramas,Calcetín Hilo Hombre Golden Lady Talla G Negro,calcetin hilo hombre golden lady talla g negro,4.95,https://www.ahorramas.com/hogar/?pmin=0.01&start=0&sz=20,hogar
ahorramas,Tijera De Cocina Lifestyle Multiusos,tijera de cocina lifestyle multiusos,3.99,https://www.ahorramas.com/hogar/?pmin=0.01&start=0&sz=20,hogar
ahorramas,Ambientador Coche The Fruit Company Melón,ambientador coche the fruit company melon,1.99,https://www.ahorramas.com/hogar/?pmin=0.01&start=0&sz=20,hogar
ahorramas,Antipolilla bolsa Lanta 20 uds lavanda,antipolilla bolsa lanta 20 uds lavanda,1.35,https://www.ahorramas.com/hogar/?pmin=0.01&start=0&sz=20,hogar
ahorramas,Líquido enciendefuegos Magic 500ml Sin olor,liquido enciendefuegos magic 500ml sin olor,4.10,https://www.ahorramas.com/hogar/?pmin=0.01&start=0&sz=20,hogar
ahorramas,Recipiente hermético de plástico Sp-Berner 3 unidades 500ml Twist&Go,recipiente hermetico de plastico sp-berner 3 unidades 500ml twist&go,2.05,https://www.ahorramas.com/hogar/?pmin=0.01&start=0&sz=20,hogar
ahorramas,Velas cumpleaños 24 unidades surtidas,velas cumpleanos 24 unidades surtidas,0.90,https://www.ahorramas.com/hogar/?pmin=0.01&start=0&sz=20,hogar
ahorramas,Antipolilla bolsa Lanta 20 uds ropa limpia,antipolilla bolsa lanta 20 uds ropa limpia,1.35,https://www.ahorramas.com/hogar/?pmin=0.01&start=0&sz=20,hogar
ahorramas,Antihumedad Sec 2000 aparato,antihumedad sec 2000 aparato,3.15,https://www.ahorramas.com/hogar/?pmin=0.01&start=0&sz=20,hogar
ahorramas,Ambientador coche Lanta 6ml dama de noche,ambientador coche lanta 6ml dama de noche,1.85,https://www.ahorramas.com/hogar/?pmin=0.01&start=0&sz=20,hogar
ahorramas,Plantilla modelo memory antiolor Achuchonas talla 37-38,plantilla modelo memory antiolor achuchonas talla 37-38,7.99,https://www.ahorramas.com/hogar/?pmin=0.01&start=0&sz=20,hogar
ahorramas,Almohadilla Achuchonas adhesiva plantar,almohadilla achuchonas adhesiva plantar,2.99,https://www.ahorramas.com/hogar/?pmin=0.01&start=0&sz=20,hogar
ahorramas,"Ambientador coche Lanta 4,5ml 2 unidades frutas bosque","ambientador coche lanta 4,5ml 2 unidades frutas bosque",1.85,https://www.ahorramas.com/hogar/?pmin=0.01&start=0&sz=20,hogar
ahorramas,Insecticida pulsera perfumada citronella Lumar Talla L,insecticida pulsera perfumada citronella lumar talla l,1.50,https://www.ahorramas.com/hogar/?pmin=0.01&start=0&sz=20,hogar
ahorramas,Guantes de jardinería Sanicen talla mediana,guantes de jardineria sanicen talla mediana,1.99,https://www.ahorramas.com/hogar/?pmin=0.01&start=0&sz=20,hogar
ahorramas,Esterilizador de vapor Tigex apto para microondas,esterilizador de vapor tigex apto para microondas,18.95,https://www.ahorramas.com/hogar/?pmin=0.01&start=0&sz=20,hogar
ahorramas,Calienta biberones Tigex para casa y coche,calienta biberones tigex para casa y coche,39.95,https://www.ahorramas.com/hogar/?pmin=0.01&start=0&sz=20,hogar
ahorramas,Minimedia Gipsy 20D Golden Lady Talla U 3 unidades Melon,minimedia gipsy 20d golden lady talla u 3 unidades melon,2.95,https://www.ahorramas.com/hogar/?pmin=0.01&start=0&sz=20,hogar
ahorramas,Ctobillero 15D Golden Lady Talla U 2 unidades Melon,ctobillero 15d golden lady talla u 2 unidades melon,3.45,https://www.ahorramas.com/hogar/?pmin=0.01&start=0&sz=20,hogar
ahorramas,Vaso para bebé Tigex 260ml,vaso para bebe tigex 260ml,7.99,https://www.ahorramas.com/hogar/?pmin=0.01&start=0&sz=20,hogar
ahorramas,Talonera adhesiva gel Achuchonas,talonera adhesiva gel achuchonas,3.20,https://www.ahorramas.com/hogar/?pmin=0.01&start=0&sz=20,hogar
ahorramas,Tenedores ecológicos Betik 15 uds compostables y biodegradables en maíz,tenedores ecologicos betik 15 uds compostables y biodegradables en maiz,1.55,https://www.ahorramas.com/hogar/?pmin=0.01&start=0&sz=20,hogar
ahorramas,Vaso de papel 120 ml kraft Betik 12 uds,vaso de papel 120 ml kraft betik 12 uds,0.80,https://www.ahorramas.com/hogar/?pmin=0.01&start=0&sz=20,hogar
ahorramas,Asador de aluminio Luxe Lifestyle 27cm,asador de aluminio luxe lifestyle 27cm,14.90,https://www.ahorramas.com/hogar/?pmin=0.01&start=0&sz=20,hogar
ahorramas,Plantilla memory Achuchonas con soporte de arco 39-40,plantilla memory achuchonas con soporte de arco 39-40,9.99,https://www.ahorramas.com/hogar/?pmin=0.01&start=0&sz=20,hogar
ahorramas,Repele multiinsectos vaporizador spray Autan 100 ml,repele multiinsectos vaporizador spray autan 100 ml,8.65,https://www.ahorramas.com/hogar/?pmin=0.01&start=0&sz=20,hogar
ahorramas,Recambio de difusor automático Active Fresh campo de lavanda Air Wick 228ml,recambio de difusor automatico active fresh campo de lavanda air wick 228ml,5.99,https://www.ahorramas.com/hogar/?pmin=0.01&start=0&sz=20,hogar
ahorramas,Marcador Fluorescente Stabilo Boss Amarillo,marcador fluorescente stabilo boss amarillo,2.15,https://www.ahorramas.com/hogar/?pmin=0.01&start=0&sz=20,hogar
ahorramas,Calcetín Algodón Hombre Golden Lady Talla G Negro,calcetin algodon hombre golden lady talla g negro,4.50,https://www.ahorramas.com/hogar/?pmin=0.01&start=0&sz=20,hogar
ahorramas,Minimedia Gipsy 20D Golden Lady Talla Única 3 unidades Scala,minimedia gipsy 20d golden lady talla unica 3 unidades scala,2.95,https://www.ahorramas.com/hogar/?pmin=0.01&start=0&sz=20,hogar
ahorramas,Sonajero bebé Tigex bolas,sonajero bebe tigex bolas,5.95,https://www.ahorramas.com/hogar/?pmin=0.01&start=0&sz=20,hogar
ahorramas,Cazo freidorda Lifestyle,cazo freidorda lifestyle,12.90,https://www.ahorramas.com/hogar/?pmin=0.01&start=0&sz=20,hogar
ahorramas,"Pila Superalkaline Tm AAa 1,5v 4 uds","pila superalkaline tm aaa 1,5v 4 uds",0.85,https://www.ahorramas.com/hogar/?pmin=0.01&start=0&sz=20,hogar
ahorramas,Palo barbacoa brocheta betik 100 unidades abedul,palo barbacoa brocheta betik 100 unidades abedul,1.50,https://www.ahorramas.com/hogar/?pmin=0.01&start=0&sz=20,hogar
ahorramas,Pila Superalcalina Tm 2 uds lr14,pila superalcalina tm 2 uds lr14,1.99,https://www.ahorramas.com/hogar/?pmin=0.01&start=0&sz=20,hogar
ahorramas,Recipiente hermético de plástico Sp-Berner 680 ml Rectangular,recipiente hermetico de plastico sp-berner 680 ml rectangular,2.85,https://www.ahorramas.com/hogar/?pmin=0.01&start=0&sz=20,hogar
ahorramas,Sartén de aluminio Life Luxe 28cm,sarten de aluminio life luxe 28cm,13.90,https://www.ahorramas.com/hogar/?pmin=0.01&start=0&sz=20,hogar
ahorramas,Sacacorchos Happy Friends,sacacorchos happy friends,4.75,https://www.ahorramas.com/hogar/?pmin=0.01&start=0&sz=20,hogar
ahorramas,Plantilla de gel descanso Achuchonas talla 41-48,plantilla de gel descanso achuchonas talla 41-48,7.90,https://www.ahorramas.com/hogar/?pmin=0.01&start=0&sz=20,hogar
ahorramas,Pila super alcalina Tm 6LR61 9V,pila super alcalina tm 6lr61 9v,1.50,https://www.ahorramas.com/hogar/?pmin=0.01&start=0&sz=20,hogar
ahorramas,Plato Tigex para el microondas desde seis meses,plato tigex para el microondas desde seis meses,6.75,https://www.ahorramas.com/hogar/?pmin=0.01&start=0&sz=20,hogar
ahorramas,Flaneras de aluminio Lanta 12 uds,flaneras de aluminio lanta 12 uds,1.80,https://www.ahorramas.com/hogar/?pmin=0.01&start=0&sz=20,hogar
ahorramas,Encendedor de cocina Tm,encendedor de cocina tm,2.59,https://www.ahorramas.com/hogar/?pmin=0.01&start=0&sz=20,hogar
ahorramas,Molde de papel Fliss 60 unidades magdalenas,molde de papel fliss 60 unidades magdalenas,0.90,https://www.ahorramas.com/hogar/?pmin=0.01&start=0&sz=20,hogar
ahorramas,Pila boton litio Tm CR2016 3V,pila boton litio tm cr2016 3v,1.35,https://www.ahorramas.com/hogar/?pmin=0.01&start=0&sz=20,hogar
ahorramas,Salvapies Deportivo Golden Lady T-M Blanco,salvapies deportivo golden lady t-m blanco,4.95,https://www.ahorramas.com/hogar/?pmin=0.01&start=0&sz=20,hogar
ahorramas,Encendedor reusable Clipper 3 unidades,encendedor reusable clipper 3 unidades,2.50,https://www.ahorramas.com/hogar/?pmin=0.01&start=0&sz=20,hogar
ahorramas,Panty My Secret 20D Golden Lady Talla Xl Negro,panty my secret 20d golden lady talla xl negro,5.95,https://www.ahorramas.com/hogar/?pmin=0.01&start=0&sz=20,hogar
ahorramas,Calcetín Hilo Hombre Golden Lady Talla M Negro,calcetin hilo hombre golden lady talla m negro,4.95,https://www.ahorramas.com/hogar/?pmin=0.01&start=0&sz=20,hogar
ahorramas,Panty Magic 15D Golden Lady Talla M Negro,panty magic 15d golden lady talla m negro,2.95,https://www.ahorramas.com/hogar/?pmin=0.01&start=0&sz=20,hogar
ahorramas,Cuchara de silicona Tigex blanda desde 4 meses,cuchara de silicona tigex blanda desde 4 meses,3.99,https://www.ahorramas.com/hogar/?pmin=0.01&start=0&sz=20,hogar
ahorramas,Cinta adhesiva Carioca 2 uds,cinta adhesiva carioca 2 uds,0.99,https://www.ahorramas.com/hogar/?pmin=0.01&start=0&sz=20,hogar
ahorramas,Ambientador eléctrico Airwick Aparato+Recambio Nenuco,ambientador electrico airwick aparato+recambio nenuco,6.99,https://www.ahorramas.com/hogar/?pmin=0.01&start=0&sz=20,hogar
ahorramas,Panty my secret 20D Golden Lady Talla L Negro,panty my secret 20d golden lady talla l negro,5.95,https://www.ahorramas.com/hogar/?pmin=0.01&start=0&sz=20,hogar
ahorramas,Bandeja cartón+blonda de papel Fliss 4 uds redonda,bandeja carton+blonda de papel fliss 4 uds redonda,2.00,https://www.ahorramas.com/hogar/?pmin=0.01&start=0&sz=20,hogar
ahorramas,Plantillas Achuchonas 40-45 Memory Work,plantillas achuchonas 40-45 memory work,7.99,https://www.ahorramas.com/hogar/?pmin=0.01&start=0&sz=20,hogar
ahorramas,Plantilla sport Achuchonas talla 35-42,plantilla sport achuchonas talla 35-42,6.35,https://www.ahorramas.com/hogar/?pmin=0.01&start=0&sz=20,hogar
ahorramas,Mantillo 50 litros Powerplant,mantillo 50 litros powerplant,5.95,https://www.ahorramas.com/hogar/?pmin=0.01&start=0&sz=20,hogar
ahorramas,Bolsas para asar Lanta 12 uds,bolsas para asar lanta 12 uds,1.65,https://www.ahorramas.com/hogar/?pmin=0.01&start=0&sz=20,hogar
ahorramas,Bombilla Led esférica e27 plástico TM g45 6W fría,bombilla led esferica e27 plastico tm g45 6w fria,2.99,https://www.ahorramas.com/hogar/?pmin=0.01&start=0&sz=20,hogar
ahorramas,Babero Tigex Minnie,babero tigex minnie,5.95,https://www.ahorramas.com/hogar/?pmin=0.01&start=0&sz=20,hogar
ahorramas,Bombilla Led estandar e27 plástico TM a60 10W fría,bombilla led estandar e27 plastico tm a60 10w fria,3.99,https://www.ahorramas.com/hogar/?pmin=0.01&start=0&sz=20,hogar
ahorramas,Tobillero 20D Golden Lady T-U 2U Negro,tobillero 20d golden lady t-u 2u negro,3.95,https://www.ahorramas.com/hogar/?pmin=0.01&start=0&sz=20,hogar
ahorramas,Plantilla De Gel Líquido Achuchonas Talla 36-39,plantilla de gel liquido achuchonas talla 36-39,5.50,https://www.ahorramas.com/hogar/?pmin=0.01&start=0&sz=20,hogar
ahorramas,Salvapies algodón Golden Lady T-G 2 unidades Natural,salvapies algodon golden lady t-g 2 unidades natural,6.95,https://www.ahorramas.com/hogar/?pmin=0.01&start=0&sz=20,hogar
ahorramas,Panty Goldenergy 40D Golden Lady Talla M Melón,panty goldenergy 40d golden lady talla m melon,5.95,https://www.ahorramas.com/hogar/?pmin=0.01&start=0&sz=20,hogar
ahorramas,Panty Magic 15D Golden Lady Talla G Scala,panty magic 15d golden lady talla g scala,2.95,https://www.ahorramas.com/hogar/?pmin=0.01&start=0&sz=20,hogar
ahorramas,Plantilla Memory Work Achuchonas Talla 36-40,plantilla memory work achuchonas talla 36-40,7.99,https://www.ahorramas.com/hogar/?pmin=0.01&start=0&sz=20,hogar
ahorramas,Cañas de papel Betik 48 uds rectas surtido de cuatro colores,canas de papel betik 48 uds rectas surtido de cuatro colores,1.15,https://www.ahorramas.com/hogar/?pmin=0.01&start=0&sz=20,hogar
ahorramas,Plantilla de gel descanso Achuchonas talla 35-42,plantilla de gel descanso achuchonas talla 35-42,7.90,https://www.ahorramas.com/hogar/?pmin=0.01&start=0&sz=20,hogar
ahorramas,Cepillo para la ropa,cepillo para la ropa,1.99,https://www.ahorramas.com/hogar/?pmin=0.01&start=0&sz=20,hogar
ahorramas,Insecticida cebo Cucal trampa 6 uds,insecticida cebo cucal trampa 6 uds,6.15,https://www.ahorramas.com/hogar/?pmin=0.01&start=0&sz=20,hogar
ahorramas,Vaso carton Decorata Party 8 Unidades Futbol 200 ml,vaso carton decorata party 8 unidades futbol 200 ml,1.99,https://www.ahorramas.com/hogar/?pmin=0.01&start=0&sz=20,hogar
ahorramas,Repelente Spray Bloom Derm Loción Tropical 100ml,repelente spray bloom derm locion tropical 100ml,7.15,https://www.ahorramas.com/hogar/?pmin=0.01&start=0&sz=20,hogar
ahorramas,Ambientador neutralizador olores Lanta cubo de basura,ambientador neutralizador olores lanta cubo de basura,1.85,https://www.ahorramas.com/hogar/?pmin=0.01&start=0&sz=20,hogar
ahorramas,Fósforos extra largos Magic Pack 3,fosforos extra largos magic pack 3,2.35,https://www.ahorramas.com/hogar/?pmin=0.01&start=0&sz=20,hogar
ahorramas,"Fuente rectangular Arc 35x22cm 2,6l","fuente rectangular arc 35x22cm 2,6l",7.50,https://www.ahorramas.com/hogar/?pmin=0.01&start=0&sz=20,hogar
ahorramas,Cordón deportivo Achuchonas 2x60cm blanco,cordon deportivo achuchonas 2x60cm blanco,1.40,https://www.ahorramas.com/hogar/?pmin=0.01&start=0&sz=20,hogar
ahorramas,Bolsas multiusos Albal 12 uds medianas con cierre de cremallera,bolsas multiusos albal 12 uds medianas con cierre de cremallera,2.69,https://www.ahorramas.com/hogar/?pmin=0.01&start=0&sz=20,hogar
ahorramas,Pinzas de ropa Betik 12 uds plástico,pinzas de ropa betik 12 uds plastico,1.39,https://www.ahorramas.com/hogar/?pmin=0.01&start=0&sz=20,hogar
ahorramas,"Bandeja de aluminio Lanta 0,5l pack5","bandeja de aluminio lanta 0,5l pack5",1.75,https://www.ahorramas.com/hogar/?pmin=0.01&start=0&sz=20,hogar
ahorramas,Sartén freidora Lifestyle 24cm,sarten freidora lifestyle 24cm,16.90,https://www.ahorramas.com/hogar/?pmin=0.01&start=0&sz=20,hogar
ahorramas,Colgador antipolillas Lanta pack-2 lavanda,colgador antipolillas lanta pack-2 lavanda,1.35,https://www.ahorramas.com/hogar/?pmin=0.01&start=0&sz=20,hogar
ahorramas,Repele mosquitos spray Autan 100 ml Care,repele mosquitos spray autan 100 ml care,8.65,https://www.ahorramas.com/hogar/?pmin=0.01&start=0&sz=20,hogar
ahorramas,Tetina látex Tigex pack 2 base ancha desde 6meses,tetina latex tigex pack 2 base ancha desde 6meses,4.50,https://www.ahorramas.com/hogar/?pmin=0.01&start=0&sz=20,hogar
ahorramas,Dosificador de leche en polvo Tigex 4 dosis apto para el lavavajillas,dosificador de leche en polvo tigex 4 dosis apto para el lavavajillas,6.95,https://www.ahorramas.com/hogar/?pmin=0.01&start=0&sz=20,hogar
ahorramas,Tartera de aluminio Lanta 1l pack 3,tartera de aluminio lanta 1l pack 3,2.00,https://www.ahorramas.com/hogar/?pmin=0.01&start=0&sz=20,hogar
ahorramas,Velón ofrenda Luminum rojo,velon ofrenda luminum rojo,1.20,https://www.ahorramas.com/hogar/?pmin=0.01&start=0&sz=20,hogar
ahorramas,Calcetín Tobillero Licra Golden Lady 15D 2U Negro,calcetin tobillero licra golden lady 15d 2u negro,3.95,https://www.ahorramas.com/hogar/?pmin=0.01&start=0&sz=20,hogar
ahorramas,Panty Magic 15D Golden Lady Talla G Negro,panty magic 15d golden lady talla g negro,2.95,https://www.ahorramas.com/hogar/?pmin=0.01&start=0&sz=20,hogar
ahorramas,Salvapies deportivo Golden Lady Talla M Negro,salvapies deportivo golden lady talla m negro,4.95,https://www.ahorramas.com/hogar/?pmin=0.01&start=0&sz=20,hogar
ahorramas,Panty My Secret 20D Golden Lady Talla Mediana Melon,panty my secret 20d golden lady talla mediana melon,5.95,https://www.ahorramas.com/hogar/?pmin=0.01&start=0&sz=20,hogar
ahorramas,Panty My Secret 20D Golden Lady Talla G Melon,panty my secret 20d golden lady talla g melon,5.95,https://www.ahorramas.com/hogar/?pmin=0.01&start=0&sz=20,hogar
ahorramas,Plantilla modelo memory antiolor Achuchonas talla 39-40,plantilla modelo memory antiolor achuchonas talla 39-40,7.99,https://www.ahorramas.com/hogar/?pmin=0.01&start=0&sz=20,hogar
ahorramas,Plantilla memory Achuchonas con soporte de arco 41-42,plantilla memory achuchonas con soporte de arco 41-42,9.99,https://www.ahorramas.com/hogar/?pmin=0.01&start=0&sz=20,hogar
ahorramas,Velón ofrenda Luminum blanco,velon ofrenda luminum blanco,1.20,https://www.ahorramas.com/hogar/?pmin=0.01&start=0&sz=20,hogar
ahorramas,Pila alkaline Power Energizer 12 unidades AAA lr03,pila alkaline power energizer 12 unidades aaa lr03,8.95,https://www.ahorramas.com/hogar/?pmin=0.01&start=0&sz=20,hogar
ahorramas,Repelente spray Autan 100ml activo,repelente spray autan 100ml activo,8.65,https://www.ahorramas.com/hogar/?pmin=0.01&start=0&sz=20,hogar
ahorramas,Bolsas Antipolillas Aroma a Lavanda Fresca Orion - Bolsa de 20uds,bolsas antipolillas aroma a lavanda fresca orion - bolsa de 20uds,2.95,https://www.ahorramas.com/hogar/?pmin=0.01&start=0&sz=20,hogar
ahorramas,Pila Energizer AA lr06 6+2 uds,pila energizer aa lr06 6+2 uds,6.25,https://www.ahorramas.com/hogar/?pmin=0.01&start=0&sz=20,hogar
ahorramas,Insecticida electrico aparato + recambio Bloom para mosquitos,insecticida electrico aparato + recambio bloom para mosquitos,8.65,https://www.ahorramas.com/hogar/?pmin=0.01&start=0&sz=20,hogar
ahorramas,Plantilla memory transpirable Achuchonas talla 25-46,plantilla memory transpirable achuchonas talla 25-46,6.95,https://www.ahorramas.com/hogar/?pmin=0.01&start=0&sz=20,hogar
ahorramas,Recambio eléctrico flor de cerezo & frambuesa Air Wick 19ml,recambio electrico flor de cerezo & frambuesa air wick 19ml,4.49,https://www.ahorramas.com/hogar/?pmin=0.01&start=0&sz=20,hogar
ahorramas,Marcador Fluorescente Stabilo Boss 4 Unidades Pastel,marcador fluorescente stabilo boss 4 unidades pastel,5.99,https://www.ahorramas.com/hogar/?pmin=0.01&start=0&sz=20,hogar
ahorramas,Papel De Regalo Kraft Básika 70X200,papel de regalo kraft basika 70x200,0.80,https://www.ahorramas.com/hogar/?pmin=0.01&start=0&sz=20,hogar
ahorramas,Encendedor clipper Minitube,encendedor clipper minitube,1.95,https://www.ahorramas.com/hogar/?pmin=0.01&start=0&sz=20,hogar
ahorramas,Antipolillas de pinza Orion 3+1 unidades lavanda,antipolillas de pinza orion 3+1 unidades lavanda,3.99,https://www.ahorramas.com/hogar/?pmin=0.01&start=0&sz=20,hogar
ahorramas,Tobillero 20D Golden Lady Talla U 2 unidades Melon,tobillero 20d golden lady talla u 2 unidades melon,3.95,https://www.ahorramas.com/hogar/?pmin=0.01&start=0&sz=20,hogar
ahorramas,Hermético c/válvula Quid 64cl rectangular,hermetico c/valvula quid 64cl rectangular,3.95,https://www.ahorramas.com/hogar/?pmin=0.01&start=0&sz=20,hogar
ahorramas,Papel de regalo infantil rollo 70x200cm,papel de regalo infantil rollo 70x200cm,0.80,https://www.ahorramas.com/hogar/?pmin=0.01&start=0&sz=20,hogar
ahorramas,Pila Superalcalina Tm 2 uds lr20,pila superalcalina tm 2 uds lr20,1.99,https://www.ahorramas.com/hogar/?pmin=0.01&start=0&sz=20,hogar
ahorramas,Antihumedad Sec 2000 recambio,antihumedad sec 2000 recambio,2.00,https://www.ahorramas.com/hogar/?pmin=0.01&start=0&sz=20,hogar
ahorramas,Recambio eléctrico campo de lavanda Air Wick 19ml,recambio electrico campo de lavanda air wick 19ml,4.49,https://www.ahorramas.com/hogar/?pmin=0.01&start=0&sz=20,hogar
ahorramas,Pastillas de dncendido Ya! 48 unidades,pastillas de dncendido ya! 48 unidades,1.10,https://www.ahorramas.com/hogar/?pmin=0.01&start=0&sz=20,hogar
ahorramas,Cordón de zapato Achuchonas 2x75cm negro,cordon de zapato achuchonas 2x75cm negro,1.40,https://www.ahorramas.com/hogar/?pmin=0.01&start=0&sz=20,hogar
ahorramas,Cordones Achuchonas negro 160 cm,cordones achuchonas negro 160 cm,1.40,https://www.ahorramas.com/hogar/?pmin=0.01&start=0&sz=20,hogar
ahorramas,Cordones planos Achuchonas negros 110 cm,cordones planos achuchonas negros 110 cm,1.20,https://www.ahorramas.com/hogar/?pmin=0.01&start=0&sz=20,hogar
ahorramas,Repele mosquitos spray Autan 25 ml No+Pick,repele mosquitos spray autan 25 ml no+pick,8.65,https://www.ahorramas.com/hogar/?pmin=0.01&start=0&sz=20,hogar
ahorramas,Insecticida pulsera perfumada citronella Lumar Talla S,insecticida pulsera perfumada citronella lumar talla s,1.50,https://www.ahorramas.com/hogar/?pmin=0.01&start=0&sz=20,hogar
ahorramas,Bombilla Led esférica e27 plástico TM a65 15W cálida,bombilla led esferica e27 plastico tm a65 15w calida,3.99,https://www.ahorramas.com/hogar/?pmin=0.01&start=0&sz=20,hogar
ahorramas,Bombilla Led esférica e27 plástico TM a65 15W fría,bombilla led esferica e27 plastico tm a65 15w fria,3.99,https://www.ahorramas.com/hogar/?pmin=0.01&start=0&sz=20,hogar
ahorramas,Bombilla Led esférica e27 plástico TM g45 6W cálida,bombilla led esferica e27 plastico tm g45 6w calida,2.99,https://www.ahorramas.com/hogar/?pmin=0.01&start=0&sz=20,hogar
ahorramas,Bombilla Led vela e14 filamento TM c35 6W cálida,bombilla led vela e14 filamento tm c35 6w calida,3.99,https://www.ahorramas.com/hogar/?pmin=0.01&start=0&sz=20,hogar
ahorramas,Pila botón litio Tm CR2025 3V,pila boton litio tm cr2025 3v,1.35,https://www.ahorramas.com/hogar/?pmin=0.01&start=0&sz=20,hogar
ahorramas,Biberón Tigex 0-6 meses 300ml control de temperatura,biberon tigex 0-6 meses 300ml control de temperatura,6.95,https://www.ahorramas.com/hogar/?pmin=0.01&start=0&sz=20,hogar
ahorramas,Calcetín Tobillero Deportivo Golden Lady Talla S-M Negro,calcetin tobillero deportivo golden lady talla s-m negro,4.95,https://www.ahorramas.com/hogar/?pmin=0.01&start=0&sz=20,hogar
ahorramas,Minimedia Active 15D Golden Lady 2 Unidades Negro,minimedia active 15d golden lady 2 unidades negro,4.95,https://www.ahorramas.com/hogar/?pmin=0.01&start=0&sz=20,hogar
ahorramas,Vela 3 mechas Aromatium caramel+toffee,vela 3 mechas aromatium caramel+toffee,4.95,https://www.ahorramas.com/hogar/?pmin=0.01&start=0&sz=20,hogar
ahorramas,Carbón Los Rivera 3kg encina,carbon los rivera 3kg encina,4.99,https://www.ahorramas.com/hogar/?pmin=0.01&start=0&sz=20,hogar
ahorramas,Calcetín Algodón Hombre Golden Lady Talla M Negro,calcetin algodon hombre golden lady talla m negro,4.50,https://www.ahorramas.com/hogar/?pmin=0.01&start=0&sz=20,hogar
ahorramas,Minimedia Support 40D Golden Lady Talla-U 2U Melon,minimedia support 40d golden lady talla-u 2u melon,4.50,https://www.ahorramas.com/hogar/?pmin=0.01&start=0&sz=20,hogar
ahorramas,Salvapies deportivo Golden Lady Talla L Negro,salvapies deportivo golden lady talla l negro,4.95,https://www.ahorramas.com/hogar/?pmin=0.01&start=0&sz=20,hogar
ahorramas,Salvapies deportivo Golden Lady Talla M Gris,salvapies deportivo golden lady talla m gris,4.95,https://www.ahorramas.com/hogar/?pmin=0.01&start=0&sz=20,hogar
ahorramas,Panty my secret 20D Golden Lady Talla M Negro,panty my secret 20d golden lady talla m negro,5.95,https://www.ahorramas.com/hogar/?pmin=0.01&start=0&sz=20,hogar
ahorramas,Minimedia Activ 15D Golden Lady Talla U 2 unidades Daino,minimedia activ 15d golden lady talla u 2 unidades daino,3.45,https://www.ahorramas.com/hogar/?pmin=0.01&start=0&sz=20,hogar
ahorramas,Plantilla modelo carbón bicolor Achuchonas 2x1 talla 33-45,plantilla modelo carbon bicolor achuchonas 2x1 talla 33-45,3.99,https://www.ahorramas.com/hogar/?pmin=0.01&start=0&sz=20,hogar
ahorramas,Cordón para zapato achuchonas 2x75cm marrón,cordon para zapato achuchonas 2x75cm marron,1.40,https://www.ahorramas.com/hogar/?pmin=0.01&start=0&sz=20,hogar
ahorramas,Bandeja de aluminio Lanta 1l pack3,bandeja de aluminio lanta 1l pack3,2.00,https://www.ahorramas.com/hogar/?pmin=0.01&start=0&sz=20,hogar
ahorramas,Sartén de aluminio Life Luxe 22cm,sarten de aluminio life luxe 22cm,10.90,https://www.ahorramas.com/hogar/?pmin=0.01&start=0&sz=20,hogar
ahorramas,Sartén de aluminio Life Luxe 24cm,sarten de aluminio life luxe 24cm,11.90,https://www.ahorramas.com/hogar/?pmin=0.01&start=0&sz=20,hogar
ahorramas,Ambientador de coche Ambipur flores elegantes,ambientador de coche ambipur flores elegantes,3.99,https://www.ahorramas.com/hogar/?pmin=0.01&start=0&sz=20,hogar
ahorramas,Tupper hermético de vidrio cuadrado Quid 80cl astral,tupper hermetico de vidrio cuadrado quid 80cl astral,5.25,https://www.ahorramas.com/hogar/?pmin=0.01&start=0&sz=20,hogar
ahorramas,Insecticida trampa Casa Jardín pack 3 para polillas,insecticida trampa casa jardin pack 3 para polillas,3.00,https://www.ahorramas.com/hogar/?pmin=0.01&start=0&sz=20,hogar
ahorramas,Cucharilla Inox Betik 6U 110M,cucharilla inox betik 6u 110m,1.50,https://www.ahorramas.com/hogar/?pmin=0.01&start=0&sz=20,hogar
ahorramas,Plantilla Aloe Carbón activo Achuchonas Talla 33/45,plantilla aloe carbon activo achuchonas talla 33/45,3.65,https://www.ahorramas.com/hogar/?pmin=0.01&start=0&sz=20,hogar
ahorramas,Plantilla modelo almohadilla gel extrafina Achuchonas,plantilla modelo almohadilla gel extrafina achuchonas,3.75,https://www.ahorramas.com/hogar/?pmin=0.01&start=0&sz=20,hogar
ahorramas,Cucharillas ecológicas Betik 15 uds compostables y biodegradables en maíz,cucharillas ecologicas betik 15 uds compostables y biodegradables en maiz,1.45,https://www.ahorramas.com/hogar/?pmin=0.01&start=0&sz=20,hogar
ahorramas,Insecticida líquido Lanta 500ml,insecticida liquido lanta 500ml,2.75,https://www.ahorramas.com/hogar/?pmin=0.01&start=0&sz=20,hogar
ahorramas,Bombilla Led esférica e14 plástico TM p45 6W fría,bombilla led esferica e14 plastico tm p45 6w fria,2.99,https://www.ahorramas.com/hogar/?pmin=0.01&start=0&sz=20,hogar
ahorramas,Bombilla Led Dicroica gu10 TM 7W calida,bombilla led dicroica gu10 tm 7w calida,2.99,https://www.ahorramas.com/hogar/?pmin=0.01&start=0&sz=20,hogar
ahorramas,Bolsa reciclada RPET Ahorramas,bolsa reciclada rpet ahorramas,1.99,https://www.ahorramas.com/hogar/?pmin=0.01&start=0&sz=20,hogar
ahorramas,Sartén de aluminio forjado Lifestyle 26cm profunda,sarten de aluminio forjado lifestyle 26cm profunda,17.90,https://www.ahorramas.com/hogar/?pmin=0.01&start=0&sz=20,hogar
ahorramas,Guantes de jardinería Sanicen talla pequeña,guantes de jardineria sanicen talla pequena,1.99,https://www.ahorramas.com/hogar/?pmin=0.01&start=0&sz=20,hogar
ahorramas,Bombilla Led Dicroica GU10 TM 7W Fría,bombilla led dicroica gu10 tm 7w fria,2.99,https://www.ahorramas.com/hogar/?pmin=0.01&start=0&sz=20,hogar
ahorramas,Panty Goldenergy 40D Golden Lady Talla G Melon,panty goldenergy 40d golden lady talla g melon,5.95,https://www.ahorramas.com/hogar/?pmin=0.01&start=0&sz=20,hogar
ahorramas,Salvapies Algodón Golden Lady T-M 2U Natural,salvapies algodon golden lady t-m 2u natural,6.95,https://www.ahorramas.com/hogar/?pmin=0.01&start=0&sz=20,hogar
ahorramas,Salvapies deportivo Golden Lady Talla L Blanco,salvapies deportivo golden lady talla l blanco,4.95,https://www.ahorramas.com/hogar/?pmin=0.01&start=0&sz=20,hogar
ahorramas,Panty my secret 20D Golden Lady Talla XL Melon,panty my secret 20d golden lady talla xl melon,5.95,https://www.ahorramas.com/hogar/?pmin=0.01&start=0&sz=20,hogar
ahorramas,Panty Magic 15D Golden Lady Talla M Scala,panty magic 15d golden lady talla m scala,2.95,https://www.ahorramas.com/hogar/?pmin=0.01&start=0&sz=20,hogar
ahorramas,Salvapies deportivo Golden Lady Talla L Gris,salvapies deportivo golden lady talla l gris,4.95,https://www.ahorramas.com/hogar/?pmin=0.01&start=0&sz=20,hogar
ahorramas,Plantilla salvamedias de gel Achuchonas 2 uds talla única,plantilla salvamedias de gel achuchonas 2 uds talla unica,1.99,https://www.ahorramas.com/hogar/?pmin=0.01&start=0&sz=20,hogar
ahorramas,Bolsas para bocadillos Lanta 40 uds,bolsas para bocadillos lanta 40 uds,1.30,https://www.ahorramas.com/hogar/?pmin=0.01&start=0&sz=20,hogar
ahorramas,Pila alcalina Tm high voltage 23A 12V,pila alcalina tm high voltage 23a 12v,1.35,https://www.ahorramas.com/hogar/?pmin=0.01&start=0&sz=20,hogar
ahorramas,Insecticida spray Cucal 400ml para cucarachas y hormigas,insecticida spray cucal 400ml para cucarachas y hormigas,6.65,https://www.ahorramas.com/hogar/?pmin=0.01&start=0&sz=20,hogar
ahorramas,Jeringa insecticida Hormigas 4ml Orion,jeringa insecticida hormigas 4ml orion,4.99,https://www.ahorramas.com/hogar/?pmin=0.01&start=0&sz=20,hogar
ahorramas,Babero Tigex Mickey,babero tigex mickey,5.95,https://www.ahorramas.com/hogar/?pmin=0.01&start=0&sz=20,hogar
ahorramas,Calcetín Tobillero Deportivo Golden Lady Talla L-Xl Negro,calcetin tobillero deportivo golden lady talla l-xl negro,4.95,https://www.ahorramas.com/hogar/?pmin=0.01&start=0&sz=20,hogar
ahorramas,Bolsa de rafia grande,bolsa de rafia grande,0.65,https://www.ahorramas.com/hogar/?pmin=0.01&start=0&sz=20,hogar
ahorramas,Papel de regalo rollo 70x200cm clásico,papel de regalo rollo 70x200cm clasico,0.80,https://www.ahorramas.com/hogar/?pmin=0.01&start=0&sz=20,hogar
ahorramas,Antipolillas gancho Polil pack 2 agua colonia,antipolillas gancho polil pack 2 agua colonia,3.65,https://www.ahorramas.com/hogar/?pmin=0.01&start=0&sz=20,hogar
ahorramas,"Recipiente hermético de plástico Sp-Berner 1,9l Rectangular","recipiente hermetico de plastico sp-berner 1,9l rectangular",3.95,https://www.ahorramas.com/hogar/?pmin=0.01&start=0&sz=20,hogar
ahorramas,Colgador antipolilla Lanta 2 uds ropa limpia,colgador antipolilla lanta 2 uds ropa limpia,1.35,https://www.ahorramas.com/hogar/?pmin=0.01&start=0&sz=20,hogar
ahorramas,Ambientador coche Lanta 6ml frutos secos,ambientador coche lanta 6ml frutos secos,1.85,https://www.ahorramas.com/hogar/?pmin=0.01&start=0&sz=20,hogar
ahorramas,Plantilla paseo Achuchonas talla 37-45,plantilla paseo achuchonas talla 37-45,5.95,https://www.ahorramas.com/hogar/?pmin=0.01&start=0&sz=20,hogar
ahorramas,Pinzas de ropa Betik 24 uds bambú,pinzas de ropa betik 24 uds bambu,0.99,https://www.ahorramas.com/hogar/?pmin=0.01&start=0&sz=20,hogar
ahorramas,Insecticida eléctrico Lanta aparato+recambio mosquitos,insecticida electrico lanta aparato+recambio mosquitos,3.10,https://www.ahorramas.com/hogar/?pmin=0.01&start=0&sz=20,hogar
ahorramas,Recipiente Luminarc 197cl rectangular tapa verde,recipiente luminarc 197cl rectangular tapa verde,6.65,https://www.ahorramas.com/hogar/?pmin=0.01&start=0&sz=20,hogar
ahorramas,Tetina silicona Tigex pack 2 boca ancha desde 6meses,tetina silicona tigex pack 2 boca ancha desde 6meses,3.95,https://www.ahorramas.com/hogar/?pmin=0.01&start=0&sz=20,hogar
ahorramas,Bol Tigex con ventosa para mas de seis meses,bol tigex con ventosa para mas de seis meses,7.95,https://www.ahorramas.com/hogar/?pmin=0.01&start=0&sz=20,hogar
ahorramas,AntiPolilla gancho Polil pack 2 lavanda,antipolilla gancho polil pack 2 lavanda,3.65,https://www.ahorramas.com/hogar/?pmin=0.01&start=0&sz=20,hogar
ahorramas,Calcetín Tobillero Deportivo Golden Lady Talla L-Xl Blanco,calcetin tobillero deportivo golden lady talla l-xl blanco,4.95,https://www.ahorramas.com/hogar/?pmin=0.01&start=0&sz=20,hogar
ahorramas,Escobilla 2 en 1 Tigex,escobilla 2 en 1 tigex,4.99,https://www.ahorramas.com/hogar/?pmin=0.01&start=0&sz=20,hogar
ahorramas,Juguete de baño con chorro Tigex 4 uds Mis Amigos Marinos,juguete de bano con chorro tigex 4 uds mis amigos marinos,6.49,https://www.ahorramas.com/hogar/?pmin=0.01&start=0&sz=20,hogar
ahorramas,Bol de caña de azúcar Betik pack 8 triangular,bol de cana de azucar betik pack 8 triangular,1.15,https://www.ahorramas.com/hogar/?pmin=0.01&start=0&sz=20,hogar
ahorramas,Saco de nylon para legumbres Lifestyle,saco de nylon para legumbres lifestyle,3.39,https://www.ahorramas.com/hogar/?pmin=0.01&start=0&sz=20,hogar
ahorramas,"Ambientador coche Lanta 4,5ml 2 unidades océano","ambientador coche lanta 4,5ml 2 unidades oceano",1.85,https://www.ahorramas.com/hogar/?pmin=0.01&start=0&sz=20,hogar
ahorramas,Tijera de cocina Ibili inoxidable,tijera de cocina ibili inoxidable,3.59,https://www.ahorramas.com/hogar/?pmin=0.01&start=0&sz=20,hogar
ahorramas,Pila alcalina Energizer lr44/A76 2 uds,pila alcalina energizer lr44/a76 2 uds,2.35,https://www.ahorramas.com/hogar/?pmin=0.01&start=0&sz=20,hogar
ahorramas,Repelente spray Derm Bloom 100 ml Aloe,repelente spray derm bloom 100 ml aloe,7.15,https://www.ahorramas.com/hogar/?pmin=0.01&start=0&sz=20,hogar
ahorramas,Difusor automático + recambio 24/7 Active Fresh nenuco Air Wick 228ml,difusor automatico + recambio 24/7 active fresh nenuco air wick 228ml,7.99,https://www.ahorramas.com/hogar/?pmin=0.01&start=0&sz=20,hogar
ahorramas,"Recipiente hermético de plástico Sp-Berner 3,1l Rectangular","recipiente hermetico de plastico sp-berner 3,1l rectangular",4.65,https://www.ahorramas.com/hogar/?pmin=0.01&start=0&sz=20,hogar
ahorramas,Recipiente hermético de plástico Cuadrado Sp-Berner 600ml 5unidades,recipiente hermetico de plastico cuadrado sp-berner 600ml 5unidades,1.99,https://www.ahorramas.com/hogar/?pmin=0.01&start=0&sz=20,hogar
ahorramas,Toallitas bebé Bodyplus 80 uds aloe vera camomila,toallitas bebe bodyplus 80 uds aloe vera camomila,1.65,https://www.ahorramas.com/bebe/?pmin=0.01&start=0&sz=20,bebe
ahorramas,Toallitas bebé Bodyplus aloe pack 3 80 unidades,toallitas bebe bodyplus aloe pack 3 80 unidades,3.25,https://www.ahorramas.com/bebe/?pmin=0.01&start=0&sz=20,bebe
ahorramas,Protector de cama Bodyplus 20 uds,protector de cama bodyplus 20 uds,8.50,https://www.ahorramas.com/bebe/?pmin=0.01&start=0&sz=20,bebe
ahorramas,Toallitas infantiles Dodot 52 uds,toallitas infantiles dodot 52 uds,1.00,https://www.ahorramas.com/bebe/?pmin=0.01&start=0&sz=20,bebe
ahorramas,Toallitas bebé Bodyplus 64 unidades aqua,toallitas bebe bodyplus 64 unidades aqua,1.80,https://www.ahorramas.com/bebe/?pmin=0.01&start=0&sz=20,bebe
ahorramas,Tarro Hero Solo arroz pollo desde 6 meses 235g,tarro hero solo arroz pollo desde 6 meses 235g,1.75,https://www.ahorramas.com/bebe/?pmin=0.01&start=0&sz=20,bebe
ahorramas,Suero fisiológico Senti2 30 monodosis,suero fisiologico senti2 30 monodosis,3.23,https://www.ahorramas.com/bebe/?pmin=0.01&start=0&sz=20,bebe
ahorramas,Tarro Hero Solo verduritas delicias de pavo 235g,tarro hero solo verduritas delicias de pavo 235g,1.75,https://www.ahorramas.com/bebe/?pmin=0.01&start=0&sz=20,bebe
ahorramas,Pañal Dodot sensitive 56 unidades Talla 3,panal dodot sensitive 56 unidades talla 3,16.75,https://www.ahorramas.com/bebe/?pmin=0.01&start=0&sz=20,bebe
ahorramas,Toallitas húmedas infantiles Dodot 6x48u Aqua Pure,toallitas humedas infantiles dodot 6x48u aqua pure,9.99,https://www.ahorramas.com/bebe/?pmin=0.01&start=0&sz=20,bebe
ahorramas,Toallitas bebé Bodyplus 24 unidades de viaje,toallitas bebe bodyplus 24 unidades de viaje,0.75,https://www.ahorramas.com/bebe/?pmin=0.01&start=0&sz=20,bebe
ahorramas,Pañal Dodot sensitive T1 58 unidades,panal dodot sensitive t1 58 unidades,16.75,https://www.ahorramas.com/bebe/?pmin=0.01&start=0&sz=20,bebe
ahorramas,Pañal Dodot sensitive 48 unidades talla 4 (de 9 a 14 kg),panal dodot sensitive 48 unidades talla 4 (de 9 a 14 kg),16.75,https://www.ahorramas.com/bebe/?pmin=0.01&start=0&sz=20,bebe
ahorramas,Preparado fruta bebé Alipende galleta desde 6meses pack 4,preparado fruta bebe alipende galleta desde 6meses pack 4,3.90,https://www.ahorramas.com/bebe/?pmin=0.01&start=0&sz=20,bebe
ahorramas,Preparado 7 frutas Nestlé sin gluten desde 6meses pack 4,preparado 7 frutas nestle sin gluten desde 6meses pack 4,2.85,https://www.ahorramas.com/bebe/?pmin=0.01&start=0&sz=20,bebe
ahorramas,Pañal Bodyplus 90 uds talla 4 9-15kg,panal bodyplus 90 uds talla 4 9-15kg,15.49,https://www.ahorramas.com/bebe/?pmin=0.01&start=0&sz=20,bebe
ahorramas,Leche continuación Nidina 2 Nestlé desde 6meses 800g,leche continuacion nidina 2 nestle desde 6meses 800g,17.95,https://www.ahorramas.com/bebe/?pmin=0.01&start=0&sz=20,bebe
ahorramas,Esponja Bodyplus bebé colores surtidos,esponja bodyplus bebe colores surtidos,0.90,https://www.ahorramas.com/bebe/?pmin=0.01&start=0&sz=20,bebe
ahorramas,Tarro Hero Solo guisantes jamón desde 6meses 235g,tarro hero solo guisantes jamon desde 6meses 235g,1.75,https://www.ahorramas.com/bebe/?pmin=0.01&start=0&sz=20,bebe
ahorramas,Leche crecimiento Puleva peques 3 12-36meses 1l,leche crecimiento puleva peques 3 12-36meses 1l,1.99,https://www.ahorramas.com/bebe/?pmin=0.01&start=0&sz=20,bebe
ahorramas,Tarro de verduritas con pavo Nestlé 190g,tarro de verduritas con pavo nestle 190g,1.44,https://www.ahorramas.com/bebe/?pmin=0.01&start=0&sz=20,bebe
ahorramas,Crema protectora bebé pañal Johnson's 100ml alivio inmediato,crema protectora bebe panal johnson's 100ml alivio inmediato,4.55,https://www.ahorramas.com/bebe/?pmin=0.01&start=0&sz=20,bebe
ahorramas,Tarro Hero Solo verdura merluza desde 8meses 235g,tarro hero solo verdura merluza desde 8meses 235g,1.75,https://www.ahorramas.com/bebe/?pmin=0.01&start=0&sz=20,bebe
ahorramas,Gel de ducha infantil con dosificador Johnson's 750ml dulces sueños,gel de ducha infantil con dosificador johnson's 750ml dulces suenos,3.99,https://www.ahorramas.com/bebe/?pmin=0.01&start=0&sz=20,bebe
ahorramas,Preparado bebé Alipende 3 frutas sin gluten desde 4meses pack 4,preparado bebe alipende 3 frutas sin gluten desde 4meses pack 4,3.90,https://www.ahorramas.com/bebe/?pmin=0.01&start=0&sz=20,bebe
ahorramas,Bastoncillos ecológicos Bel nature 56 uds baby,bastoncillos ecologicos bel nature 56 uds baby,0.90,https://www.ahorramas.com/bebe/?pmin=0.01&start=0&sz=20,bebe
ahorramas,Pouch Alipende frutas manzana pera melocotón 120g,pouch alipende frutas manzana pera melocoton 120g,0.90,https://www.ahorramas.com/bebe/?pmin=0.01&start=0&sz=20,bebe
ahorramas,Alimento infantil Hero Yogurín con plátano y fresa 100g,alimento infantil hero yogurin con platano y fresa 100g,1.00,https://www.ahorramas.com/bebe/?pmin=0.01&start=0&sz=20,bebe
ahorramas,Pouch Nestle happy fruits desde 12meses 110g,pouch nestle happy fruits desde 12meses 110g,1.00,https://www.ahorramas.com/bebe/?pmin=0.01&start=0&sz=20,bebe
ahorramas,Pañales braga Dodot Pants talla 7 +17kg 23 uds,panales braga dodot pants talla 7 +17kg 23 uds,9.55,https://www.ahorramas.com/bebe/?pmin=0.01&start=0&sz=20,bebe
ahorramas,Pañal Dodot Sensitive 58 unidades talla 2,panal dodot sensitive 58 unidades talla 2,16.75,https://www.ahorramas.com/bebe/?pmin=0.01&start=0&sz=20,bebe
ahorramas,Pouch Nestle cool fruits 110g 12meses,pouch nestle cool fruits 110g 12meses,1.00,https://www.ahorramas.com/bebe/?pmin=0.01&start=0&sz=20,bebe
ahorramas,Pañal Bodyplus 80 uds talla 5 13-18kg,panal bodyplus 80 uds talla 5 13-18kg,15.49,https://www.ahorramas.com/bebe/?pmin=0.01&start=0&sz=20,bebe
ahorramas,Papilla Nestlé leche cereales y galleta desde 6 meses,papilla nestle leche cereales y galleta desde 6 meses,2.15,https://www.ahorramas.com/bebe/?pmin=0.01&start=0&sz=20,bebe
ahorramas,Snack para niños Hero puffs de tomate 12g,snack para ninos hero puffs de tomate 12g,0.80,https://www.ahorramas.com/bebe/?pmin=0.01&start=0&sz=20,bebe
ahorramas,Champú infantil Johnson's 500ml gotas brillo,champu infantil johnson's 500ml gotas brillo,4.29,https://www.ahorramas.com/bebe/?pmin=0.01&start=0&sz=20,bebe
ahorramas,Esponja Bodyplus nature,esponja bodyplus nature,1.50,https://www.ahorramas.com/bebe/?pmin=0.01&start=0&sz=20,bebe
ahorramas,Snack eco Hero Solo zanahoria maíz 40g,snack eco hero solo zanahoria maiz 40g,2.49,https://www.ahorramas.com/bebe/?pmin=0.01&start=0&sz=20,bebe
ahorramas,Pañal Dodot talla 7 60 unidades,panal dodot talla 7 60 unidades,20.95,https://www.ahorramas.com/bebe/?pmin=0.01&start=0&sz=20,bebe
ahorramas,Leche infantil en polvo Nativa 1 Nestlé 800g,leche infantil en polvo nativa 1 nestle 800g,11.95,https://www.ahorramas.com/bebe/?pmin=0.01&start=0&sz=20,bebe
ahorramas,Tarro Smileat merluza con verduras 230g,tarro smileat merluza con verduras 230g,2.69,https://www.ahorramas.com/bebe/?pmin=0.01&start=0&sz=20,bebe
ahorramas,Esponja Bodyplus natural,esponja bodyplus natural,3.35,https://www.ahorramas.com/bebe/?pmin=0.01&start=0&sz=20,bebe
ahorramas,Tarrito de Menestra De Verduras con Ternera y Jamón Hero Solo 235g,tarrito de menestra de verduras con ternera y jamon hero solo 235g,1.75,https://www.ahorramas.com/bebe/?pmin=0.01&start=0&sz=20,bebe
ahorramas,Pants de incontinencia Bodyplus 18 uds talla 6,pants de incontinencia bodyplus 18 uds talla 6,6.10,https://www.ahorramas.com/bebe/?pmin=0.01&start=0&sz=20,bebe
ahorramas,Tarro Hero Solo verdura pollo ternera desde 6meses 235g,tarro hero solo verdura pollo ternera desde 6meses 235g,1.75,https://www.ahorramas.com/bebe/?pmin=0.01&start=0&sz=20,bebe
ahorramas,Leche continuación polvo Nativa 2 Nestlé desde 6meses 800g,leche continuacion polvo nativa 2 nestle desde 6meses 800g,11.95,https://www.ahorramas.com/bebe/?pmin=0.01&start=0&sz=20,bebe
ahorramas,Tarro Hero Solo Bio verduras con alubias y ternera 190g,tarro hero solo bio verduras con alubias y ternera 190g,2.49,https://www.ahorramas.com/bebe/?pmin=0.01&start=0&sz=20,bebe
ahorramas,Pañales Dodot 62 unidades talla 4 (de 10 a 15 kg) bebé seco,panales dodot 62 unidades talla 4 (de 10 a 15 kg) bebe seco,17.49,https://www.ahorramas.com/bebe/?pmin=0.01&start=0&sz=20,bebe
ahorramas,Colonia Denenes infantil 600ml muy suave con aceites esenciales naturales,colonia denenes infantil 600ml muy suave con aceites esenciales naturales,3.99,https://www.ahorramas.com/bebe/?pmin=0.01&start=0&sz=20,bebe
ahorramas,Toallitas húmedas infantiles Dodot 208 unidades pack de 4,toallitas humedas infantiles dodot 208 unidades pack de 4,5.49,https://www.ahorramas.com/bebe/?pmin=0.01&start=0&sz=20,bebe
ahorramas,Tarro Hero Solo zanahoria ternera desde 6meses 235g,tarro hero solo zanahoria ternera desde 6meses 235g,1.75,https://www.ahorramas.com/bebe/?pmin=0.01&start=0&sz=20,bebe
ahorramas,Papilla Nestlé 8 cereales galleta desde 6meses 725g,papilla nestle 8 cereales galleta desde 6meses 725g,5.45,https://www.ahorramas.com/bebe/?pmin=0.01&start=0&sz=20,bebe
ahorramas,Postre Nestlé Yogolino plátano desde 6meses pack 4,postre nestle yogolino platano desde 6meses pack 4,2.79,https://www.ahorramas.com/bebe/?pmin=0.01&start=0&sz=20,bebe
ahorramas,Tarro Hero Solo espaguetis 235g pack 2,tarro hero solo espaguetis 235g pack 2,3.79,https://www.ahorramas.com/bebe/?pmin=0.01&start=0&sz=20,bebe
ahorramas,Tarro Smileat pavo con verduras 230g,tarro smileat pavo con verduras 230g,2.69,https://www.ahorramas.com/bebe/?pmin=0.01&start=0&sz=20,bebe
ahorramas,Postre Nestlé Yogolino galleta pack 4,postre nestle yogolino galleta pack 4,3.45,https://www.ahorramas.com/bebe/?pmin=0.01&start=0&sz=20,bebe
ahorramas,Pañal Bodyplus 25 uds talla 6 17-28kg,panal bodyplus 25 uds talla 6 17-28kg,7.16,https://www.ahorramas.com/bebe/?pmin=0.01&start=0&sz=20,bebe
ahorramas,Tarro Hero Solo zanahoria-arroz en caldo 235g,tarro hero solo zanahoria-arroz en caldo 235g,1.75,https://www.ahorramas.com/bebe/?pmin=0.01&start=0&sz=20,bebe
ahorramas,Colonia Nenuco 500 ml,colonia nenuco 500 ml,2.85,https://www.ahorramas.com/bebe/?pmin=0.01&start=0&sz=20,bebe
ahorramas,Leche infantil en polvo Nidina 1 Nestlé 800g,leche infantil en polvo nidina 1 nestle 800g,14.95,https://www.ahorramas.com/bebe/?pmin=0.01&start=0&sz=20,bebe
ahorramas,Alimentación infantil Pouch Hero 100g Sandía/Plátano,alimentacion infantil pouch hero 100g sandia/platano,1.00,https://www.ahorramas.com/bebe/?pmin=0.01&start=0&sz=20,bebe
ahorramas,Pañales braga Dodot Pants talla 5 12-17kg 30 uds,panales braga dodot pants talla 5 12-17kg 30 uds,9.55,https://www.ahorramas.com/bebe/?pmin=0.01&start=0&sz=20,bebe
ahorramas,Pañales braga Dodot Pants talla 4 9-15kg 33 uds,panales braga dodot pants talla 4 9-15kg 33 uds,9.55,https://www.ahorramas.com/bebe/?pmin=0.01&start=0&sz=20,bebe
ahorramas,"Bolsita Hero Solo Manzana, Melón y Plátano 100g","bolsita hero solo manzana, melon y platano 100g",1.00,https://www.ahorramas.com/bebe/?pmin=0.01&start=0&sz=20,bebe
ahorramas,Pañales braga Dodot Pants talla 6 +15kg 27 uds,panales braga dodot pants talla 6 +15kg 27 uds,9.55,https://www.ahorramas.com/bebe/?pmin=0.01&start=0&sz=20,bebe
ahorramas,Tarro Nestlé arroz con pollo 190g desde 6 meses,tarro nestle arroz con pollo 190g desde 6 meses,1.44,https://www.ahorramas.com/bebe/?pmin=0.01&start=0&sz=20,bebe
ahorramas,Pouch Hero Solo naranja plátano pera y galleta 100g,pouch hero solo naranja platano pera y galleta 100g,1.00,https://www.ahorramas.com/bebe/?pmin=0.01&start=0&sz=20,bebe
ahorramas,Tarro de jardinera con ternera Nestlé 190g,tarro de jardinera con ternera nestle 190g,1.44,https://www.ahorramas.com/bebe/?pmin=0.01&start=0&sz=20,bebe
ahorramas,Toallitas húmedas infantiles Dodot aqua 48 uds,toallitas humedas infantiles dodot aqua 48 uds,3.49,https://www.ahorramas.com/bebe/?pmin=0.01&start=0&sz=20,bebe
ahorramas,Pouch Nestlé 4 frutas desde 4meses pack 4,pouch nestle 4 frutas desde 4meses pack 4,3.59,https://www.ahorramas.com/bebe/?pmin=0.01&start=0&sz=20,bebe
ahorramas,Pouch Be Plus eco frutas avena sin gluten 100g,pouch be plus eco frutas avena sin gluten 100g,1.05,https://www.ahorramas.com/bebe/?pmin=0.01&start=0&sz=20,bebe
ahorramas,Pants calzoncillos Huggies Drynites Boys 17-30kg 16 uds,pants calzoncillos huggies drynites boys 17-30kg 16 uds,12.45,https://www.ahorramas.com/bebe/?pmin=0.01&start=0&sz=20,bebe
ahorramas,Papilla crema de arroz Hero Solo 220g,papilla crema de arroz hero solo 220g,3.20,https://www.ahorramas.com/bebe/?pmin=0.01&start=0&sz=20,bebe
ahorramas,Jabon líquido Nenuco 650ml Ultra Suave,jabon liquido nenuco 650ml ultra suave,2.95,https://www.ahorramas.com/bebe/?pmin=0.01&start=0&sz=20,bebe
ahorramas,Tarro Hero Solo menestra cordero crema desde 6meses pack 2,tarro hero solo menestra cordero crema desde 6meses pack 2,2.99,https://www.ahorramas.com/bebe/?pmin=0.01&start=0&sz=20,bebe
ahorramas,Pañales bañador Huggies Little Swimmers 12-18kg 19 uds,panales banador huggies little swimmers 12-18kg 19 uds,11.39,https://www.ahorramas.com/bebe/?pmin=0.01&start=0&sz=20,bebe
ahorramas,Vaso Tigex para microondas desde doce meses,vaso tigex para microondas desde doce meses,3.75,https://www.ahorramas.com/bebe/?pmin=0.01&start=0&sz=20,bebe
ahorramas,Preparado fruta Nestlé manzana plátano sin gluten pack 4,preparado fruta nestle manzana platano sin gluten pack 4,2.85,https://www.ahorramas.com/bebe/?pmin=0.01&start=0&sz=20,bebe
ahorramas,Discos de lactancia Bel Baby 30 uds extra absorbentes,discos de lactancia bel baby 30 uds extra absorbentes,2.50,https://www.ahorramas.com/bebe/?pmin=0.01&start=0&sz=20,bebe
ahorramas,Crema Facial Infantil Seven Kids 50Ml Con Prebióticos Y Vitamina B3 Hipoalergénico,crema facial infantil seven kids 50ml con prebioticos y vitamina b3 hipoalergenico,5.95,https://www.ahorramas.com/bebe/?pmin=0.01&start=0&sz=20,bebe
ahorramas,Pants calzoncillo Huggies Drynites Teen Boys 27-57kg 13 uds,pants calzoncillo huggies drynites teen boys 27-57kg 13 uds,12.45,https://www.ahorramas.com/bebe/?pmin=0.01&start=0&sz=20,bebe
ahorramas,Papilla 8 cereales con cacao Nestlé 725g,papilla 8 cereales con cacao nestle 725g,5.45,https://www.ahorramas.com/bebe/?pmin=0.01&start=0&sz=20,bebe
ahorramas,Biberón silicona Tigex 300ml desde 6 meses,biberon silicona tigex 300ml desde 6 meses,6.10,https://www.ahorramas.com/bebe/?pmin=0.01&start=0&sz=20,bebe
ahorramas,Pouch Be Plus fruta galleta sin gluten 4x120g,pouch be plus fruta galleta sin gluten 4x120g,3.99,https://www.ahorramas.com/bebe/?pmin=0.01&start=0&sz=20,bebe
ahorramas,Pañal Dodot talla 6 66unidades,panal dodot talla 6 66unidades,20.95,https://www.ahorramas.com/bebe/?pmin=0.01&start=0&sz=20,bebe
ahorramas,Tarro Hero solo bio verduras lentejas y pollo 190gr,tarro hero solo bio verduras lentejas y pollo 190gr,2.49,https://www.ahorramas.com/bebe/?pmin=0.01&start=0&sz=20,bebe
ahorramas,Pañales Dodot Activity talla 5 12-17kg 52uds,panales dodot activity talla 5 12-17kg 52uds,28.99,https://www.ahorramas.com/bebe/?pmin=0.01&start=0&sz=20,bebe
ahorramas,Esterilizador de vapor Tigex apto para microondas,esterilizador de vapor tigex apto para microondas,18.95,https://www.ahorramas.com/bebe/?pmin=0.01&start=0&sz=20,bebe
ahorramas,Papilla Nestlé 8 cereales desde 6meses 725g,papilla nestle 8 cereales desde 6meses 725g,5.45,https://www.ahorramas.com/bebe/?pmin=0.01&start=0&sz=20,bebe
ahorramas,Postre Nestlé Yogolino fresa desde 8meses pack 4,postre nestle yogolino fresa desde 8meses pack 4,2.79,https://www.ahorramas.com/bebe/?pmin=0.01&start=0&sz=20,bebe
ahorramas,Calienta biberones Tigex para casa y coche,calienta biberones tigex para casa y coche,39.95,https://www.ahorramas.com/bebe/?pmin=0.01&start=0&sz=20,bebe
ahorramas,Vaso para bebé Tigex 260ml,vaso para bebe tigex 260ml,7.99,https://www.ahorramas.com/bebe/?pmin=0.01&start=0&sz=20,bebe
ahorramas,"Pañales Dodot Activity 58 uds talla 4 , 9kg-14kg,","panales dodot activity 58 uds talla 4 , 9kg-14kg,",28.99,https://www.ahorramas.com/bebe/?pmin=0.01&start=0&sz=20,bebe
ahorramas,Leche crecimiento Puleva peques 3 cereales 12-36meses 1l,leche crecimiento puleva peques 3 cereales 12-36meses 1l,2.09,https://www.ahorramas.com/bebe/?pmin=0.01&start=0&sz=20,bebe
ahorramas,Leche líquida continuación Nativa 2 1l,leche liquida continuacion nativa 2 1l,2.35,https://www.ahorramas.com/bebe/?pmin=0.01&start=0&sz=20,bebe
ahorramas,Colonia Nenuco 1100 ml Fragancia Original,colonia nenuco 1100 ml fragancia original,5.99,https://www.ahorramas.com/bebe/?pmin=0.01&start=0&sz=20,bebe
ahorramas,Agua perfumada Chicco 100ml Natural Sensation,agua perfumada chicco 100ml natural sensation,3.59,https://www.ahorramas.com/bebe/?pmin=0.01&start=0&sz=20,bebe
ahorramas,Pants infantil Bodyplus 22 uds talla 4,pants infantil bodyplus 22 uds talla 4,5.99,https://www.ahorramas.com/bebe/?pmin=0.01&start=0&sz=20,bebe
ahorramas,Pants braguitas Huggies Drynites Girls 17-30kg 16 uds,pants braguitas huggies drynites girls 17-30kg 16 uds,12.45,https://www.ahorramas.com/bebe/?pmin=0.01&start=0&sz=20,bebe
ahorramas,Plato Tigex para el microondas desde seis meses,plato tigex para el microondas desde seis meses,6.75,https://www.ahorramas.com/bebe/?pmin=0.01&start=0&sz=20,bebe
ahorramas,Leche crecimiento en polvo Nativa 3 Nestlé desde 12meses 800g,leche crecimiento en polvo nativa 3 nestle desde 12meses 800g,10.95,https://www.ahorramas.com/bebe/?pmin=0.01&start=0&sz=20,bebe
ahorramas,Cepillo y peine Tigex desde recién nacido,cepillo y peine tigex desde recien nacido,5.25,https://www.ahorramas.com/bebe/?pmin=0.01&start=0&sz=20,bebe
ahorramas,Gel Champú Infantil Seven Kids 400Ml,gel champu infantil seven kids 400ml,5.95,https://www.ahorramas.com/bebe/?pmin=0.01&start=0&sz=20,bebe
ahorramas,Cuchara de silicona Tigex blanda desde 4 meses,cuchara de silicona tigex blanda desde 4 meses,3.99,https://www.ahorramas.com/bebe/?pmin=0.01&start=0&sz=20,bebe
ahorramas,Crema balsamo bebe Instituto Español 150ml cambio de pañal,crema balsamo bebe instituto espanol 150ml cambio de panal,4.50,https://www.ahorramas.com/bebe/?pmin=0.01&start=0&sz=20,bebe
ahorramas,Pañales Dodot 56 unidades talla 5 (de 12-17 kg) bebé seco,panales dodot 56 unidades talla 5 (de 12-17 kg) bebe seco,17.49,https://www.ahorramas.com/bebe/?pmin=0.01&start=0&sz=20,bebe
ahorramas,Pouch Alipende frutas con galleta María 120g,pouch alipende frutas con galleta maria 120g,0.90,https://www.ahorramas.com/bebe/?pmin=0.01&start=0&sz=20,bebe
ahorramas,Preparado lácteo Puleva Peques cereales cacao pack 3,preparado lacteo puleva peques cereales cacao pack 3,1.99,https://www.ahorramas.com/bebe/?pmin=0.01&start=0&sz=20,bebe
ahorramas,Papilla Nestlé crema de arroz sin gluten 180g,papilla nestle crema de arroz sin gluten 180g,2.50,https://www.ahorramas.com/bebe/?pmin=0.01&start=0&sz=20,bebe
ahorramas,Leche crecimiento Nidina 3 Nestlé desde 12meses 800g,leche crecimiento nidina 3 nestle desde 12meses 800g,15.95,https://www.ahorramas.com/bebe/?pmin=0.01&start=0&sz=20,bebe
ahorramas,Tarro Hero Solo frutas 190g,tarro hero solo frutas 190g,1.39,https://www.ahorramas.com/bebe/?pmin=0.01&start=0&sz=20,bebe
ahorramas,Pants braguita Huggies Drynites Teen Girls 27-57kg 13 uds,pants braguita huggies drynites teen girls 27-57kg 13 uds,12.45,https://www.ahorramas.com/bebe/?pmin=0.01&start=0&sz=20,bebe
ahorramas,Pañal Bodyplus 100 uds talla 3 4-10kg,panal bodyplus 100 uds talla 3 4-10kg,15.49,https://www.ahorramas.com/bebe/?pmin=0.01&start=0&sz=20,bebe
ahorramas,Tarro Hero Solo lenguado bechamel desde 8meses 235g,tarro hero solo lenguado bechamel desde 8meses 235g,1.75,https://www.ahorramas.com/bebe/?pmin=0.01&start=0&sz=20,bebe
ahorramas,Tarro Hero Solo multifruta desde 4meses pack 4 100g,tarro hero solo multifruta desde 4meses pack 4 100g,2.69,https://www.ahorramas.com/bebe/?pmin=0.01&start=0&sz=20,bebe
ahorramas,Papilla 8 cerales y galleta Hero Solo 340g,papilla 8 cerales y galleta hero solo 340g,3.90,https://www.ahorramas.com/bebe/?pmin=0.01&start=0&sz=20,bebe
ahorramas,Cinta atachupetes Tigex,cinta atachupetes tigex,5.25,https://www.ahorramas.com/bebe/?pmin=0.01&start=0&sz=20,bebe
ahorramas,Babero Tigex Minnie,babero tigex minnie,5.95,https://www.ahorramas.com/bebe/?pmin=0.01&start=0&sz=20,bebe
ahorramas,Colonia infantil Nenuco spray 240ml,colonia infantil nenuco spray 240ml,3.99,https://www.ahorramas.com/bebe/?pmin=0.01&start=0&sz=20,bebe
ahorramas,Galletas Hero Solo bio 160g,galletas hero solo bio 160g,2.89,https://www.ahorramas.com/bebe/?pmin=0.01&start=0&sz=20,bebe
ahorramas,Chupete Smart Planet Tigex 0-6M 2 unidades,chupete smart planet tigex 0-6m 2 unidades,5.55,https://www.ahorramas.com/bebe/?pmin=0.01&start=0&sz=20,bebe
ahorramas,Alimento Infantil Hero Solo Tarro 190gr Melocotón Y Plátano (Desde +4 Meses),alimento infantil hero solo tarro 190gr melocoton y platano (desde +4 meses),1.39,https://www.ahorramas.com/bebe/?pmin=0.01&start=0&sz=20,bebe
ahorramas,Pouch Hero con manzana plátano y sandía 110g,pouch hero con manzana platano y sandia 110g,1.19,https://www.ahorramas.com/bebe/?pmin=0.01&start=0&sz=20,bebe
ahorramas,Pouch Smileat yogur y frambuesa 9meses 100g,pouch smileat yogur y frambuesa 9meses 100g,1.69,https://www.ahorramas.com/bebe/?pmin=0.01&start=0&sz=20,bebe
ahorramas,Toallitas bebé Bodyplus 80 uds con camomila y algodón,toallitas bebe bodyplus 80 uds con camomila y algodon,1.75,https://www.ahorramas.com/bebe/?pmin=0.01&start=0&sz=20,bebe
ahorramas,Cambiador Bodyplus 20 uds protector multiusos,cambiador bodyplus 20 uds protector multiusos,6.99,https://www.ahorramas.com/bebe/?pmin=0.01&start=0&sz=20,bebe
ahorramas,Pouch bio Be Plus fresa plátano sin gluten 100g,pouch bio be plus fresa platano sin gluten 100g,1.05,https://www.ahorramas.com/bebe/?pmin=0.01&start=0&sz=20,bebe
ahorramas,Gasas higiénicas Bel 100 uds baby,gasas higienicas bel 100 uds baby,1.97,https://www.ahorramas.com/bebe/?pmin=0.01&start=0&sz=20,bebe
ahorramas,Tetina látex Tigex pack 2 base ancha desde 6meses,tetina latex tigex pack 2 base ancha desde 6meses,4.50,https://www.ahorramas.com/bebe/?pmin=0.01&start=0&sz=20,bebe
ahorramas,Dosificador de leche en polvo Tigex 4 dosis apto para el lavavajillas,dosificador de leche en polvo tigex 4 dosis apto para el lavavajillas,6.95,https://www.ahorramas.com/bebe/?pmin=0.01&start=0&sz=20,bebe
ahorramas,Chupete silicona Tigex smart planet 6-18-meses pack 2,chupete silicona tigex smart planet 6-18-meses pack 2,5.55,https://www.ahorramas.com/bebe/?pmin=0.01&start=0&sz=20,bebe
ahorramas,Pants infantil Bodyplus 20 uds talla 5,pants infantil bodyplus 20 uds talla 5,6.10,https://www.ahorramas.com/bebe/?pmin=0.01&start=0&sz=20,bebe
ahorramas,Leche crecimiento Puleva Peques cereales fruta 200ml,leche crecimiento puleva peques cereales fruta 200ml,1.99,https://www.ahorramas.com/bebe/?pmin=0.01&start=0&sz=20,bebe
ahorramas,Leche continuación Puleva peques 2 6-12meses 1l,leche continuacion puleva peques 2 6-12meses 1l,1.99,https://www.ahorramas.com/bebe/?pmin=0.01&start=0&sz=20,bebe
ahorramas,Postre Nestlé Yogolino fresa plátano sin gluten desde 6 meses pack 4,postre nestle yogolino fresa platano sin gluten desde 6 meses pack 4,2.79,https://www.ahorramas.com/bebe/?pmin=0.01&start=0&sz=20,bebe
ahorramas,Alimento infantil Be Plus frutas con cereales pack 2,alimento infantil be plus frutas con cereales pack 2,2.19,https://www.ahorramas.com/bebe/?pmin=0.01&start=0&sz=20,bebe
ahorramas,Pouch Pascual Yogikids fresa plátano pack 2 80g,pouch pascual yogikids fresa platano pack 2 80g,1.88,https://www.ahorramas.com/bebe/?pmin=0.01&start=0&sz=20,bebe
ahorramas,Pouch Smileat zanahoria plátano y pera 6meses 100g,pouch smileat zanahoria platano y pera 6meses 100g,1.69,https://www.ahorramas.com/bebe/?pmin=0.01&start=0&sz=20,bebe
ahorramas,Crema Balsámica Chicco 100ml natural Sensation 4 en 1,crema balsamica chicco 100ml natural sensation 4 en 1,4.99,https://www.ahorramas.com/bebe/?pmin=0.01&start=0&sz=20,bebe
ahorramas,Smilitos fresa plátano Eco 25g Smileat,smilitos fresa platano eco 25g smileat,1.45,https://www.ahorramas.com/bebe/?pmin=0.01&start=0&sz=20,bebe
ahorramas,Tarro Hero solo eco pera manzana desde 4meses 120g,tarro hero solo eco pera manzana desde 4meses 120g,1.50,https://www.ahorramas.com/bebe/?pmin=0.01&start=0&sz=20,bebe
ahorramas,Champú infantil Johnson's 750ml camomila para un cabello brillante,champu infantil johnson's 750ml camomila para un cabello brillante,4.99,https://www.ahorramas.com/bebe/?pmin=0.01&start=0&sz=20,bebe
ahorramas,Leche crecimiento Nestlé junior galleta desde 36 meses 1l,leche crecimiento nestle junior galleta desde 36 meses 1l,2.35,https://www.ahorramas.com/bebe/?pmin=0.01&start=0&sz=20,bebe
ahorramas,Biberón Tigex 0-6 meses 300ml control de temperatura,biberon tigex 0-6 meses 300ml control de temperatura,6.95,https://www.ahorramas.com/bebe/?pmin=0.01&start=0&sz=20,bebe
ahorramas,Postre Nestlé Yogolino natural desde 6meses pack 4,postre nestle yogolino natural desde 6meses pack 4,2.79,https://www.ahorramas.com/bebe/?pmin=0.01&start=0&sz=20,bebe
ahorramas,Chupete silicona Tigex smart planet 18-36-meses pack 2,chupete silicona tigex smart planet 18-36-meses pack 2,5.55,https://www.ahorramas.com/bebe/?pmin=0.01&start=0&sz=20,bebe
ahorramas,Crema facial para bebe Chicco 50ml natural Sensation,crema facial para bebe chicco 50ml natural sensation,4.99,https://www.ahorramas.com/bebe/?pmin=0.01&start=0&sz=20,bebe
ahorramas,Pañal Ninjamas 9U 27-43 kg Pyjama Pants,panal ninjamas 9u 27-43 kg pyjama pants,8.99,https://www.ahorramas.com/bebe/?pmin=0.01&start=0&sz=20,bebe
ahorramas,Leche crecimiento Nestlé junior galleta desde 12meses 1l,leche crecimiento nestle junior galleta desde 12meses 1l,2.35,https://www.ahorramas.com/bebe/?pmin=0.01&start=0&sz=20,bebe
ahorramas,Gel champú infantil acondicionador Seven Kids 750ml,gel champu infantil acondicionador seven kids 750ml,3.95,https://www.ahorramas.com/bebe/?pmin=0.01&start=0&sz=20,bebe
ahorramas,Chupete de silicona Tigex pack 2 desde 18 hasta 36 meses,chupete de silicona tigex pack 2 desde 18 hasta 36 meses,4.95,https://www.ahorramas.com/bebe/?pmin=0.01&start=0&sz=20,bebe
ahorramas,Leche crecimiento Nestlé junior cereales desde 12meses 1l,leche crecimiento nestle junior cereales desde 12meses 1l,2.35,https://www.ahorramas.com/bebe/?pmin=0.01&start=0&sz=20,bebe
ahorramas,Snack Smileat smilitos ecológicos 38g,snack smileat smilitos ecologicos 38g,1.99,https://www.ahorramas.com/bebe/?pmin=0.01&start=0&sz=20,bebe
ahorramas,Papilla Hero Solo 0% 8 cereales desde 6meses 340g,papilla hero solo 0% 8 cereales desde 6meses 340g,3.90,https://www.ahorramas.com/bebe/?pmin=0.01&start=0&sz=20,bebe
ahorramas,Champú infantil Johnson's 750ml baby,champu infantil johnson's 750ml baby,4.99,https://www.ahorramas.com/bebe/?pmin=0.01&start=0&sz=20,bebe
ahorramas,Pouch Hero solo eco frutas desde 4meses 100g,pouch hero solo eco frutas desde 4meses 100g,1.59,https://www.ahorramas.com/bebe/?pmin=0.01&start=0&sz=20,bebe
ahorramas,Chupete silicona Tigex noche 6-18meses pack 2,chupete silicona tigex noche 6-18meses pack 2,4.95,https://www.ahorramas.com/bebe/?pmin=0.01&start=0&sz=20,bebe
ahorramas,Aspirador nasal Tigex de silicona,aspirador nasal tigex de silicona,5.50,https://www.ahorramas.com/bebe/?pmin=0.01&start=0&sz=20,bebe
ahorramas,Galletas infantiles Nestlé 180g,galletas infantiles nestle 180g,3.50,https://www.ahorramas.com/bebe/?pmin=0.01&start=0&sz=20,bebe
ahorramas,Babero Tigex Mickey,babero tigex mickey,5.95,https://www.ahorramas.com/bebe/?pmin=0.01&start=0&sz=20,bebe
ahorramas,Pañales bañador Huggies Little Swimmers 7-15kg 20 uds,panales banador huggies little swimmers 7-15kg 20 uds,11.39,https://www.ahorramas.com/bebe/?pmin=0.01&start=0&sz=20,bebe
ahorramas,Champú Nenuca 500ml suave,champu nenuca 500ml suave,3.99,https://www.ahorramas.com/bebe/?pmin=0.01&start=0&sz=20,bebe
ahorramas,Gel y Champu de baño Bebe Chicco 500ml natural Sensation,gel y champu de bano bebe chicco 500ml natural sensation,5.49,https://www.ahorramas.com/bebe/?pmin=0.01&start=0&sz=20,bebe
ahorramas,Pañal Dodot activity talla 6 48 unidades,panal dodot activity talla 6 48 unidades,28.99,https://www.ahorramas.com/bebe/?pmin=0.01&start=0&sz=20,bebe
ahorramas,Agua de Colonia Bodyplus 750ml infantil,agua de colonia bodyplus 750ml infantil,2.10,https://www.ahorramas.com/bebe/?pmin=0.01&start=0&sz=20,bebe
ahorramas,Pouch Hero manzana y plátano 4x100g,pouch hero manzana y platano 4x100g,4.75,https://www.ahorramas.com/bebe/?pmin=0.01&start=0&sz=20,bebe
ahorramas,Body milk Nenuco 500ml Hidratante Fragancia Original,body milk nenuco 500ml hidratante fragancia original,3.99,https://www.ahorramas.com/bebe/?pmin=0.01&start=0&sz=20,bebe
ahorramas,Tarro Hero Solo frutas variadas desde 4 meses 190g,tarro hero solo frutas variadas desde 4 meses 190g,1.39,https://www.ahorramas.com/bebe/?pmin=0.01&start=0&sz=20,bebe
ahorramas,Tetina silicona Tigex pack 2 boca ancha desde 6meses,tetina silicona tigex pack 2 boca ancha desde 6meses,3.95,https://www.ahorramas.com/bebe/?pmin=0.01&start=0&sz=20,bebe
ahorramas,Bol Tigex con ventosa para mas de seis meses,bol tigex con ventosa para mas de seis meses,7.95,https://www.ahorramas.com/bebe/?pmin=0.01&start=0&sz=20,bebe
ahorramas,Papilla Nestlé 8 cereales miel desde 6meses 725g,papilla nestle 8 cereales miel desde 6meses 725g,5.45,https://www.ahorramas.com/bebe/?pmin=0.01&start=0&sz=20,bebe
ahorramas,Escobilla 2 en 1 Tigex,escobilla 2 en 1 tigex,4.99,https://www.ahorramas.com/bebe/?pmin=0.01&start=0&sz=20,bebe
ahorramas,Pañal Bodyplus 40 unidades Talla 2,panal bodyplus 40 unidades talla 2,6.80,https://www.ahorramas.com/bebe/?pmin=0.01&start=0&sz=20,bebe
ahorramas,Papilla Nestlé multicereales con galleta desde 6meses 255g,papilla nestle multicereales con galleta desde 6meses 255g,3.40,https://www.ahorramas.com/bebe/?pmin=0.01&start=0&sz=20,bebe
ahorramas,Pañal Ninjamas 10uds 4-7años Pyjama Pants,panal ninjamas 10uds 4-7anos pyjama pants,7.99,https://www.ahorramas.com/bebe/?pmin=0.01&start=0&sz=20,bebe
ahorramas,Loción hidratante bebé Instituto Español 300 ml,locion hidratante bebe instituto espanol 300 ml,5.50,https://www.ahorramas.com/bebe/?pmin=0.01&start=0&sz=20,bebe
ahorramas,Arena gato Meque perfumada 5kg,arena gato meque perfumada 5kg,1.70,https://www.ahorramas.com/mascotas/?pmin=0.01&start=0&sz=20,mascotas
ahorramas,Dispensador bolsas Vitakraft 80 unidades,dispensador bolsas vitakraft 80 unidades,1.99,https://www.ahorramas.com/mascotas/?pmin=0.01&start=0&sz=20,mascotas
ahorramas,Comida húmeda gato Meque tarrina rico en salmón 100g,comida humeda gato meque tarrina rico en salmon 100g,0.45,https://www.ahorramas.com/mascotas/?pmin=0.01&start=0&sz=20,mascotas
ahorramas,"Arena Magic Clean Vitakraft classic 3,8l","arena magic clean vitakraft classic 3,8l",3.99,https://www.ahorramas.com/mascotas/?pmin=0.01&start=0&sz=20,mascotas
ahorramas,Arena gato Bentonita 4kg,arena gato bentonita 4kg,3.00,https://www.ahorramas.com/mascotas/?pmin=0.01&start=0&sz=20,mascotas
ahorramas,Alimento completo para gato Meque carne verdura pescado 2kg,alimento completo para gato meque carne verdura pescado 2kg,2.95,https://www.ahorramas.com/mascotas/?pmin=0.01&start=0&sz=20,mascotas
ahorramas,"Alimento completo para gatos con vacuno, pollo y verduras Meque 400g","alimento completo para gatos con vacuno, pollo y verduras meque 400g",1.29,https://www.ahorramas.com/mascotas/?pmin=0.01&start=0&sz=20,mascotas
ahorramas,"Alimento completo para gatos con salmón, trucha y verduras Meque 400g","alimento completo para gatos con salmon, trucha y verduras meque 400g",1.29,https://www.ahorramas.com/mascotas/?pmin=0.01&start=0&sz=20,mascotas
ahorramas,Comida húmeda gato Meque tarrina rico en pollo 100g,comida humeda gato meque tarrina rico en pollo 100g,0.45,https://www.ahorramas.com/mascotas/?pmin=0.01&start=0&sz=20,mascotas
ahorramas,Comida húmeda gato Meque tarrina rico en vacuno 100g,comida humeda gato meque tarrina rico en vacuno 100g,0.45,https://www.ahorramas.com/mascotas/?pmin=0.01&start=0&sz=20,mascotas
ahorramas,Comida húmeda gato Félix gelatina pescado pack 4,comida humeda gato felix gelatina pescado pack 4,1.99,https://www.ahorramas.com/mascotas/?pmin=0.01&start=0&sz=20,mascotas
ahorramas,Snack palitos para perro Meque pollo 200g,snack palitos para perro meque pollo 200g,1.10,https://www.ahorramas.com/mascotas/?pmin=0.01&start=0&sz=20,mascotas
ahorramas,Arena Gato My Cat 5Kg,arena gato my cat 5kg,1.50,https://www.ahorramas.com/mascotas/?pmin=0.01&start=0&sz=20,mascotas
ahorramas,Alimento completo para gatos con atún Meque 85g,alimento completo para gatos con atun meque 85g,0.65,https://www.ahorramas.com/mascotas/?pmin=0.01&start=0&sz=20,mascotas
ahorramas,Comida húmeda perro César pollo 150g,comida humeda perro cesar pollo 150g,1.35,https://www.ahorramas.com/mascotas/?pmin=0.01&start=0&sz=20,mascotas
ahorramas,"Alimento completo para perros con vacuno Meque 1,2kg","alimento completo para perros con vacuno meque 1,2kg",1.50,https://www.ahorramas.com/mascotas/?pmin=0.01&start=0&sz=20,mascotas
ahorramas,Comida húmeda gato Purina carne pack 6,comida humeda gato purina carne pack 6,2.99,https://www.ahorramas.com/mascotas/?pmin=0.01&start=0&sz=20,mascotas
ahorramas,Comida húmeda perro Meque rico en vacuno 300g,comida humeda perro meque rico en vacuno 300g,0.95,https://www.ahorramas.com/mascotas/?pmin=0.01&start=0&sz=20,mascotas
ahorramas,Comida húmeda gato Meque tarrina rico en trucha 100g,comida humeda gato meque tarrina rico en trucha 100g,0.45,https://www.ahorramas.com/mascotas/?pmin=0.01&start=0&sz=20,mascotas
ahorramas,Snack higiene dental perro Dentastix mediano 28 unidades,snack higiene dental perro dentastix mediano 28 unidades,8.99,https://www.ahorramas.com/mascotas/?pmin=0.01&start=0&sz=20,mascotas
ahorramas,"Pienso gato esterilizado Ultima pollo 1,5kg","pienso gato esterilizado ultima pollo 1,5kg",8.50,https://www.ahorramas.com/mascotas/?pmin=0.01&start=0&sz=20,mascotas
ahorramas,"Comida para perros de buey Brekkies Tenderis 2,5kg","comida para perros de buey brekkies tenderis 2,5kg",9.45,https://www.ahorramas.com/mascotas/?pmin=0.01&start=0&sz=20,mascotas
ahorramas,Comida húmeda gato Purina Gourmet mon petit pack 6,comida humeda gato purina gourmet mon petit pack 6,2.99,https://www.ahorramas.com/mascotas/?pmin=0.01&start=0&sz=20,mascotas
ahorramas,Comida húmeda pescado para gatos Gold Gourmet 85g,comida humeda pescado para gatos gold gourmet 85g,0.89,https://www.ahorramas.com/mascotas/?pmin=0.01&start=0&sz=20,mascotas
ahorramas,"Pienso gato Ultima esterilizado salmón 1,5kg","pienso gato ultima esterilizado salmon 1,5kg",8.50,https://www.ahorramas.com/mascotas/?pmin=0.01&start=0&sz=20,mascotas
ahorramas,Snack perro Vitakraft Beef Stick 12g,snack perro vitakraft beef stick 12g,0.65,https://www.ahorramas.com/mascotas/?pmin=0.01&start=0&sz=20,mascotas
ahorramas,Snack gato Vitakraft líquido 6 unidades,snack gato vitakraft liquido 6 unidades,1.99,https://www.ahorramas.com/mascotas/?pmin=0.01&start=0&sz=20,mascotas
ahorramas,Pienso gato Brekkies Deliciuos 900g,pienso gato brekkies deliciuos 900g,4.25,https://www.ahorramas.com/mascotas/?pmin=0.01&start=0&sz=20,mascotas
ahorramas,Comida húmeda gato gelatina Félix sabores pack 12,comida humeda gato gelatina felix sabores pack 12,5.79,https://www.ahorramas.com/mascotas/?pmin=0.01&start=0&sz=20,mascotas
ahorramas,"Alimento completo para gato Meque bolas pelo 1,2kg","alimento completo para gato meque bolas pelo 1,2kg",4.60,https://www.ahorramas.com/mascotas/?pmin=0.01&start=0&sz=20,mascotas
ahorramas,Comida húmeda gato bocaditos Meque verduras pack 4,comida humeda gato bocaditos meque verduras pack 4,1.50,https://www.ahorramas.com/mascotas/?pmin=0.01&start=0&sz=20,mascotas
ahorramas,Alimento completo para gato Meque carne y verdura 2kg,alimento completo para gato meque carne y verdura 2kg,2.95,https://www.ahorramas.com/mascotas/?pmin=0.01&start=0&sz=20,mascotas
ahorramas,Comida húmeda gato Gourmet Gold tarrina pollo 85g,comida humeda gato gourmet gold tarrina pollo 85g,0.89,https://www.ahorramas.com/mascotas/?pmin=0.01&start=0&sz=20,mascotas
ahorramas,Comida húmeda perro Pedigree carne mixta pack 4,comida humeda perro pedigree carne mixta pack 4,3.39,https://www.ahorramas.com/mascotas/?pmin=0.01&start=0&sz=20,mascotas
ahorramas,Comida canario Tucanpez 500g,comida canario tucanpez 500g,1.05,https://www.ahorramas.com/mascotas/?pmin=0.01&start=0&sz=20,mascotas
ahorramas,Snack gato Catisfactions pollo 60g,snack gato catisfactions pollo 60g,1.99,https://www.ahorramas.com/mascotas/?pmin=0.01&start=0&sz=20,mascotas
ahorramas,Snack perro Biscrokg Pedigree 500g,snack perro biscrokg pedigree 500g,2.99,https://www.ahorramas.com/mascotas/?pmin=0.01&start=0&sz=20,mascotas
ahorramas,Snack dental para perro Frolic Smiley Sticks 175gr,snack dental para perro frolic smiley sticks 175gr,1.99,https://www.ahorramas.com/mascotas/?pmin=0.01&start=0&sz=20,mascotas
ahorramas,Comida húmeda gato Meque mousse pollo 85g,comida humeda gato meque mousse pollo 85g,0.65,https://www.ahorramas.com/mascotas/?pmin=0.01&start=0&sz=20,mascotas
ahorramas,Alimento completo para gato junior Meque pollo arroz 400g,alimento completo para gato junior meque pollo arroz 400g,1.99,https://www.ahorramas.com/mascotas/?pmin=0.01&start=0&sz=20,mascotas
